address,time,block,balance,change,tx_hash
0x238a358808379702088667322f80ac48bad5e6c4,1782777600,107153260,-202462766404120383754,202462766404120383754,0xc9dad34d42bd3307bb7f8980014463b8c98a322344e6970150674217fc9e266e
0x238a358808379702088667322f80ac48bad5e6c4,1782777600,107153260,-14011970176135819065,14011970176135819065,0x97560228ab44783775ea10343790b202a5e80d8bcdcef01934cb06279b35bdb2
0x238a358808379702088667322f80ac48bad5e6c4,1782777600,107153260,44416066,44416066,0x2cb7a5c02331ccc5fc2ee5686a05c00df6de25d8ca9e958d70d284b3dd58bfa6
0x238a358808379702088667322f80ac48bad5e6c4,1782777600,107153260,-24135097569951395040,24135097569951395040,0x2cb7a5c02331ccc5fc2ee5686a05c00df6de25d8ca9e958d70d284b3dd58bfa6
0x238a358808379702088667322f80ac48bad5e6c4,1782777600,107153260,1044898029823864180935,1058910000000000000000,0x5cd76c43ac8c6194c209b02a094596721904172f4ab8629af13fc6ec88e1e58b
0x238a358808379702088667322f80ac48bad5e6c4,1782777600,107153260,1124886697064804395753,79988667240940214818,0xc9dad34d42bd3307bb7f8980014463b8c98a322344e6970150674217fc9e266e
0x238a358808379702088667322f80ac48bad5e6c4,1782777600,107153260,-8042713798559235886767,8042713798559235886767,0xb4ead84e59700341bd441d0706bfec8489d18e87ebfd7599ce758d66d97466cc
0x238a358808379702088667322f80ac48bad5e6c4,1782777600,107153260,1123833316121240210797,1053380943564184956,0x2b328e0770d8260ac1a8534904a73e3008c988987d85fc6071a57314280c5279
0x238a358808379702088667322f80ac48bad5e6c4,1782777600,107153260,-9371000662036156094,9371000662036156094,0x2619fcec1960567a57452f8748c67c5162d99d412c30506a8dddcd407e99675d
0x238a358808379702088667322f80ac48bad5e6c4,1782777600,107153260,-199796091899452936060,2666674504667447694,0x2b328e0770d8260ac1a8534904a73e3008c988987d85fc6071a57314280c5279
0x238a358808379702088667322f80ac48bad5e6c4,1782777600,107153260,1133818182423651282797,9984866302411072000,0x2619fcec1960567a57452f8748c67c5162d99d412c30506a8dddcd407e99675d
0x238a358808379702088667322f80ac48bad5e6c4,1782777600,107153260,-1081919386850859167930,1057784289280907772890,0x5cd76c43ac8c6194c209b02a094596721904172f4ab8629af13fc6ec88e1e58b
0x238a358808379702088667322f80ac48bad5e6c4,1782777600,107153260,1340783681231798460170,206965498808147177373,0xb4ead84e59700341bd441d0706bfec8489d18e87ebfd7599ce758d66d97466cc
0x238a358808379702088667322f80ac48bad5e6c4,1782777600,107153260,1330800792686023465581,9982888545774994589,0xa4ed431aecffc4416390d7de88f58357a6da937942ebaf89607b76d36af0562e
0x238a358808379702088667322f80ac48bad5e6c4,1782777600,107153260,-812262307094,9370999849773849000,0xa4ed431aecffc4416390d7de88f58357a6da937942ebaf89607b76d36af0562e
0x238a358808379702088667322f80ac48bad5e6c4,1782777600,107153261,-867951844643673150678,867951844643673150678,0xad89471db404bfafcf9b019d8b0ba28fa2e3411baf94cb3043e0d4090b47af36
0x238a358808379702088667322f80ac48bad5e6c4,1782777600,107153261,1231312087347425120597,99488705338598344984,0xf1746a910f9885266de9ad863b9e29ff37a05c3e88810c96b3adfaf69ee73994
0x238a358808379702088667322f80ac48bad5e6c4,1782777600,107153261,36000000000000000000,36000000000000000000,0xf1746a910f9885266de9ad863b9e29ff37a05c3e88810c96b3adfaf69ee73994
0x238a358808379702088667322f80ac48bad5e6c4,1782777600,107153261,974685409398623117188,256626677948802003409,0xcf8d299ea92ac20b9c1c474887af0d11fe0f3b4371d5814f02b77f37ad02c114
0x238a358808379702088667322f80ac48bad5e6c4,1782777600,107153261,717884976351986981216,256800433046636135972,0x9ed44f265c7553c29a71972454a86bd3677c6bc85df84e89a5729e3b5bef9be1
0x238a358808379702088667322f80ac48bad5e6c4,1782777600,107153261,627827906785103833757,90057069566883147459,0x58dce8c49b3c1b81146179193c5523d3ad9bf9465c20648f81012c5a495b6b25
0x238a358808379702088667322f80ac48bad5e6c4,1782777600,107153261,28203908100547063940,228000000000000000000,0x58dce8c49b3c1b81146179193c5523d3ad9bf9465c20648f81012c5a495b6b25
0x238a358808379702088667322f80ac48bad5e6c4,1782777600,107153261,75044715099709100000,39044715099709100000,0x150bc1cfd08b05a1826d69e17e04fe047d79b23a84557cd152ec129391b5fe6e
0x238a358808379702088667322f80ac48bad5e6c4,1782777600,107153261,519907355364593430470,107920551420510403287,0x150bc1cfd08b05a1826d69e17e04fe047d79b23a84557cd152ec129391b5fe6e
0x238a358808379702088667322f80ac48bad5e6c4,1782777600,107153261,590489025618693630470,70581670254100200000,0xad89471db404bfafcf9b019d8b0ba28fa2e3411baf94cb3043e0d4090b47af36
0x238a358808379702088667322f80ac48bad5e6c4,1782777600,107153261,18639536413240985074828,26682250211800220961595,0xb067709d84bd79e75c2ca20c3ab3afced280fbe9a167775ded79c0dafc257d5a
0x238a358808379702088667322f80ac48bad5e6c4,1782777600,107153261,-95563987351625820877,686053012970319451347,0xb067709d84bd79e75c2ca20c3ab3afced280fbe9a167775ded79c0dafc257d5a
0x238a358808379702088667322f80ac48bad5e6c4,1782777600,107153261,-101158435671216453980,5594448319590633103,0x29a34b5a3879a07cd9f10c292e136606683ba5b28fb04a7011de3d05251187c3
0x238a358808379702088667322f80ac48bad5e6c4,1782777600,107153261,857608908076790,857608908076790,0x6e5b571222bc84d63a239a631e2d3cfb4bb729206d1cef7ccae2e7a18895ff17
0x238a358808379702088667322f80ac48bad5e6c4,1782777600,107153261,-171341992182919934196,70183556511703480216,0x6e5b571222bc84d63a239a631e2d3cfb4bb729206d1cef7ccae2e7a18895ff17
0x238a358808379702088667322f80ac48bad5e6c4,1782777600,107153262,-188353794624748433723,17011802441828499527,0x85a10c1331f7e0b7c79ee4092889be854f82150107c9323c8ef847fc932b44b8
0x238a358808379702088667322f80ac48bad5e6c4,1782777600,107153262,-240747891966115673100,52394097341367239377,0xcab3e30bc8a61d6ece2a78818ec43f199cedc23ee230912ba68efeb2c5c8f55e
0x238a358808379702088667322f80ac48bad5e6c4,1782777600,107153262,-617857980987821281558,377110089021705608458,0x54f3f1826a3edf94bf13e7a21421c85c84afe199c8d61ca589a22416baef01ce
0x238a358808379702088667322f80ac48bad5e6c4,1782777600,107153262,-650885976630785236545,33027995642963954987,0x779a9235f59a1a22dc87eae959882506e9b49dd31c7bb752b3a2d9d22b052c28
0x238a358808379702088667322f80ac48bad5e6c4,1782777600,107153262,657027439628122393514,657027439628122393514,0x779a9235f59a1a22dc87eae959882506e9b49dd31c7bb752b3a2d9d22b052c28
0x238a358808379702088667322f80ac48bad5e6c4,1782777600,107153262,13094130049828202670989,5545406363412782403839,0xc725569c17cd532cf71d08c1700ea3128a5567be0f15a0d23eade09d15963523
0x238a358808379702088667322f80ac48bad5e6c4,1782777600,107153262,-507817628779622992758,143068347851162243787,0xc725569c17cd532cf71d08c1700ea3128a5567be0f15a0d23eade09d15963523
0x238a358808379702088667322f80ac48bad5e6c4,1782777600,107153262,-64646012547715004527220,77740142597543207198209,0xbc75ddcc7fce5f90db9b804792b6eb76f4953f40c33f2031f1ecd5f937521d88
0x238a358808379702088667322f80ac48bad5e6c4,1782777600,107153262,1492182371220377007242,2000000000000000000000,0xbc75ddcc7fce5f90db9b804792b6eb76f4953f40c33f2031f1ecd5f937521d88
0x238a358808379702088667322f80ac48bad5e6c4,1782777600,107153262,-1088111393351938217277,1116315301452485281217,0xcefe7f0cb45a731be0111aa3249db35c7ff34c637651fd8c0e4829ef95f67414
0x238a358808379702088667322f80ac48bad5e6c4,1782777600,107153262,1582694536893486757242,90512165673109750000,0xcdf7b2815c1b410024106a596041416c302bd436a2298d5833d3f66edd6d04a5
0x238a358808379702088667322f80ac48bad5e6c4,1782777600,107153262,-68153235547182586413592,3507222999467581886372,0xcdf7b2815c1b410024106a596041416c302bd436a2298d5833d3f66edd6d04a5
0x238a358808379702088667322f80ac48bad5e6c4,1782777600,107153262,1331660831992710351706,251033704900776405536,0x13d89c62a8d440a6dce95ce51bc43fc49ac3205fa753e7e5c2074920c538cd69
0x238a358808379702088667322f80ac48bad5e6c4,1782777600,107153262,-79807756453200797230,79807756453200797230,0x244063315dbe197bcd194e3e1aea0331805a9b061c5565f57069b44601723d5c
0x238a358808379702088667322f80ac48bad5e6c4,1782777600,107153262,-1241315224227060736282,153203830875122519005,0xad74e4bb85cc5157bd9d43ad5d86d1dd68e2a75f6eaf0d45fd47683585d16132
0x238a358808379702088667322f80ac48bad5e6c4,1782777600,107153262,1392243899029986881181,60583067037276529475,0xad74e4bb85cc5157bd9d43ad5d86d1dd68e2a75f6eaf0d45fd47683585d16132
0x238a358808379702088667322f80ac48bad5e6c4,1782777600,107153262,1833388506831439342298,441144607801452461117,0xcefe7f0cb45a731be0111aa3249db35c7ff34c637651fd8c0e4829ef95f67414
0x238a358808379702088667322f80ac48bad5e6c4,1782777600,107153262,-1050463945685382567930,31455441165476600000,0x244063315dbe197bcd194e3e1aea0331805a9b061c5565f57069b44601723d5c
0x238a358808379702088667322f80ac48bad5e6c4,1782777600,107153262,72577854357191579531,72577854357191579531,0x85a10c1331f7e0b7c79ee4092889be854f82150107c9323c8ef847fc932b44b8
0x238a358808379702088667322f80ac48bad5e6c4,1782777600,107153262,1795072906067417335071,38315600764022007227,0x4161d2af81fd73dbced95572056733a09ce80dc6a2ac1d5dad05009adc44fedd
0x238a358808379702088667322f80ac48bad5e6c4,1782777600,107153262,2411104608351189357255,616031702283772022184,0x3d395304c4f242488b376128f79f894fc3abb87fa785585043a36f79916e5029
0x238a358808379702088667322f80ac48bad5e6c4,1782777600,107153262,-92001468390618755447044,23848232843436169033452,0x3d395304c4f242488b376128f79f894fc3abb87fa785585043a36f79916e5029
0x238a358808379702088667322f80ac48bad5e6c4,1782777600,107153262,240485207222038915288,167907352864847335757,0xd4f88b5d8092543e6b5139389bbe5557146ed46b59dc3a4f31cdc573e099c04f
0x238a358808379702088667322f80ac48bad5e6c4,1782777600,107153262,2371743282879316148821,39361325471873208434,0xd4f88b5d8092543e6b5139389bbe5557146ed46b59dc3a4f31cdc573e099c04f
0x238a358808379702088667322f80ac48bad5e6c4,1782777600,107153262,2365992139474770385531,5751143404545763290,0x3b6430f1c516af174d2f7a1682e7572a1e313957c3c4d33651aae756b3155c6d
0x238a358808379702088667322f80ac48bad5e6c4,1782777600,107153262,-1627047865329887145717,385732641102826409435,0x24743d72d46ead0f0ef869179c21160251e862afa76fcedcb8947a8210520747
0x238a358808379702088667322f80ac48bad5e6c4,1782777600,107153262,2518499949574958931395,152507810100188545864,0x24743d72d46ead0f0ef869179c21160251e862afa76fcedcb8947a8210520747
0x238a358808379702088667322f80ac48bad5e6c4,1782777600,107153262,2265492407294759780052,253007542280199151343,0x902de5390ec7d9e02fef441fa88f3dfaed5aed72b6d7ba38bacc783c7a13432f
0x238a358808379702088667322f80ac48bad5e6c4,1782777600,107153262,10275503857116700000,10275503857116700000,0x4161d2af81fd73dbced95572056733a09ce80dc6a2ac1d5dad05009adc44fedd
0x238a358808379702088667322f80ac48bad5e6c4,1782777600,107153262,166675014653113311271,91630299553404211271,0x902de5390ec7d9e02fef441fa88f3dfaed5aed72b6d7ba38bacc783c7a13432f
0x238a358808379702088667322f80ac48bad5e6c4,1782777600,107153262,303183351822878410632,136508337169765099361,0x54f3f1826a3edf94bf13e7a21421c85c84afe199c8d61ca589a22416baef01ce
0x238a358808379702088667322f80ac48bad5e6c4,1782777600,107153262,11302133875476700000000,11302133875476700000000,0xcab3e30bc8a61d6ece2a78818ec43f199cedc23ee230912ba68efeb2c5c8f55e
0x238a358808379702088667322f80ac48bad5e6c4,1782777601,107153263,-66828768744540910524946,25172699646077844922098,0x19800afeb13ece95b618c252736b110e908fb4481dcebdf6683f98913ca41b58
0x238a358808379702088667322f80ac48bad5e6c4,1782777601,107153263,289218484004610184421,48733276782571269133,0xa12435a673215ed4184ff4afb9dd0f30fe8acd9685ff4d6bca19b05f33e88bcc
0x238a358808379702088667322f80ac48bad5e6c4,1782777601,107153263,1613387217794731744058,652105189500028035994,0x19800afeb13ece95b618c252736b110e908fb4481dcebdf6683f98913ca41b58
0x238a358808379702088667322f80ac48bad5e6c4,1782777601,107153263,2794857468752390498900,1181470250957658754842,0x296eef6dbc2d00980e9ec217d357e6ae1e88d968dd79fe5db9477c287cd12a5c
0x238a358808379702088667322f80ac48bad5e6c4,1782777601,107153263,-2073140103713731882862,1205188259070058732184,0xbf604297223932a5d650d4ff7e439fdd974c37a009c9432d7ab7fa06006f7c70
0x238a358808379702088667322f80ac48bad5e6c4,1782777601,107153263,3689294077650295150299,894436608897904651399,0x42e72da32947974315d4446b5eab52ae4d1a527e4b8c37e9c7576dc4a4963866
0x238a358808379702088667322f80ac48bad5e6c4,1782777601,107153263,440266233003076658968,151047748998466474547,0xd613338ad07ba94323c75350b1a1163e0c49be55744e91a374a84f47dbc956a7
0x238a358808379702088667322f80ac48bad5e6c4,1782777601,107153263,-101360142247657831853647,34531373503116921328701,0x42e72da32947974315d4446b5eab52ae4d1a527e4b8c37e9c7576dc4a4963866
0x238a358808379702088667322f80ac48bad5e6c4,1782777601,107153263,-2469688002826656580953,842640137496769435236,0x9aeb33adf295d81679fada5d7426ff0e0c6f30e693494f3c00beab88556ca6f5
0x238a358808379702088667322f80ac48bad5e6c4,1782777601,107153263,4022616183084304004409,333322105434008854110,0x9aeb33adf295d81679fada5d7426ff0e0c6f30e693494f3c00beab88556ca6f5
0x238a358808379702088667322f80ac48bad5e6c4,1782777601,107153263,-146990177504334804370733,45630035256676972517086,0x296eef6dbc2d00980e9ec217d357e6ae1e88d968dd79fe5db9477c287cd12a5c
0x238a358808379702088667322f80ac48bad5e6c4,1782777601,107153263,-141542816945464991602236,5447360558869812768497,0x177dfbbb624e873e0c9777b31e3df78ce1062efbf7d0718b4da0afac4e94d634
0x238a358808379702088667322f80ac48bad5e6c4,1782777601,107153263,4056340501651406374409,33724318567102370000,0x2d65c3deb04a1a502786cdeacacef5ec3a254ad6e9f3305f4cc8c8d5d38c7802
0x238a358808379702088667322f80ac48bad5e6c4,1782777601,107153263,290965113789713704376,12218238033164706256,0x2d65c3deb04a1a502786cdeacacef5ec3a254ad6e9f3305f4cc8c8d5d38c7802
0x238a358808379702088667322f80ac48bad5e6c4,1782777601,107153263,3915199856362903391948,141140645288502982461,0x177dfbbb624e873e0c9777b31e3df78ce1062efbf7d0718b4da0afac4e94d634
0x238a358808379702088667322f80ac48bad5e6c4,1782777601,107153263,3977664527917961838040,62464671555058446092,0x3a17d3d3471a98f5cbeb6bcc86baa57e3c90c66ab90adf30d93b715f8a747611
0x238a358808379702088667322f80ac48bad5e6c4,1782777601,107153263,-136243381145919512302292,5299435799545479299944,0x19800afeb13ece95b618c252736b110e908fb4481dcebdf6683f98913ca41b58
0x238a358808379702088667322f80ac48bad5e6c4,1782777601,107153263,3840523424739253251308,137141103178708586732,0x19800afeb13ece95b618c252736b110e908fb4481dcebdf6683f98913ca41b58
0x238a358808379702088667322f80ac48bad5e6c4,1782777601,107153263,-134309832595593870204318,1933548550325642097974,0xca5b62c11248d0287cff1f0efe26ba4e985cde362db2e9e35c6f736de3f068a2
0x238a358808379702088667322f80ac48bad5e6c4,1782777601,107153263,3790363499261958471956,50159925477294779352,0x19800afeb13ece95b618c252736b110e908fb4481dcebdf6683f98913ca41b58
0x238a358808379702088667322f80ac48bad5e6c4,1782777601,107153263,-132371065290606928853604,1938767304986941350714,0x19800afeb13ece95b618c252736b110e908fb4481dcebdf6683f98913ca41b58
0x238a358808379702088667322f80ac48bad5e6c4,1782777601,107153263,3763045988512755513904,27317510749202958052,0x19800afeb13ece95b618c252736b110e908fb4481dcebdf6683f98913ca41b58
0x238a358808379702088667322f80ac48bad5e6c4,1782777601,107153263,-131315089130884661388652,1055976159722267464952,0x19800afeb13ece95b618c252736b110e908fb4481dcebdf6683f98913ca41b58
0x238a358808379702088667322f80ac48bad5e6c4,1782777601,107153263,3735421657744366115200,27624330768389398704,0x19800afeb13ece95b618c252736b110e908fb4481dcebdf6683f98913ca41b58
0x238a358808379702088667322f80ac48bad5e6c4,1782777601,107153263,-130247175593647963743818,1067913537236697644834,0x19800afeb13ece95b618c252736b110e908fb4481dcebdf6683f98913ca41b58
0x238a358808379702088667322f80ac48bad5e6c4,1782777601,107153263,3598515798384698205325,136905859359667909875,0xca5b62c11248d0287cff1f0efe26ba4e985cde362db2e9e35c6f736de3f068a2
0x238a358808379702088667322f80ac48bad5e6c4,1782777601,107153263,-124965879494727120400612,5281296098920843343206,0xca5b62c11248d0287cff1f0efe26ba4e985cde362db2e9e35c6f736de3f068a2
0x238a358808379702088667322f80ac48bad5e6c4,1782777601,107153263,3548405147319488223332,50110651065209981993,0xca5b62c11248d0287cff1f0efe26ba4e985cde362db2e9e35c6f736de3f068a2
0x238a358808379702088667322f80ac48bad5e6c4,1782777601,107153263,3536984857717004790709,11420289602483432623,0xa12435a673215ed4184ff4afb9dd0f30fe8acd9685ff4d6bca19b05f33e88bcc
0x238a358808379702088667322f80ac48bad5e6c4,1782777601,107153263,3520922743876658150953,16062113840346639756,0x921e63442aa07dba67bdf57eff83e5063839d8f80941dffc2fe2d7a9390144b9
0x238a358808379702088667322f80ac48bad5e6c4,1782777601,107153263,-124345830066838314662525,620049427888805738087,0x921e63442aa07dba67bdf57eff83e5063839d8f80941dffc2fe2d7a9390144b9
0x238a358808379702088667322f80ac48bad5e6c4,1782777601,107153263,3504741636218539337498,16181107658118813455,0x921e63442aa07dba67bdf57eff83e5063839d8f80941dffc2fe2d7a9390144b9
0x238a358808379702088667322f80ac48bad5e6c4,1782777601,107153263,-123721160661566439205592,624669405271875456933,0x921e63442aa07dba67bdf57eff83e5063839d8f80941dffc2fe2d7a9390144b9
0x238a358808379702088667322f80ac48bad5e6c4,1782777601,107153263,3469341050747171416516,35400585471367920982,0xd613338ad07ba94323c75350b1a1163e0c49be55744e91a374a84f47dbc956a7
0x238a358808379702088667322f80ac48bad5e6c4,1782777601,107153263,-2627547777889212473015,157859775062555892062,0x3a17d3d3471a98f5cbeb6bcc86baa57e3c90c66ab90adf30d93b715f8a747611
0x238a358808379702088667322f80ac48bad5e6c4,1782777601,107153263,3567357116434112416516,98016065686941000000,0xbf604297223932a5d650d4ff7e439fdd974c37a009c9432d7ab7fa06006f7c70
0x238a358808379702088667322f80ac48bad5e6c4,1782777601,107153264,3607786302636154300298,40429186202041883782,0x9eb2317f28728c1070d867d0b75311c34dd67465c172a0c74181ae4914586a41
0x238a358808379702088667322f80ac48bad5e6c4,1782777601,107153264,625065621033036982313,625065621033036982313,0x389ae10e624b7a5144fd7628618e16d552953bcd8215b1b8b40b8ba30bd6f327
0x238a358808379702088667322f80ac48bad5e6c4,1782777601,107153264,3434256061028865545828,173530241607288754470,0x389ae10e624b7a5144fd7628618e16d552953bcd8215b1b8b40b8ba30bd6f327
0x238a358808379702088667322f80ac48bad5e6c4,1782777601,107153264,-1262022014531544878884,1262022014531544878884,0x51bb16219a63ea89408f3e5476e9e3e031ca6c248594daf95126b8fdc221cfbf
0x238a358808379702088667322f80ac48bad5e6c4,1782777601,107153264,356840525476222716724,268225095556814265589,0x6d888c320d23bf25e8b6e4e06dea27fbd54017a0d0e79e1cf6ebbe1c2aef31a3
0x238a358808379702088667322f80ac48bad5e6c4,1782777601,107153264,3508758742121520743532,74502681092655197704,0x6d888c320d23bf25e8b6e4e06dea27fbd54017a0d0e79e1cf6ebbe1c2aef31a3
0x238a358808379702088667322f80ac48bad5e6c4,1782777601,107153264,203784082873812430484,153056442602410286240,0x32103ed1bd5ab8c2564069686ccc4d790511375bac1ef500b4b41aeb80206549
0x238a358808379702088667322f80ac48bad5e6c4,1782777601,107153264,3551287426476636232102,42528684355115488570,0x32103ed1bd5ab8c2564069686ccc4d790511375bac1ef500b4b41aeb80206549
0x238a358808379702088667322f80ac48bad5e6c4,1782777601,107153264,3606566566794936232102,55279140318300000000,0x96b74df47d03eb36eaf48dadbad78dd3ae371194796ee63387ca81d3b53ea7b3
0x238a358808379702088667322f80ac48bad5e6c4,1782777601,107153264,3441039564484794272870,165527002310141959232,0x1c1fa5253e8c9a145b444fdada1e65ccbd0d9bc81f5184a8793e9c856daa10b6
0x238a358808379702088667322f80ac48bad5e6c4,1782777601,107153264,799839850777844131791,596055767904031701307,0x1c1fa5253e8c9a145b444fdada1e65ccbd0d9bc81f5184a8793e9c856daa10b6
0x238a358808379702088667322f80ac48bad5e6c4,1782777601,107153264,-298924869179432416074,298924869179432416074,0x96b74df47d03eb36eaf48dadbad78dd3ae371194796ee63387ca81d3b53ea7b3
0x238a358808379702088667322f80ac48bad5e6c4,1782777601,107153264,1437575028287886991125,637735177510042859334,0x0dc7161dcb32c8174fe6ba80369d334dfa86d95d4817bf99ad0ed31a2fab0b74
0x238a358808379702088667322f80ac48bad5e6c4,1782777601,107153264,-3227364809813732861783,599817031924520388768,0xa1f6773fc7b09d06f098767a78e52f597de79b68f989502a147a95b68c8c9184
0x238a358808379702088667322f80ac48bad5e6c4,1782777601,107153264,3678438040940093572870,237398476455299300000,0xa1f6773fc7b09d06f098767a78e52f597de79b68f989502a147a95b68c8c9184
0x238a358808379702088667322f80ac48bad5e6c4,1782777601,107153264,3501213548164168974491,177224492775924598379,0x0dc7161dcb32c8174fe6ba80369d334dfa86d95d4817bf99ad0ed31a2fab0b74
0x238a358808379702088667322f80ac48bad5e6c4,1782777601,107153264,1397754651435747268061,39820376852139723064,0x5e9aa76159e97a7bed1d6c1ba5a8fe8f5d0f6340b22b1049b886153a0337ae8e
0x238a358808379702088667322f80ac48bad5e6c4,1782777601,107153264,3512276461274117746039,11062913109948771548,0x5e9aa76159e97a7bed1d6c1ba5a8fe8f5d0f6340b22b1049b886153a0337ae8e
0x238a358808379702088667322f80ac48bad5e6c4,1782777601,107153264,-1382456605437299681771,1083531736257867265697,0xb1c980ba074c36a3f58a0bedbdbe2d9bc4cb27da1cd5f533b74684b58e06307b
0x238a358808379702088667322f80ac48bad5e6c4,1782777601,107153264,-3214989449946989535297,12375359866743326486,0x51ab55515c0d757c9f3d9e5b833e120887cab811fed39f1ae6da2242e26b0879
0x238a358808379702088667322f80ac48bad5e6c4,1782777601,107153264,3507380304332005879287,4896156942111866752,0x51ab55515c0d757c9f3d9e5b833e120887cab811fed39f1ae6da2242e26b0879
0x238a358808379702088667322f80ac48bad5e6c4,1782777601,107153264,-3189565250154660119003,25424199792329416294,0x51ab55515c0d757c9f3d9e5b833e120887cab811fed39f1ae6da2242e26b0879
0x238a358808379702088667322f80ac48bad5e6c4,1782777601,107153264,3497321659847147635956,10058644484858243331,0x51ab55515c0d757c9f3d9e5b833e120887cab811fed39f1ae6da2242e26b0879
0x238a358808379702088667322f80ac48bad5e6c4,1782777601,107153264,3495320504713584167281,2001155133563468675,0x3d05cc15b43eb09709ee186819db39ae4f0b28dd33c8108831fdb5d4851745b8
0x238a358808379702088667322f80ac48bad5e6c4,1782777601,107153264,88832132,44416066,0x4e5134d3b6719da97ae76db92ce2bd199a85dcaf28d047ac36029b3b24f14b5c
0x238a358808379702088667322f80ac48bad5e6c4,1782777601,107153264,-1074590624627267717994,24126678941885150064,0x4e5134d3b6719da97ae76db92ce2bd199a85dcaf28d047ac36029b3b24f14b5c
0x238a358808379702088667322f80ac48bad5e6c4,1782777601,107153264,3416751844376871443763,78568660336712723518,0x5d2abd7933d0c9000b3ef24ac1ddfd2ac003132ce6e66139f0d1310ae6119dd9
0x238a358808379702088667322f80ac48bad5e6c4,1782777601,107153264,669388407983121000000,669388407983121000000,0x5d2abd7933d0c9000b3ef24ac1ddfd2ac003132ce6e66139f0d1310ae6119dd9
0x238a358808379702088667322f80ac48bad5e6c4,1782777601,107153264,-131297355275180547542,131297355275180547542,0x1f25bc0bcf29220f9484e06304133e1cc52e63064b46af0b29d811be7f5d60b8
0x238a358808379702088667322f80ac48bad5e6c4,1782777601,107153264,3517111881121884443763,100360036745013000000,0x1f25bc0bcf29220f9484e06304133e1cc52e63064b46af0b29d811be7f5d60b8
0x238a358808379702088667322f80ac48bad5e6c4,1782777601,107153264,3604721879796149643763,87609998674265200000,0x74357a1758b8d4c6145fe7e7231683d39f70b693fe21d0026ea3e94f73542f35
0x238a358808379702088667322f80ac48bad5e6c4,1782777601,107153264,-2724911702834915907906,2724911702834915907906,0x74357a1758b8d4c6145fe7e7231683d39f70b693fe21d0026ea3e94f73542f35
0x238a358808379702088667322f80ac48bad5e6c4,1782777601,107153264,3345780666918265161254,258941212877884482509,0xe8f4da82f7bf805a5ca578defd6cf3181fff63f5a34c952bda8f84d12592a998
0x238a358808379702088667322f80ac48bad5e6c4,1782777601,107153264,3087015386015249275288,258765280903015885966,0x9f3fb82164d7a3251afd8f18d8d65af7459927f90684d4e1333329bee8de2eee
0x238a358808379702088667322f80ac48bad5e6c4,1782777601,107153264,3054954994789534914986,32060391225714360302,0xd2b4cdcdd19e3324a4f3c86b402dcff72887b8be65c3a974891844951f6ed445
0x238a358808379702088667322f80ac48bad5e6c4,1782777601,107153264,101174659582070000000,101174659582070000000,0xd2b4cdcdd19e3324a4f3c86b402dcff72887b8be65c3a974891844951f6ed445
0x238a358808379702088667322f80ac48bad5e6c4,1782777601,107153264,3162593270152837914986,107638275363303000000,0xe057b47a4a102438164c1ecae17270aa57d6e610eb161269dfdff96f55886cc6
0x238a358808379702088667322f80ac48bad5e6c4,1782777601,107153264,251972354543241143976,38992759246472560400,0xe057b47a4a102438164c1ecae17270aa57d6e610eb161269dfdff96f55886cc6
0x238a358808379702088667322f80ac48bad5e6c4,1782777601,107153264,-2570206945692301997240,497066841978570114378,0x9eb2317f28728c1070d867d0b75311c34dd67465c172a0c74181ae4914586a41
0x238a358808379702088667322f80ac48bad5e6c4,1782777601,107153264,3218668212618077001399,56074942465239086413,0x25671db7937ae88a6d729710b3c7ae7c856b0cfae711bc4cd8937b03d2069ca6
0x238a358808379702088667322f80ac48bad5e6c4,1782777601,107153264,1195734006154608523137,202020645281138744924,0x25671db7937ae88a6d729710b3c7ae7c856b0cfae711bc4cd8937b03d2069ca6
0x238a358808379702088667322f80ac48bad5e6c4,1782777601,107153264,3264854087745441682524,46185875127364681125,0xa56748a3c8403771e727f623e4671d5135898d635cdbe18ac1095511709cb7ce
0x238a358808379702088667322f80ac48bad5e6c4,1782777601,107153264,1029391434978317814297,166342571176290708840,0xa56748a3c8403771e727f623e4671d5135898d635cdbe18ac1095511709cb7ce
0x238a358808379702088667322f80ac48bad5e6c4,1782777602,107153265,3379487844873906597989,114633757128464915465,0x5587f8bf0d68476c458e6b6962a9a50244a698ed8084db8387a33a75364b7eeb
0x238a358808379702088667322f80ac48bad5e6c4,1782777602,107153265,3478484341507906597989,98996496634000000000,0xb2eeee4093cde2e923ceeb81adef97faa8c7f0746ddad30e379e0a1ca5cac9f0
0x238a358808379702088667322f80ac48bad5e6c4,1782777602,107153265,3613059461817903638902,134575120309997040913,0x3baeaba351fdec89cd9e8d531a5352fc2a5040c17817cab55d9ac6f16e8ff2e7
0x238a358808379702088667322f80ac48bad5e6c4,1782777602,107153265,616848125096513405970,412543309881804408327,0x5587f8bf0d68476c458e6b6962a9a50244a698ed8084db8387a33a75364b7eeb
0x238a358808379702088667322f80ac48bad5e6c4,1782777602,107153265,472228669821007137576,144619455275506268394,0xdf1ac0ebd43db20284c615db68b0f5d9469c9581901f9433f35ea249e2ce9dab
0x238a358808379702088667322f80ac48bad5e6c4,1782777602,107153265,3653191908662989097741,40132446845085458839,0xdf1ac0ebd43db20284c615db68b0f5d9469c9581901f9433f35ea249e2ce9dab
0x238a358808379702088667322f80ac48bad5e6c4,1782777602,107153265,3478846104927555351746,174345803735433745995,0x6d18d96efff5a08c9505e16382c4bf85665519b580b7b3a06761bb1ff5605cfb
0x238a358808379702088667322f80ac48bad5e6c4,1782777602,107153265,1101008910149295261032,628780240328288123456,0x6d18d96efff5a08c9505e16382c4bf85665519b580b7b3a06761bb1ff5605cfb
0x238a358808379702088667322f80ac48bad5e6c4,1782777602,107153265,3582473386218687177125,103627281291131825379,0xcd1a5b5542e590b6bb66072f4b9628fee36811e7a0618b929a3d6ca65f9832a3
0x238a358808379702088667322f80ac48bad5e6c4,1782777602,107153265,728785487265303864337,372223422883991396695,0xcd1a5b5542e590b6bb66072f4b9628fee36811e7a0618b929a3d6ca65f9832a3
0x238a358808379702088667322f80ac48bad5e6c4,1782777602,107153265,3717172849279532111901,134699463060844934776,0x4fd9bb903c43f342ddc56edb4d39e48e4946ab9113b2de97077912eca0bec775
0x238a358808379702088667322f80ac48bad5e6c4,1782777602,107153265,-3736103363890546346921,546538113735886227918,0x2935730584f8104cd2b50b4250f0772ca627fc4749ae899b3f566735c8810463
0x238a358808379702088667322f80ac48bad5e6c4,1782777602,107153265,3776129962426670764908,58957113147138653007,0x944e481fdfbb24e16e2c6bfbde09d00bb665a8f9c704d6697619de572ce0cf41
0x238a358808379702088667322f80ac48bad5e6c4,1782777602,107153265,3535994540801375514679,240135421625295250229,0xdcbeb9aec090710a6de7984a2770895e4a6cb2b128fdc0b5d7ebbe86c9c5039f
0x238a358808379702088667322f80ac48bad5e6c4,1782777602,107153265,-83882028575698743703,1298574576861600938068,0xdcbeb9aec090710a6de7984a2770895e4a6cb2b128fdc0b5d7ebbe86c9c5039f
0x238a358808379702088667322f80ac48bad5e6c4,1782777602,107153265,-133147440580971247977906,9426279919404808772314,0xe691de2fc94772d189f40b865a97c9e572bd36a3f53c89722b8e6c8e1ebe68b0
0x238a358808379702088667322f80ac48bad5e6c4,1782777602,107153265,3780433190452073514679,244438649650698000000,0xe691de2fc94772d189f40b865a97c9e572bd36a3f53c89722b8e6c8e1ebe68b0
0x238a358808379702088667322f80ac48bad5e6c4,1782777602,107153265,-177890867827593819034,177890867827593819034,0xac5c51b88aa3dc72635f5ecb3160b2d8cbd850d80fd3fe04d850a548157dd75b
0x238a358808379702088667322f80ac48bad5e6c4,1782777602,107153265,244624702212522009275,484160785052781855062,0x4fd9bb903c43f342ddc56edb4d39e48e4946ab9113b2de97077912eca0bec775
0x238a358808379702088667322f80ac48bad5e6c4,1782777602,107153265,-1229604495197665974025,155013870570398256031,0xda3ef95f0d585e5dee1ec4fbc930efef72af2c8ec814b5fc343a2c0d77f73e13
0x238a358808379702088667322f80ac48bad5e6c4,1782777602,107153265,1195884637189963860989,1195884637189963860989,0xda3ef95f0d585e5dee1ec4fbc930efef72af2c8ec814b5fc343a2c0d77f73e13
0x238a358808379702088667322f80ac48bad5e6c4,1782777602,107153265,3852481320087282697052,72048129635209182373,0x0cb33c280a815223ed4738cb2c3917d61d0065f2f504f3afb0e4ae361d9ffa8b
0x238a358808379702088667322f80ac48bad5e6c4,1782777602,107153265,3960435395341825119090,107954075254542422038,0x3f343ec0941a49999160093430a8147448496733ec4f2f0157fc40eea1804c00
0x238a358808379702088667322f80ac48bad5e6c4,1782777602,107153265,-240054032695110563819,484678734907632573094,0x3baeaba351fdec89cd9e8d531a5352fc2a5040c17817cab55d9ac6f16e8ff2e7
0x238a358808379702088667322f80ac48bad5e6c4,1782777602,107153265,-596929584053187154210,356875551358076590391,0xb2eeee4093cde2e923ceeb81adef97faa8c7f0746ddad30e379e0a1ca5cac9f0
0x238a358808379702088667322f80ac48bad5e6c4,1782777602,107153265,3936309836042750348035,24125559299074771055,0x738a5ddd9f96d30df2f0ec5329c2475b6d8f9abbfb36bfc11463e3881a7e26e8
0x238a358808379702088667322f80ac48bad5e6c4,1782777602,107153265,-824462031472368748894,437559983059176129990,0x738a5ddd9f96d30df2f0ec5329c2475b6d8f9abbfb36bfc11463e3881a7e26e8
0x238a358808379702088667322f80ac48bad5e6c4,1782777602,107153265,-815172011738744307487,815172011738744307487,0x3f343ec0941a49999160093430a8147448496733ec4f2f0157fc40eea1804c00
0x238a358808379702088667322f80ac48bad5e6c4,1782777602,107153265,2451289081930960448518,1255404444740996587529,0xb9530a6c780b15042a208b87f43b814afdd4bc8a87e94ec553ab28c5f4f0770d
0x238a358808379702088667322f80ac48bad5e6c4,1782777602,107153265,-855593318599689650220,258663734546502496010,0x0cb33c280a815223ed4738cb2c3917d61d0065f2f504f3afb0e4ae361d9ffa8b
0x238a358808379702088667322f80ac48bad5e6c4,1782777602,107153265,-1068115629750922224206,212522311151232573986,0x944e481fdfbb24e16e2c6bfbde09d00bb665a8f9c704d6697619de572ce0cf41
0x238a358808379702088667322f80ac48bad5e6c4,1782777602,107153265,4035064383837223160579,98754547794472812544,0xe18ae4f2ca70c01b47017ab5037f799f8f85299b5b85bec74f22f19f40af085d
0x238a358808379702088667322f80ac48bad5e6c4,1782777602,107153265,-1424290454832287085306,356174825081364861100,0xe18ae4f2ca70c01b47017ab5037f799f8f85299b5b85bec74f22f19f40af085d
0x238a358808379702088667322f80ac48bad5e6c4,1782777602,107153265,-793403297401793192601,630887157430493892705,0xe6734a13c06e10c4452ed23d44d2da806803603860288f0aaa71c7ebafffdfa8
0x238a358808379702088667322f80ac48bad5e6c4,1782777602,107153265,3860049892415135701787,175014491422087458792,0xe6734a13c06e10c4452ed23d44d2da806803603860288f0aaa71c7ebafffdfa8
0x238a358808379702088667322f80ac48bad5e6c4,1782777602,107153265,-808675902678843872136,15272605277050679535,0x94e04a92829c3be87067a8326fa0d4096cac3fd35192491d60ec1c725ecdf9fb
0x238a358808379702088667322f80ac48bad5e6c4,1782777602,107153265,3864285831443955180287,4235939028819478500,0x94e04a92829c3be87067a8326fa0d4096cac3fd35192491d60ec1c725ecdf9fb
0x238a358808379702088667322f80ac48bad5e6c4,1782777602,107153265,-818539265703372934748,9863363024529062612,0x94e04a92829c3be87067a8326fa0d4096cac3fd35192491d60ec1c725ecdf9fb
0x238a358808379702088667322f80ac48bad5e6c4,1782777602,107153265,3867021548939973309287,2735717496018129000,0x94e04a92829c3be87067a8326fa0d4096cac3fd35192491d60ec1c725ecdf9fb
0x238a358808379702088667322f80ac48bad5e6c4,1782777602,107153265,3958169521257801891050,91147972317828581763,0xd690d65ba5457a2d61fa9f45f066e97f60d2c554a6e6bdd8eb5e8f6696deeea9
0x238a358808379702088667322f80ac48bad5e6c4,1782777602,107153265,-1146369938050590370466,327830672347217435718,0xd690d65ba5457a2d61fa9f45f066e97f60d2c554a6e6bdd8eb5e8f6696deeea9
0x238a358808379702088667322f80ac48bad5e6c4,1782777602,107153265,-129911868247462902146225,3235572333508345831681,0xf3e57f2805816483b9c062b1665832010a40ab0d438571dcecab6b43776f4a7a
0x238a358808379702088667322f80ac48bad5e6c4,1782777602,107153265,3874300185271803450517,83869335985998440533,0xf3e57f2805816483b9c062b1665832010a40ab0d438571dcecab6b43776f4a7a
0x238a358808379702088667322f80ac48bad5e6c4,1782777602,107153265,-1392377040826720047873,162772545629054073848,0xb9530a6c780b15042a208b87f43b814afdd4bc8a87e94ec553ab28c5f4f0770d
0x238a358808379702088667322f80ac48bad5e6c4,1782777602,107153265,-161796603181445819272552,31884734933982917126327,0xc940f8548b6a4e54dd3f73847f667894e4267f3b390c4505da585e6d84fe6288
0x238a358808379702088667322f80ac48bad5e6c4,1782777602,107153265,4700144087138702202005,825843901866898751488,0xc940f8548b6a4e54dd3f73847f667894e4267f3b390c4505da585e6d84fe6288
0x238a358808379702088667322f80ac48bad5e6c4,1782777602,107153266,4524858234356159993978,175285852782542208027,0xe232fe2dc6e4b07f97aaf665d0ae3ab323be6fab18200ffa9738d04114e11870
0x238a358808379702088667322f80ac48bad5e6c4,1782777602,107153266,4857558766940546070855,332700532584386076877,0x3df3febc36642da24f5da8413e77b3904431e5a63bc3366756497413efd5d047
0x238a358808379702088667322f80ac48bad5e6c4,1782777602,107153266,4846558219420206962615,11000547520339108240,0x6cafccf70b32a37dabfec6e89797287e6c92b439776a4c76482e0012f667ac85
0x238a358808379702088667322f80ac48bad5e6c4,1782777602,107153266,5528063210,5528063210,0x6cafccf70b32a37dabfec6e89797287e6c92b439776a4c76482e0012f667ac85
0x238a358808379702088667322f80ac48bad5e6c4,1782777602,107153266,697000000000000000000,697000000000000000000,0x6a9dfa12a4a48a17be6dfb2434142f8da2ff99afc0bead43afb613b36e4c642e
0x238a358808379702088667322f80ac48bad5e6c4,1782777602,107153266,-168550306677794544436862,6753703496348725164310,0xc9e1475329a9fcc323293500c4c8820e2bcd27c5ea91432b6d37730de37804e9
0x238a358808379702088667322f80ac48bad5e6c4,1782777602,107153266,5021861427220321381971,175303207800114419356,0xc9e1475329a9fcc323293500c4c8820e2bcd27c5ea91432b6d37730de37804e9
0x238a358808379702088667322f80ac48bad5e6c4,1782777602,107153266,4821751790341308093515,200109636879013288456,0x6a9dfa12a4a48a17be6dfb2434142f8da2ff99afc0bead43afb613b36e4c642e
0x238a358808379702088667322f80ac48bad5e6c4,1782777602,107153266,4587725572605651530286,234026217735656563229,0x0f9080c53c636f7560af8e01e7e14e7752af0814549ab44f37858154d5d006ec
0x238a358808379702088667322f80ac48bad5e6c4,1782777602,107153266,336813198974797081319,84840844431555937343,0x0f9080c53c636f7560af8e01e7e14e7752af0814549ab44f37858154d5d006ec
0x238a358808379702088667322f80ac48bad5e6c4,1782777602,107153266,4493231153608959956915,94494418996691573371,0x1d90301c3f5956db7f4d5955e765bebc7460ec37bd8e4a2c6a4c6d109add86e8
0x238a358808379702088667322f80ac48bad5e6c4,1782777602,107153266,4134987552442134465746,358243601166825491169,0x1d90301c3f5956db7f4d5955e765bebc7460ec37bd8e4a2c6a4c6d109add86e8
0x238a358808379702088667322f80ac48bad5e6c4,1782777602,107153266,-3332103363890546346921,404000000000000000000,0xafb1465bb7f7497f518fc774edcb1b7d9695912805f26fccc436eb6d28471593
0x238a358808379702088667322f80ac48bad5e6c4,1782777602,107153266,-161795934498600079020474,6754372179194465416388,0xe232fe2dc6e4b07f97aaf665d0ae3ab323be6fab18200ffa9738d04114e11870
0x238a358808379702088667322f80ac48bad5e6c4,1782777602,107153266,4048014351968405056280,86973200473729409466,0xe4914ca64417a4d353588faf3483e5f73563f38cb0e9228ffd5e494b19db0164
0x238a358808379702088667322f80ac48bad5e6c4,1782777602,107153266,4041807624816221221361,6206727152183834919,0x016b55558da6479102521c825f09739b7f843130c6c82cff3d2963edd926e6c8
0x238a358808379702088667322f80ac48bad5e6c4,1782777602,107153266,4038814759075972912254,2992865740248309107,0x016b55558da6479102521c825f09739b7f843130c6c82cff3d2963edd926e6c8
0x238a358808379702088667322f80ac48bad5e6c4,1782777602,107153266,3964597609901915848920,74217149174057063334,0x016b55558da6479102521c825f09739b7f843130c6c82cff3d2963edd926e6c8
0x238a358808379702088667322f80ac48bad5e6c4,1782777602,107153266,3804667707627635687075,159929902274280161845,0xafb1465bb7f7497f518fc774edcb1b7d9695912805f26fccc436eb6d28471593
0x238a358808379702088667322f80ac48bad5e6c4,1782777602,107153266,-2416749733615110923250,153457212077191073990,0x3048c9c27d3c3c121cc451d4487cb1024d612eaf97298ab0f0292ec092dab36f
0x238a358808379702088667322f80ac48bad5e6c4,1782777602,107153266,3792188438449436248597,12479269178199438478,0x3048c9c27d3c3c121cc451d4487cb1024d612eaf97298ab0f0292ec092dab36f
0x238a358808379702088667322f80ac48bad5e6c4,1782777602,107153266,-174616148066012407168705,12820213567412328148231,0x3df3febc36642da24f5da8413e77b3904431e5a63bc3366756497413efd5d047
0x238a358808379702088667322f80ac48bad5e6c4,1782777603,107153267,-2435762050,2435762050,0x484c92be721a443e1a37bab75e0e6ad5bee172d19a882172059f16196c590461
0x238a358808379702088667322f80ac48bad5e6c4,1782777603,107153267,3769134848751070013594,23053589698366235003,0x2fda484973fde45c2d82623831259882415c08b0a49d7adc8489793336ec109f
0x238a358808379702088667322f80ac48bad5e6c4,1782777603,107153267,3430213275037882877707,338921573713187135887,0x0c85d9228ea1941561063c1b0baffeb10243adfe1f6976b6be6156e1332dd6c0
0x238a358808379702088667322f80ac48bad5e6c4,1782777603,107153267,-293000778480606367609,293000778480606367609,0x09a3d497035f2cc78fe519501753544e5d7826ecdac481df0062892503e727e0
0x238a358808379702088667322f80ac48bad5e6c4,1782777603,107153267,-359326767169269810875,181435899341675991841,0x863b5b6ee0fac5fe288308983e292480cbd6d092cb152949b5653869e59ea22b
0x238a358808379702088667322f80ac48bad5e6c4,1782777603,107153267,-1437304500044259925880,290934561993669555414,0x8bfd9a0262fc1ab04a3d3ae68b16358fe2992a0a703656a1bcf4728e5c45203d
0x238a358808379702088667322f80ac48bad5e6c4,1782777603,107153267,3443969811154467305129,13756536116584427422,0x484c92be721a443e1a37bab75e0e6ad5bee172d19a882172059f16196c590461
0x238a358808379702088667322f80ac48bad5e6c4,1782777603,107153267,3450759934611257428583,6790123456790123454,0x9624db691bf84b4d2c988b40b04c7e4fc217bc41ff50f85725edf4709c6a14d6
0x238a358808379702088667322f80ac48bad5e6c4,1782777603,107153267,3531501060123340569354,80741125512083140771,0x8bfd9a0262fc1ab04a3d3ae68b16358fe2992a0a703656a1bcf4728e5c45203d
0x238a358808379702088667322f80ac48bad5e6c4,1782777603,107153267,3517494760334156001462,14006299789184567892,0xede6fa4d6d0cbfff1a92376479e33f9acc01331f286e2853d45acb0f84984814
0x238a358808379702088667322f80ac48bad5e6c4,1782777603,107153267,1115805487702914393514,458778048074792000000,0x2fda484973fde45c2d82623831259882415c08b0a49d7adc8489793336ec109f
0x238a358808379702088667322f80ac48bad5e6c4,1782777603,107153267,-1634454364478739818614,197149864434479892734,0xa0d6fe759149707935894a73b67312ca22738abc30c9629c87377210b4b46f23
0x238a358808379702088667322f80ac48bad5e6c4,1782777603,107153267,3572232084158260379401,54737323824104377939,0xa0d6fe759149707935894a73b67312ca22738abc30c9629c87377210b4b46f23
0x238a358808379702088667322f80ac48bad5e6c4,1782777603,107153267,-2475600941449657171818,856502422440889175103,0x0c85d9228ea1941561063c1b0baffeb10243adfe1f6976b6be6156e1332dd6c0
0x238a358808379702088667322f80ac48bad5e6c4,1782777603,107153267,-1658928051618858476547,24473687140118657933,0x9624db691bf84b4d2c988b40b04c7e4fc217bc41ff50f85725edf4709c6a14d6
0x238a358808379702088667322f80ac48bad5e6c4,1782777603,107153267,-493833306763484797454,493833306763484797454,0x3c1921e0b49be2aef2785a0876c65c8b5779d23e105f8fe6cc38abb40aedc284
0x238a358808379702088667322f80ac48bad5e6c4,1782777603,107153267,-1115323566648212711929,1115323566648212711929,0xc5116600c0f8e5c20c56b29f462d23892c1c622812767f639fe36e17e9476b8b
0x238a358808379702088667322f80ac48bad5e6c4,1782777603,107153267,145474047725659900000,44299388143589900000,0xede6fa4d6d0cbfff1a92376479e33f9acc01331f286e2853d45acb0f84984814
0x238a358808379702088667322f80ac48bad5e6c4,1782777603,107153268,-1838897940998900950534,179969889380042473987,0x7ed78fe83b739e8076de09572586a2955c8a1c0c180dc9c50c7885bd0dd61d44
0x238a358808379702088667322f80ac48bad5e6c4,1782777603,107153268,51375070016376600000000,51375070016376600000000,0x12919c59f13df3aa21ba4ccc0b4cb0dba9be803ce8720348cd57c77ad320a678
0x238a358808379702088667322f80ac48bad5e6c4,1782777603,107153268,3622216187263683713289,49984103105423333888,0x7ed78fe83b739e8076de09572586a2955c8a1c0c180dc9c50c7885bd0dd61d44
0x238a358808379702088667322f80ac48bad5e6c4,1782777603,107153268,3797395716943404363748,175179529679720650459,0x9e856ba069e30364fb8ee5e68952473c78456106c3cb52c1b88d5e0d10407491
0x238a358808379702088667322f80ac48bad5e6c4,1782777603,107153268,3838229195007484463748,40833478064080100000,0xaa61a7cc4a5e88d7b4b822e1e315b43935034dc433031fe15ef4f51f1bc6f735
0x238a358808379702088667322f80ac48bad5e6c4,1782777603,107153268,-2918049369821426947888,442448428371769776070,0x9e856ba069e30364fb8ee5e68952473c78456106c3cb52c1b88d5e0d10407491
0x238a358808379702088667322f80ac48bad5e6c4,1782777603,107153268,-2918769460014999443884,502019726399888520634,0xaa61a7cc4a5e88d7b4b822e1e315b43935034dc433031fe15ef4f51f1bc6f735
0x238a358808379702088667322f80ac48bad5e6c4,1782777603,107153268,-3706986635297030066122,788937265475603118234,0x9475b8e43535b937ca8fedf46e9f52178b0fb7d009a36460d71358c39031bc83
0x238a358808379702088667322f80ac48bad5e6c4,1782777603,107153268,4150469936580563563748,312240741573079100000,0x9475b8e43535b937ca8fedf46e9f52178b0fb7d009a36460d71358c39031bc83
0x238a358808379702088667322f80ac48bad5e6c4,1782777603,107153268,4142165634491304067623,8304302089259496125,0x12919c59f13df3aa21ba4ccc0b4cb0dba9be803ce8720348cd57c77ad320a678
0x238a358808379702088667322f80ac48bad5e6c4,1782777604,107153269,4026947302721229189375,115218331770074878248,0x1ce0b4186571bfc9a894f2597d9219895d73f09e1c559e73950408c43666b15f
0x238a358808379702088667322f80ac48bad5e6c4,1782777604,107153269,383983468754273281319,47170269779476200000,0x4247d08e2563c839cc2a3cdadeb3568380790a5d4ee2360e3aa244ac3e246768
0x238a358808379702088667322f80ac48bad5e6c4,1782777604,107153269,-906570883263751429896,208752683384461282033,0xeb1751576ab9d0611b0f336c165695a38c4700d50101b394f8af93a41305a873
0x238a358808379702088667322f80ac48bad5e6c4,1782777604,107153269,3896869319932483179332,130077982788746010043,0x4247d08e2563c839cc2a3cdadeb3568380790a5d4ee2360e3aa244ac3e246768
0x238a358808379702088667322f80ac48bad5e6c4,1782777604,107153269,-1597845838347617743719,205468797520897695846,0x2c3bcc4247105319f3c85538742452577161b1ba56571b03eea7e596e36f9632
0x238a358808379702088667322f80ac48bad5e6c4,1782777604,107153269,4102557214595347544193,205687894662864364861,0x2c3bcc4247105319f3c85538742452577161b1ba56571b03eea7e596e36f9632
0x238a358808379702088667322f80ac48bad5e6c4,1782777604,107153269,-179904121915539218659732,5287973849526811491027,0xcbc01ca1882ced3b6cbc7f0ab3bf90c48352f2999ac26dfbbdcdacdd831c19d4
0x238a358808379702088667322f80ac48bad5e6c4,1782777604,107153269,4081809723107457261429,20747491487890282764,0xfa4448380a1c906851d72295b5230a5fdb3aecd37029a45def98067f0ece71f5
0x238a358808379702088667322f80ac48bad5e6c4,1782777604,107153269,-179104943188311303091396,799178727227915568336,0xfa4448380a1c906851d72295b5230a5fdb3aecd37029a45def98067f0ece71f5
0x238a358808379702088667322f80ac48bad5e6c4,1782777604,107153269,-3415938026218524066122,291048609078506000000,0x1ce0b4186571bfc9a894f2597d9219895d73f09e1c559e73950408c43666b15f
0x238a358808379702088667322f80ac48bad5e6c4,1782777604,107153269,-1564346679922632643719,33499158424985100000,0xad7092816133c3f6a35f139af086ebc79d85bcdf24b8c0751f786e7ec19df5cb
0x238a358808379702088667322f80ac48bad5e6c4,1782777604,107153269,27178165,61653967,0xad7092816133c3f6a35f139af086ebc79d85bcdf24b8c0751f786e7ec19df5cb
0x238a358808379702088667322f80ac48bad5e6c4,1782777604,107153270,4130857883293049161429,49048160185591900000,0xfd4c0fbd05d419fe5fcda5ecc448847f21b85794a0c179c557955805fe6bfbc4
0x238a358808379702088667322f80ac48bad5e6c4,1782777604,107153270,4111382639780813537696,19475243512235623733,0xfd8eb8ebc9c71adcbfec7693059a877eae526edaadc91ddb2570d65ad987ee09
0x238a358808379702088667322f80ac48bad5e6c4,1782777604,107153270,8095445287574610000000,8095445287574610000000,0x3342c34100d0f295e9c228fe0c8ded59752ab0253e25bda1d21138b9dfdab0e6
0x238a358808379702088667322f80ac48bad5e6c4,1782777604,107153270,-205730575584766917063077,26625632396455613971681,0x3c236141991787debba0a3a9e8e36d08258f0a4e1ba4f296290f8113a231f4b5
0x238a358808379702088667322f80ac48bad5e6c4,1782777604,107153270,-50047953869742082236,50047953869742082236,0x3342c34100d0f295e9c228fe0c8ded59752ab0253e25bda1d21138b9dfdab0e6
0x238a358808379702088667322f80ac48bad5e6c4,1782777604,107153270,-76221130073278063625,76221130073278063625,0xfd4c0fbd05d419fe5fcda5ecc448847f21b85794a0c179c557955805fe6bfbc4
0x238a358808379702088667322f80ac48bad5e6c4,1782777604,107153270,-3414570762277675478789,1367263940848587333,0x7cda92be441f08117a45a35bc94bd95215a3f4f40fcb1bb64434a0317c2f1a87
0x238a358808379702088667322f80ac48bad5e6c4,1782777604,107153270,4110841569523654897651,541070257158640045,0x7cda92be441f08117a45a35bc94bd95215a3f4f40fcb1bb64434a0317c2f1a87
0x238a358808379702088667322f80ac48bad5e6c4,1782777604,107153270,3886049155743653455210,224792413780001442441,0xfd8eb8ebc9c71adcbfec7693059a877eae526edaadc91ddb2570d65ad987ee09
0x238a358808379702088667322f80ac48bad5e6c4,1782777604,107153270,-197084636335702899574531,8645939249064017488546,0xfd8eb8ebc9c71adcbfec7693059a877eae526edaadc91ddb2570d65ad987ee09
0x238a358808379702088667322f80ac48bad5e6c4,1782777604,107153270,3844461650700588654214,41587505043064800996,0xfd8eb8ebc9c71adcbfec7693059a877eae526edaadc91ddb2570d65ad987ee09
0x238a358808379702088667322f80ac48bad5e6c4,1782777604,107153270,-195484544377879257736787,1600091957823641837744,0xfd8eb8ebc9c71adcbfec7693059a877eae526edaadc91ddb2570d65ad987ee09
0x238a358808379702088667322f80ac48bad5e6c4,1782777604,107153270,3694741438502041479141,3694741438502041479141,0x8996ebf801cf451edc5da45583d6e1d0a2fb47a6083288c1bc3f63401cd13e39
0x238a358808379702088667322f80ac48bad5e6c4,1782777604,107153270,3795140530706574095436,49321119994014558778,0x8996ebf801cf451edc5da45583d6e1d0a2fb47a6083288c1bc3f63401cd13e39
0x238a358808379702088667322f80ac48bad5e6c4,1782777604,107153270,452337284883054551217,68353816128781269898,0x8996ebf801cf451edc5da45583d6e1d0a2fb47a6083288c1bc3f63401cd13e39
0x238a358808379702088667322f80ac48bad5e6c4,1782777604,107153270,3606693361552019565051,188447169154554530385,0x8996ebf801cf451edc5da45583d6e1d0a2fb47a6083288c1bc3f63401cd13e39
0x238a358808379702088667322f80ac48bad5e6c4,1782777604,107153270,4298666980610056570049,691973619058037004998,0x3c236141991787debba0a3a9e8e36d08258f0a4e1ba4f296290f8113a231f4b5
0x238a358808379702088667322f80ac48bad5e6c4,1782777604,107153270,4284417897502935778986,14249083107120791063,0xfd8eb8ebc9c71adcbfec7693059a877eae526edaadc91ddb2570d65ad987ee09
0x238a358808379702088667322f80ac48bad5e6c4,1782777604,107153270,-194936266445297386137964,548277932581871598823,0xfd8eb8ebc9c71adcbfec7693059a877eae526edaadc91ddb2570d65ad987ee09
0x238a358808379702088667322f80ac48bad5e6c4,1782777604,107153270,4146916081577836241416,137501815925099537570,0xfd6c2f5c4081ab9b9c6e44096c2977ea741b6b9333f23b777b44564aaa11cf7a
0x238a358808379702088667322f80ac48bad5e6c4,1782777604,107153270,3987549573300297778258,159366508277538463158,0x0ca801b069f2afcaa2b57fa05bb92503849cb4fcaeeddbf4865fa9ee380c9975
0x238a358808379702088667322f80ac48bad5e6c4,1782777604,107153270,-3011910474002357900303,402660288275317578486,0x0ca801b069f2afcaa2b57fa05bb92503849cb4fcaeeddbf4865fa9ee380c9975
0x238a358808379702088667322f80ac48bad5e6c4,1782777604,107153270,219822191886093877248,219822191886093877248,0x9d6dbd3fb2779edb50f329d6e0152a8f3e5610d091856631e48585449f326248
0x238a358808379702088667322f80ac48bad5e6c4,1782777604,107153270,3974902986651544907343,12646586648752870915,0xfd8eb8ebc9c71adcbfec7693059a877eae526edaadc91ddb2570d65ad987ee09
0x238a358808379702088667322f80ac48bad5e6c4,1782777604,107153270,-194449632415725698958908,486634029571687179056,0xfd8eb8ebc9c71adcbfec7693059a877eae526edaadc91ddb2570d65ad987ee09
0x238a358808379702088667322f80ac48bad5e6c4,1782777604,107153270,-193700203706071420923602,749428709654278035306,0xfd8eb8ebc9c71adcbfec7693059a877eae526edaadc91ddb2570d65ad987ee09
0x238a358808379702088667322f80ac48bad5e6c4,1782777604,107153270,4287684784140671860063,312781797489126952720,0x31fe615917cc861506e8caef4b65492eb8dbaea8e638e586607bac897a660f42
0x238a358808379702088667322f80ac48bad5e6c4,1782777604,107153270,-205729384577950926208956,12029180871879505285354,0x31fe615917cc861506e8caef4b65492eb8dbaea8e638e586607bac897a660f42
0x238a358808379702088667322f80ac48bad5e6c4,1782777604,107153271,-1561539010036096646877,277358930962804303657,0x2ed08a8b046b6b13b90b4fe738ca0cd0b8fea6e418936708786e824f6cddb6f1
0x238a358808379702088667322f80ac48bad5e6c4,1782777604,107153271,4191192261006995588694,96492523133676271369,0xcf203001ee085913842de29cc896e4f238fe95a359a2dd54ede2d4e007e7d8fa
0x238a358808379702088667322f80ac48bad5e6c4,1782777604,107153271,3559287873671754591328,631904387335240997366,0x429c1e12df9bb3ba387841d71155ceedbe10c450625927557d3ecf4ce34086e6
0x238a358808379702088667322f80ac48bad5e6c4,1782777604,107153271,-1414283412074634164570,1597627061927723735733,0x429c1e12df9bb3ba387841d71155ceedbe10c450625927557d3ecf4ce34086e6
0x238a358808379702088667322f80ac48bad5e6c4,1782777604,107153271,-823064877174810166231,591218534899823998339,0xd4070bfc499587cfe30afb053cae04038663cf121893eed28562eb680ea6a2c9
0x238a358808379702088667322f80ac48bad5e6c4,1782777604,107153271,3325611088482795892782,233676785188958698546,0xd4070bfc499587cfe30afb053cae04038663cf121893eed28562eb680ea6a2c9
0x238a358808379702088667322f80ac48bad5e6c4,1782777604,107153271,-26434224,53612389,0xcc3dcccbb9f4cde8760966b23ff7edd0e5167b13dee4efd2c9514e9b23d320fd
0x238a358808379702088667322f80ac48bad5e6c4,1782777604,107153271,-1252588714928906817038,308950295107189829839,0xce48cb272d10b95a95757313ad59d98709bdb57926dc2ed26b1609efd5cf433f
0x238a358808379702088667322f80ac48bad5e6c4,1782777604,107153271,3239879975755096417449,85731112727699475333,0xce48cb272d10b95a95757313ad59d98709bdb57926dc2ed26b1609efd5cf433f
0x238a358808379702088667322f80ac48bad5e6c4,1782777604,107153271,-1535203652580913543719,29143027341719100000,0xcc3dcccbb9f4cde8760966b23ff7edd0e5167b13dee4efd2c9514e9b23d320fd
0x238a358808379702088667322f80ac48bad5e6c4,1782777604,107153271,3311244828441887117449,71364852686790700000,0x5bc9f3a41d54b6ba46cac579490f14b689db709fc0a8ccc9632803474155e265
0x238a358808379702088667322f80ac48bad5e6c4,1782777604,107153271,3287392562349674015288,23852266092213102161,0x10e6e8c50b817645a85c5a453180b22a7637d5c26462d0978f2a5352297afb21
0x238a358808379702088667322f80ac48bad5e6c4,1782777604,107153271,-204811892547053682602448,917492030897243606508,0x10e6e8c50b817645a85c5a453180b22a7637d5c26462d0978f2a5352297afb21
0x238a358808379702088667322f80ac48bad5e6c4,1782777604,107153271,3190933559131399332933,96459003218274682355,0x1a0b22a511ef2bc001d8adfd5d7c033ec97df8436f3e44f77cda64f6d7b07d33
0x238a358808379702088667322f80ac48bad5e6c4,1782777604,107153271,61491389373071453913,607897018610049546087,0x5bc9f3a41d54b6ba46cac579490f14b689db709fc0a8ccc9632803474155e265
0x238a358808379702088667322f80ac48bad5e6c4,1782777604,107153271,3100000000000000000000,3100000000000000000000,0x1a0b22a511ef2bc001d8adfd5d7c033ec97df8436f3e44f77cda64f6d7b07d33
0x238a358808379702088667322f80ac48bad5e6c4,1782777604,107153271,-905059358722406907870,347529356206499909168,0xcf203001ee085913842de29cc896e4f238fe95a359a2dd54ede2d4e007e7d8fa
0x238a358808379702088667322f80ac48bad5e6c4,1782777604,107153271,3129152497571461926490,61781061559937406443,0xd4070bfc499587cfe30afb053cae04038663cf121893eed28562eb680ea6a2c9
0x238a358808379702088667322f80ac48bad5e6c4,1782777604,107153271,-682313402645312246095,222745956077094661775,0xd4070bfc499587cfe30afb053cae04038663cf121893eed28562eb680ea6a2c9
0x238a358808379702088667322f80ac48bad5e6c4,1782777604,107153271,3112612730794164074928,16539766777297851562,0x208ac1e5302261e8ed24ee7faf87d6a1ee7e75e274e231f97aba94360bd15d20
0x238a358808379702088667322f80ac48bad5e6c4,1782777604,107153271,3071868632884325593772,40744097909838481156,0xd4070bfc499587cfe30afb053cae04038663cf121893eed28562eb680ea6a2c9
0x238a358808379702088667322f80ac48bad5e6c4,1782777604,107153271,2994818226543780257236,77050406340545336536,0x2ed08a8b046b6b13b90b4fe738ca0cd0b8fea6e418936708786e824f6cddb6f1
0x238a358808379702088667322f80ac48bad5e6c4,1782777604,107153271,13840901369,8312838159,0x208ac1e5302261e8ed24ee7faf87d6a1ee7e75e274e231f97aba94360bd15d20
0x238a358808379702088667322f80ac48bad5e6c4,1782777604,107153271,-3197858234526801775591,279088774511802331707,0xf0c00cc36619359f31da2fb39cffb506b14312dc07694176d3e29b5e5fb1155e
0x238a358808379702088667322f80ac48bad5e6c4,1782777604,107153271,3017519766584733857236,22701540040953600000,0xf0c00cc36619359f31da2fb39cffb506b14312dc07694176d3e29b5e5fb1155e
0x238a358808379702088667322f80ac48bad5e6c4,1782777604,107153271,3017423211025956805502,96555558777051734,0x1a0b22a511ef2bc001d8adfd5d7c033ec97df8436f3e44f77cda64f6d7b07d33
0x238a358808379702088667322f80ac48bad5e6c4,1782777604,107153271,-85192216671468576458,739269814800900172436,0xd4070bfc499587cfe30afb053cae04038663cf121893eed28562eb680ea6a2c9
0x238a358808379702088667322f80ac48bad5e6c4,1782777605,107153272,-218357132522469664641404,13545239975415982038956,0xe728b498c3df6b46767020a706cbc285c69e78c9bca33817d22817109326e4b3
0x238a358808379702088667322f80ac48bad5e6c4,1782777605,107153272,-204341132199403716100309,14016000323065948541095,0xce61adf0fafa493b567bc917620ca5e9215309a52129d9856b526e4b77cf1ed7
0x238a358808379702088667322f80ac48bad5e6c4,1782777605,107153272,2961971732910908489751,55451478115048315751,0x374fe82488bcb7a3396ffbfbc60e1a2179613c38e4b37793c207fe1a50762e8f
0x238a358808379702088667322f80ac48bad5e6c4,1782777605,107153272,-192978061989106134798778,11363070210297581301531,0x1c09e7264dba869e0427d97a83cf4824d4eca509caf83ba6bcb2072e895465f3
0x238a358808379702088667322f80ac48bad5e6c4,1782777605,107153272,-1508835794903751843719,26367857677161700000,0x7681d0b5a760da72302da33f13cd251c7301822a42cb7137dd6941522b16ef73
0x238a358808379702088667322f80ac48bad5e6c4,1782777605,107153272,-361220757326089816351,361220757326089816351,0x7681d0b5a760da72302da33f13cd251c7301822a42cb7137dd6941522b16ef73
0x238a358808379702088667322f80ac48bad5e6c4,1782777605,107153272,-2113860083228638978430,1207289199964887548534,0xfc4ec7bfe73deaec59a6bba37b515517fec7e34aff6d91be740014fb1e2234cc
0x238a358808379702088667322f80ac48bad5e6c4,1782777605,107153272,2662332394577552323957,299639338333356165794,0xc7c72bc7abbe0633a37bbe6d4be27c63ff46284709117d5e681ae317c483ac7d
0x238a358808379702088667322f80ac48bad5e6c4,1782777605,107153272,-181436352306497731633919,11541709682608403164859,0xc7c72bc7abbe0633a37bbe6d4be27c63ff46284709117d5e681ae317c483ac7d
0x238a358808379702088667322f80ac48bad5e6c4,1782777605,107153272,2773026617756158929891,110694223178606605934,0x74380a60ad4757084dc08f72ef1fa2ec24e1079ce0f139bb610682df4c9838ac
0x238a358808379702088667322f80ac48bad5e6c4,1782777605,107153272,2478254840707573374782,294771777048585555109,0x1c09e7264dba869e0427d97a83cf4824d4eca509caf83ba6bcb2072e895465f3
0x238a358808379702088667322f80ac48bad5e6c4,1782777605,107153272,-4558504242824728397514,1360646008297926621923,0x74380a60ad4757084dc08f72ef1fa2ec24e1079ce0f139bb610682df4c9838ac
0x238a358808379702088667322f80ac48bad5e6c4,1782777605,107153272,1084657217833187855277,1084657217833187855277,0x011914c163a378347d4b1dc7b7c3bc83591c1340f03f5edc5e5efea01dddb976
0x238a358808379702088667322f80ac48bad5e6c4,1782777605,107153272,-1889254178258416693380,380418383354664849661,0x4531bc01dbafc5914ae173bab415d9bca37fe2a6f7527150714f7b419c3a7e51
0x238a358808379702088667322f80ac48bad5e6c4,1782777605,107153272,2114062655250569328316,364192185457004046466,0xce61adf0fafa493b567bc917620ca5e9215309a52129d9856b526e4b77cf1ed7
0x238a358808379702088667322f80ac48bad5e6c4,1782777605,107153272,2494887062079461110561,380824406828891782245,0x4531bc01dbafc5914ae173bab415d9bca37fe2a6f7527150714f7b419c3a7e51
0x238a358808379702088667322f80ac48bad5e6c4,1782777605,107153272,-482313402645312246095,200000000000000000000,0x374fe82488bcb7a3396ffbfbc60e1a2179613c38e4b37793c207fe1a50762e8f
0x238a358808379702088667322f80ac48bad5e6c4,1782777605,107153272,2408156444588075289366,86730617491385821195,0x011914c163a378347d4b1dc7b7c3bc83591c1340f03f5edc5e5efea01dddb976
0x238a358808379702088667322f80ac48bad5e6c4,1782777605,107153273,2702032080149776257335,293875635561700967969,0xc4fcfbc4b887c7397a707c7cdea7f4d4a18572e3050fab7417d5be74a453ec58
0x238a358808379702088667322f80ac48bad5e6c4,1782777605,107153273,-10709201,10709201,0x1d36074acc220ba49fc199935826f005f5dcedc1f76d217cac7cf5c556f135a8
0x238a358808379702088667322f80ac48bad5e6c4,1782777605,107153273,2889216833713371945142,187184753563595687807,0x72a3406ea9e814be708fb5705e752d46aa2a79e37be0c8eabdb38e4beb47efd4
0x238a358808379702088667322f80ac48bad5e6c4,1782777605,107153273,2537810810836967320657,351406022876404624485,0xf30985d157cdf7e26a5c54a208f62230b25e672f84536d251b7e7a05b342ce32
0x238a358808379702088667322f80ac48bad5e6c4,1782777605,107153273,3301832892130609417500,764022081293642096843,0xfd51020763538c698b97d93ca41d85e140d04b1990ed3ed0c5044b26ac20ac98
0x238a358808379702088667322f80ac48bad5e6c4,1782777605,107153273,-13944647314659696498928,9386143071834968101414,0xfd51020763538c698b97d93ca41d85e140d04b1990ed3ed0c5044b26ac20ac98
0x238a358808379702088667322f80ac48bad5e6c4,1782777605,107153273,-1541456892910614789531,1059143490265302543436,0xc4fcfbc4b887c7397a707c7cdea7f4d4a18572e3050fab7417d5be74a453ec58
0x238a358808379702088667322f80ac48bad5e6c4,1782777605,107153273,3356518665103068210790,54685772972458793290,0x476143ca79a37998eba23f346950da7a5a70db1770ded7ed51557fb3d4c95a3a
0x238a358808379702088667322f80ac48bad5e6c4,1782777605,107153273,432511247903319713122,19826036979734838095,0x476143ca79a37998eba23f346950da7a5a70db1770ded7ed51557fb3d4c95a3a
0x238a358808379702088667322f80ac48bad5e6c4,1782777605,107153273,3289274171889763537431,67244493213304673359,0xbe619e87eb1fc1abce5d8bd9f7c4256d1ec0aa8db64f949e8d79af377dd5752e
0x238a358808379702088667322f80ac48bad5e6c4,1782777605,107153273,3185913323932265493445,103360847957498043986,0x92669421aa11b5dcff4ec8cc2dc2a0353c019cbc0dc4872d7381b9ab22209b6b
0x238a358808379702088667322f80ac48bad5e6c4,1782777605,107153273,47652291645,33811390276,0xbe619e87eb1fc1abce5d8bd9f7c4256d1ec0aa8db64f949e8d79af377dd5752e
0x238a358808379702088667322f80ac48bad5e6c4,1782777605,107153273,409326411678779883551,23184836224539829571,0x569368b4a62008e4b37a7a1d138ac5d1fbadd6acd63deef63cc1ee441cb9b5de
0x238a358808379702088667322f80ac48bad5e6c4,1782777605,107153273,3249857654182447611952,63944330250182118507,0x569368b4a62008e4b37a7a1d138ac5d1fbadd6acd63deef63cc1ee441cb9b5de
0x238a358808379702088667322f80ac48bad5e6c4,1782777605,107153273,-852752017987749010698,37580006249004703211,0x0c6fb1c7a86a584de3bb457d5fa9c04b60a03a7adb54b0369b3b2ca12f92d839
0x238a358808379702088667322f80ac48bad5e6c4,1782777605,107153273,3254835081166084722952,4977426983637111000,0x0c6fb1c7a86a584de3bb457d5fa9c04b60a03a7adb54b0369b3b2ca12f92d839
0x238a358808379702088667322f80ac48bad5e6c4,1782777605,107153273,-12675117642719802257348,1269529671939894241580,0x92669421aa11b5dcff4ec8cc2dc2a0353c019cbc0dc4872d7381b9ab22209b6b
0x238a358808379702088667322f80ac48bad5e6c4,1782777605,107153273,3238044853435452829586,16790227730631893366,0x97b561ef0826aa60f1090fe18065534c621f35c4b904a95722b087c3d103b6bb
0x238a358808379702088667322f80ac48bad5e6c4,1782777605,107153273,-12468876078165436014689,206241564554366242659,0x97b561ef0826aa60f1090fe18065534c621f35c4b904a95722b087c3d103b6bb
0x238a358808379702088667322f80ac48bad5e6c4,1782777605,107153273,3222588943376912799069,15455910058540030517,0x8b797f516f246dc1c8feee66e88947b01f304344780cee8ed0d733057e4db36c
0x238a358808379702088667322f80ac48bad5e6c4,1782777605,107153273,3238044853435452829586,15455910058540030517,0x8b797f516f246dc1c8feee66e88947b01f304344780cee8ed0d733057e4db36c
0x238a358808379702088667322f80ac48bad5e6c4,1782777605,107153273,39880340048,7771951597,0x8b797f516f246dc1c8feee66e88947b01f304344780cee8ed0d733057e4db36c
0x238a358808379702088667322f80ac48bad5e6c4,1782777605,107153273,3124219139276504292346,113825714158948537240,0x5c8ba984e3c416518ad747ee211adb07355b3f6090ede4d2df6e579ec64ff7ea
0x238a358808379702088667322f80ac48bad5e6c4,1782777605,107153273,-1895626422400663045601,6372244142246352221,0x003d5bdb6a7a55f1f1c9eda8dc64895ef73751c765f2d27f4da2cb858a63df49
0x238a358808379702088667322f80ac48bad5e6c4,1782777605,107153273,-63635399550984759537,16172356902216037693,0x003d5bdb6a7a55f1f1c9eda8dc64895ef73751c765f2d27f4da2cb858a63df49
0x238a358808379702088667322f80ac48bad5e6c4,1782777605,107153273,79698907008379537078,18207517635308083165,0x0bae30c46288e85ef07a9d7522019b261e0b92ea9735c9d4913ef08267b2f9d6
0x238a358808379702088667322f80ac48bad5e6c4,1782777605,107153273,3122082611801442914317,2136527475061378029,0x0bae30c46288e85ef07a9d7522019b261e0b92ea9735c9d4913ef08267b2f9d6
0x238a358808379702088667322f80ac48bad5e6c4,1782777605,107153273,3248502966058917516722,126420354257474602405,0x611a4176612ce003d90d5c312bbc996953f9b1d66ec71a9ea54a4c625a379f71
0x238a358808379702088667322f80ac48bad5e6c4,1782777605,107153273,3271736849008875416722,23233882949957900000,0x1d36074acc220ba49fc199935826f005f5dcedc1f76d217cac7cf5c556f135a8
0x238a358808379702088667322f80ac48bad5e6c4,1782777605,107153273,1590296800552527678742,1510597893544148141664,0xcc057bce824e2d6c5b540438effc2fd174cedf319ec740bcac0d112a26a2f98e
0x238a358808379702088667322f80ac48bad5e6c4,1782777605,107153273,3094450141723956906517,177286707284918510205,0xcc057bce824e2d6c5b540438effc2fd174cedf319ec740bcac0d112a26a2f98e
0x238a358808379702088667322f80ac48bad5e6c4,1782777605,107153273,341443875142163892016,67882536536615991535,0x72a3406ea9e814be708fb5705e752d46aa2a79e37be0c8eabdb38e4beb47efd4
0x238a358808379702088667322f80ac48bad5e6c4,1782777605,107153273,3033047551849774769654,61402589874182136863,0xf30985d157cdf7e26a5c54a208f62230b25e672f84536d251b7e7a05b342ce32
0x238a358808379702088667322f80ac48bad5e6c4,1782777605,107153273,3048503461908314800171,15455910058540030517,0x8b797f516f246dc1c8feee66e88947b01f304344780cee8ed0d733057e4db36c
0x238a358808379702088667322f80ac48bad5e6c4,1782777605,107153273,-1948083488958144559802,52457066557481514201,0x611a4176612ce003d90d5c312bbc996953f9b1d66ec71a9ea54a4c625a379f71
0x238a358808379702088667322f80ac48bad5e6c4,1782777605,107153273,69487053923566116280,133122453474550875817,0x611a4176612ce003d90d5c312bbc996953f9b1d66ec71a9ea54a4c625a379f71
0x238a358808379702088667322f80ac48bad5e6c4,1782777605,107153273,295617359462974974117,45826515679188917899,0x611a4176612ce003d90d5c312bbc996953f9b1d66ec71a9ea54a4c625a379f71
0x238a358808379702088667322f80ac48bad5e6c4,1782777606,107153274,-402645536149231351057,1138811356761383438474,0xc8eebcae04ea4311363dff3bc463093235b6231429c40c5056865ab807d0b0e6
0x238a358808379702088667322f80ac48bad5e6c4,1782777606,107153274,3329352265224014150171,280848803315699350000,0xe696198d2f6590c688a8d190846e422dbe729870a8c8ec361981d88dedb43dcf
0x238a358808379702088667322f80ac48bad5e6c4,1782777606,107153274,-192260763409458903954487,10824411102961172320568,0xe696198d2f6590c688a8d190846e422dbe729870a8c8ec361981d88dedb43dcf
0x238a358808379702088667322f80ac48bad5e6c4,1782777606,107153274,3309313622307509447354,20038642916504702817,0x62d1128be5a6e151e17a1a54f0347a676d8b6c25c0ce1e8e681862d20b50fb8b
0x238a358808379702088667322f80ac48bad5e6c4,1782777606,107153274,2993417700511545357315,315895921795964090039,0xc8eebcae04ea4311363dff3bc463093235b6231429c40c5056865ab807d0b0e6
0x238a358808379702088667322f80ac48bad5e6c4,1782777606,107153275,3023381451268624991315,29963750757079634000,0x4d3cb40301089850a8286a856506ff6f2d3790fb1fac4f647a01f60a22ce1f0d
0x238a358808379702088667322f80ac48bad5e6c4,1782777606,107153275,-249038136253859203189,110288630915410607686,0xbe39116b7c09c7b98e7b9554c37ab48de3ce3fd1a3768fa4c41d8794ed7093aa
0x238a358808379702088667322f80ac48bad5e6c4,1782777606,107153275,17542079,43976303,0xee74c203b08720dd624bfdcc85b2a96a1ffec3729d601af6dfa925aa8ea4061e
0x238a358808379702088667322f80ac48bad5e6c4,1782777606,107153275,-2090635135350466142817,142551646392321583015,0xdfac83d05cf6e22ae542229cd87fdfafbbac4b264efe2d88923593708051ff81
0x238a358808379702088667322f80ac48bad5e6c4,1782777606,107153275,-8384739645151556638991,8384739645151556638991,0x4d3cb40301089850a8286a856506ff6f2d3790fb1fac4f647a01f60a22ce1f0d
0x238a358808379702088667322f80ac48bad5e6c4,1782777606,107153275,-2114536277704506809864,23901142354040667047,0xee74c203b08720dd624bfdcc85b2a96a1ffec3729d601af6dfa925aa8ea4061e
0x238a358808379702088667322f80ac48bad5e6c4,1782777606,107153275,2911495147820775182842,111886303447849808473,0xf5b5f8d443726b550cf1ef36647a8310f157fcbdd70cbddc167092b966a5d2b6
0x238a358808379702088667322f80ac48bad5e6c4,1782777606,107153275,2485657217833187855277,1401000000000000000000,0xf5b5f8d443726b550cf1ef36647a8310f157fcbdd70cbddc167092b966a5d2b6
0x238a358808379702088667322f80ac48bad5e6c4,1782777606,107153275,1767971777040378650871,177674976487850972129,0x47067a9bffe3791669c2498522dff2a28aaea6da161770f81e68b230bcdbdb72
0x238a358808379702088667322f80ac48bad5e6c4,1782777606,107153275,2890648992616300896594,20846155204474286248,0x47067a9bffe3791669c2498522dff2a28aaea6da161770f81e68b230bcdbdb72
0x238a358808379702088667322f80ac48bad5e6c4,1782777606,107153275,-197826479300176640160733,5565715890717736206246,0xed8c91cedab6cc9c8bd78c26c663bbe999d9b5fe6c1f2801057fddf6d632b52d
0x238a358808379702088667322f80ac48bad5e6c4,1782777606,107153275,92610435823272272304,142658389693014354540,0xdfac83d05cf6e22ae542229cd87fdfafbbac4b264efe2d88923593708051ff81
0x238a358808379702088667322f80ac48bad5e6c4,1782777607,107153276,2888008160099535272355,2640832516765624239,0xbd8ea058171f1690fcf8c596f8637122ca517ce490ae67284d9f1bcbde770869
0x238a358808379702088667322f80ac48bad5e6c4,1782777607,107153276,-2175082082003810612691,60545804299303802827,0xbd8ea058171f1690fcf8c596f8637122ca517ce490ae67284d9f1bcbde770869
0x238a358808379702088667322f80ac48bad5e6c4,1782777607,107153276,32011195593054855429,60599240230217416875,0xbd8ea058171f1690fcf8c596f8637122ca517ce490ae67284d9f1bcbde770869
0x238a358808379702088667322f80ac48bad5e6c4,1782777607,107153276,3081786970731132261952,193778810631596989597,0xe616698ddd32e8170e922acabc86200fedeb279c6cc93745e702eba3d4ec781c
0x238a358808379702088667322f80ac48bad5e6c4,1782777607,107153276,-1312303914711342639283,489239037536532473052,0xe616698ddd32e8170e922acabc86200fedeb279c6cc93745e702eba3d4ec781c
0x238a358808379702088667322f80ac48bad5e6c4,1782777607,107153276,-1896581431645900467621,278500650357910145070,0xbd8ea058171f1690fcf8c596f8637122ca517ce490ae67284d9f1bcbde770869
0x238a358808379702088667322f80ac48bad5e6c4,1782777607,107153276,3142405618180216802269,60618647449084540317,0xbd8ea058171f1690fcf8c596f8637122ca517ce490ae67284d9f1bcbde770869
0x238a358808379702088667322f80ac48bad5e6c4,1782777607,107153276,3214801935145714066427,72396316965497264158,0x1741feb239aad4d520e2c800683d9a39da9ac910bc7cd54f195ec7a6bebef5d4
0x238a358808379702088667322f80ac48bad5e6c4,1782777607,107153276,-246694388897098881328,278705584490153736757,0xbd8ea058171f1690fcf8c596f8637122ca517ce490ae67284d9f1bcbde770869
0x238a358808379702088667322f80ac48bad5e6c4,1782777607,107153276,-206106822263329327303305,8280342963152687142572,0x5695a617e11eb6c9cf357d927afc84fa41a339cf140a3d452e93ce307b49f4ed
0x238a358808379702088667322f80ac48bad5e6c4,1782777607,107153276,-1117179513830493677513,714533977681262326456,0x5695a617e11eb6c9cf357d927afc84fa41a339cf140a3d452e93ce307b49f4ed
0x238a358808379702088667322f80ac48bad5e6c4,1782777607,107153276,-11999755570326171785335,469120507839264229354,0x025f704f7379cd49b42213fc90968a71f4dd1b87add7da2df0883a41b5a8f352
0x238a358808379702088667322f80ac48bad5e6c4,1782777607,107153276,3124736449252624481198,90065485893089585229,0x025f704f7379cd49b42213fc90968a71f4dd1b87add7da2df0883a41b5a8f352
0x238a358808379702088667322f80ac48bad5e6c4,1782777607,107153276,3613822360348139256664,1128165142514951401387,0x025f704f7379cd49b42213fc90968a71f4dd1b87add7da2df0883a41b5a8f352
0x238a358808379702088667322f80ac48bad5e6c4,1782777607,107153276,-2751758169181439730348,2751758169181439730348,0x025f704f7379cd49b42213fc90968a71f4dd1b87add7da2df0883a41b5a8f352
0x238a358808379702088667322f80ac48bad5e6c4,1782777607,107153276,3173242057224901448592,48505607972276967394,0x025f704f7379cd49b42213fc90968a71f4dd1b87add7da2df0883a41b5a8f352
0x238a358808379702088667322f80ac48bad5e6c4,1782777607,107153276,3254046941608926628592,80804884384025180000,0x968c94bc0598c4e519df296ad000ff137be5226ad2030dd9128e1c1457f90012
0x238a358808379702088667322f80ac48bad5e6c4,1782777607,107153276,-1408275372865734111364,291095859035240433851,0x968c94bc0598c4e519df296ad000ff137be5226ad2030dd9128e1c1457f90012
0x238a358808379702088667322f80ac48bad5e6c4,1782777607,107153276,-1495045135436025818399,182741220724683179116,0x1741feb239aad4d520e2c800683d9a39da9ac910bc7cd54f195ec7a6bebef5d4
0x238a358808379702088667322f80ac48bad5e6c4,1782777607,107153276,3177383395438610392786,76663546170316235806,0x0e2a3e948c5fcb7bf453a451902b156708c9592e91ab762e418a419dce75d55d
0x238a358808379702088667322f80ac48bad5e6c4,1782777607,107153276,4574393599966231919367,960571239618092662703,0x0e2a3e948c5fcb7bf453a451902b156708c9592e91ab762e418a419dce75d55d
0x238a358808379702088667322f80ac48bad5e6c4,1782777607,107153276,3191930783010480423786,14547387571870031000,0x43c09c4fcb79538700cef0da6142e582e8daf40a8e6f47ffb0aaca5de4a4a917
0x238a358808379702088667322f80ac48bad5e6c4,1782777607,107153276,-12454681096113121350106,4069941450961564711115,0x43c09c4fcb79538700cef0da6142e582e8daf40a8e6f47ffb0aaca5de4a4a917
0x238a358808379702088667322f80ac48bad5e6c4,1782777607,107153276,3211909791361777047786,19979008351296624000,0xfa116457c214e238cd9148bb6560b3b7d71ba7b7300473979a8aa04c57891f5b
0x238a358808379702088667322f80ac48bad5e6c4,1782777607,107153276,-79857825545095203189,169180310708764000000,0xd11a6d7bd97bdd242abd622dfb1cff6a50bd7bd7c3168321f7b984d9099ce2c7
0x238a358808379702088667322f80ac48bad5e6c4,1782777607,107153276,3173719779441602338777,38190011920174709009,0x025f704f7379cd49b42213fc90968a71f4dd1b87add7da2df0883a41b5a8f352
0x238a358808379702088667322f80ac48bad5e6c4,1782777607,107153276,-18043333267444784105053,5588652171331662754947,0xfa116457c214e238cd9148bb6560b3b7d71ba7b7300473979a8aa04c57891f5b
0x238a358808379702088667322f80ac48bad5e6c4,1782777607,107153276,-1476733753485805048725,18311381950220769674,0xbd8ea058171f1690fcf8c596f8637122ca517ce490ae67284d9f1bcbde770869
0x238a358808379702088667322f80ac48bad5e6c4,1782777607,107153276,3166469514162878408997,7250265278723929780,0xbd8ea058171f1690fcf8c596f8637122ca517ce490ae67284d9f1bcbde770869
0x238a358808379702088667322f80ac48bad5e6c4,1782777607,107153276,-1470064080194556020103,6669673291249028622,0xbd8ea058171f1690fcf8c596f8637122ca517ce490ae67284d9f1bcbde770869
0x238a358808379702088667322f80ac48bad5e6c4,1782777607,107153276,-186103712439130290980,60590676457968590348,0xbd8ea058171f1690fcf8c596f8637122ca517ce490ae67284d9f1bcbde770869
0x238a358808379702088667322f80ac48bad5e6c4,1782777607,107153277,3022474018022699362185,143995496140179046812,0x9ad2515163c330f3f3cc122ac5957c678cfe530efb7e5647b7aa819eb0ef88cd
0x238a358808379702088667322f80ac48bad5e6c4,1782777607,107153277,42434415370412880341397,31132281494936180341397,0x9ad2515163c330f3f3cc122ac5957c678cfe530efb7e5647b7aa819eb0ef88cd
0x238a358808379702088667322f80ac48bad5e6c4,1782777607,107153277,2966046536303110803710,56427481719588558475,0xe13f942fb97d16438c5b5d5ed4a0199e9e701ce5a09564035133adfebf2b333e
0x238a358808379702088667322f80ac48bad5e6c4,1782777607,107153277,11146043,21855244,0xf8976718227895193d98c11cf8d5557086c37b34d40ee43011671e06ca25ac6f
0x238a358808379702088667322f80ac48bad5e6c4,1782777607,107153277,-3847586471086104787652,14195746796358679317401,0x8516b67282d79e13ae50b3ee4f4c114a9239ed5b3b4f4f3077939724bc490ae6
0x238a358808379702088667322f80ac48bad5e6c4,1782777607,107153277,2915315149574139906674,50731386728970897036,0x8516b67282d79e13ae50b3ee4f4c114a9239ed5b3b4f4f3077939724bc490ae6
0x238a358808379702088667322f80ac48bad5e6c4,1782777607,107153277,-1496826553253443387652,2350759917832661400000,0x51204d2e76c52b25f533877d1889dff48a4cae121b0cc3b904aac22e77d1256e
0x238a358808379702088667322f80ac48bad5e6c4,1782777607,107153277,2867954748325459160627,47360401248680746047,0xf8976718227895193d98c11cf8d5557086c37b34d40ee43011671e06ca25ac6f
0x238a358808379702088667322f80ac48bad5e6c4,1782777607,107153277,72827461,55285382,0x9543218f10e294ea56bef4bf84ca6176fb4faec948bd792fff0f14229b28e3a3
0x238a358808379702088667322f80ac48bad5e6c4,1782777607,107153277,-1926617352008537616967,30035920362637149346,0x9543218f10e294ea56bef4bf84ca6176fb4faec948bd792fff0f14229b28e3a3
0x238a358808379702088667322f80ac48bad5e6c4,1782777607,107153277,1908814617569798393514,793009129866884000000,0xf4f39969894efeec1618ce64bee2f78efdebaef0aba3b5b7ea8a47f7c6c701ae
0x238a358808379702088667322f80ac48bad5e6c4,1782777607,107153277,-1281385155297400689245,126890217568333422119,0x73df8f8d0c060ac1aca93f6addc0471c09b866988bf65e71b706d97be59bf119
0x238a358808379702088667322f80ac48bad5e6c4,1782777607,107153277,2832746000169307929325,35208748156151231302,0x73df8f8d0c060ac1aca93f6addc0471c09b866988bf65e71b706d97be59bf119
0x238a358808379702088667322f80ac48bad5e6c4,1782777607,107153277,511903686003583138737,511903686003583138737,0xfa6aaf05d5de6a51d7b458cd857937ad1edb5f4cba381ab1e685625542768f88
0x238a358808379702088667322f80ac48bad5e6c4,1782777607,107153277,2656212145466057113861,176533854703250815464,0x511a5a2dcf0820a0782edcb6ad2d5a58d9b64fad062420ef702f2080524ac562
0x238a358808379702088667322f80ac48bad5e6c4,1782777607,107153277,80535674261364235110022,38101258890951354768625,0x511a5a2dcf0820a0782edcb6ad2d5a58d9b64fad062420ef702f2080524ac562
0x238a358808379702088667322f80ac48bad5e6c4,1782777607,107153277,2647813546083361529567,8398599382695584294,0x51204d2e76c52b25f533877d1889dff48a4cae121b0cc3b904aac22e77d1256e
0x238a358808379702088667322f80ac48bad5e6c4,1782777607,107153277,-2850323085513632526943,1380259005319076506840,0x70e24b51451243903f46bc3347f4078c81830b287830649f3824f9d7445e2dc3
0x238a358808379702088667322f80ac48bad5e6c4,1782777607,107153277,3194906390582096439818,547092844498734910251,0x70e24b51451243903f46bc3347f4078c81830b287830649f3824f9d7445e2dc3
0x238a358808379702088667322f80ac48bad5e6c4,1782777607,107153277,3155074442880563319441,39831947701533120377,0xf4f39969894efeec1618ce64bee2f78efdebaef0aba3b5b7ea8a47f7c6c701ae
0x238a358808379702088667322f80ac48bad5e6c4,1782777607,107153277,-732016551647637218487,439015773167030850878,0x7ef0a6b18d4ef94e59d5a287b525d6cb02a7d9a88eaca6af9661178206ec55a0
0x238a358808379702088667322f80ac48bad5e6c4,1782777607,107153277,513402052670861552368,1498366667278413631,0x61dd5f9ce5e73c93026a04c1fce78282905eea264e2f30466597c498d3d6ba54
0x238a358808379702088667322f80ac48bad5e6c4,1782777607,107153277,573105461142817621204,59703408471956068836,0x09d91ca0fe368f4d8b02ac441bdc6c06933c7a4eebaac605e24b152d7ec0b7d5
0x238a358808379702088667322f80ac48bad5e6c4,1782777607,107153277,3117687835899100304863,37386606981463014578,0xc2fa5623940c1aee25cfc8405f1103e7e9e67289244d4afa5d9e66508dedc0a9
0x238a358808379702088667322f80ac48bad5e6c4,1782777607,107153277,28384457,17238414,0xc2fa5623940c1aee25cfc8405f1103e7e9e67289244d4afa5d9e66508dedc0a9
0x238a358808379702088667322f80ac48bad5e6c4,1782777607,107153277,1084202645426605810552,511097184283788189348,0x6caa1914e1d5505ca5aaea8515bec3867dd2c059d3aae63e251b48a98093d75c
0x238a358808379702088667322f80ac48bad5e6c4,1782777607,107153277,2909705321736553429670,207982514162546875193,0x1387bb46fbcc3501e15202c56b7044ddfb6ab5ecdee34823565faf6df06f7e6d
0x238a358808379702088667322f80ac48bad5e6c4,1782777607,107153277,125465012016510345186843,44929337755146110076821,0x1387bb46fbcc3501e15202c56b7044ddfb6ab5ecdee34823565faf6df06f7e6d
0x238a358808379702088667322f80ac48bad5e6c4,1782777607,107153277,2821976891495899196914,87728430240654232756,0xf072ec0b0e5c3eb40faf9c8dcb3ef1529e01bf612365ac56e274b754752b7747
0x238a358808379702088667322f80ac48bad5e6c4,1782777607,107153277,68921612,40537155,0xf072ec0b0e5c3eb40faf9c8dcb3ef1529e01bf612365ac56e274b754752b7747
0x238a358808379702088667322f80ac48bad5e6c4,1782777607,107153277,-1945485276304847685718,18867924296310068751,0xc93bae7be7a1d1000c68feecdbad3e2d6a4e308acafa40d25875bf55655da2d5
0x238a358808379702088667322f80ac48bad5e6c4,1782777607,107153277,526830732938756000000,526830732938756000000,0xc93bae7be7a1d1000c68feecdbad3e2d6a4e308acafa40d25875bf55655da2d5
0x238a358808379702088667322f80ac48bad5e6c4,1782777607,107153277,1322588128474394431184,238385483047788620632,0x46c729d8e324ee5b40fedba5b5b0193d9834507587ea7df3a49e251eb5322db7
0x238a358808379702088667322f80ac48bad5e6c4,1782777607,107153277,1812619548962313546636,490031420487919115452,0xe13f942fb97d16438c5b5d5ed4a0199e9e701ce5a09564035133adfebf2b333e
0x238a358808379702088667322f80ac48bad5e6c4,1782777607,107153277,5846256266905540663852,1271862666939308744485,0xe13f942fb97d16438c5b5d5ed4a0199e9e701ce5a09564035133adfebf2b333e
0x238a358808379702088667322f80ac48bad5e6c4,1782777607,107153277,2720500625729881352677,101476265766017844237,0xe13f942fb97d16438c5b5d5ed4a0199e9e701ce5a09564035133adfebf2b333e
0x238a358808379702088667322f80ac48bad5e6c4,1782777607,107153277,-1078083306459042820206,203301848838357869039,0xe13f942fb97d16438c5b5d5ed4a0199e9e701ce5a09564035133adfebf2b333e
0x238a358808379702088667322f80ac48bad5e6c4,1782777608,107153278,1914910975620530405211,805589650109350947466,0x2d7c02be6654b33853117462b92917a793a3bee9772a20212f0f3e31fa21695b
0x238a358808379702088667322f80ac48bad5e6c4,1782777608,107153278,-2818579317479187257053,31743768034445269890,0x2f324b30c2745d3b9bd9804e2a0addaa580e1ee58b98f78baad10a272187357c
0x238a358808379702088667322f80ac48bad5e6c4,1782777608,107153278,1838247218781452341610,76663756839078063601,0x551cba7356660f614b95a391ffc13349efc926a0bed7865751ade34d2ecd1c9b
0x238a358808379702088667322f80ac48bad5e6c4,1782777608,107153278,-219477045045556073778525,13370222782226746475220,0xca6fc8cf5b9b17837f0c5df07a78f037b2eed8e2096bee7eddb67d039e7f0ee6
0x238a358808379702088667322f80ac48bad5e6c4,1782777608,107153278,2185762543814538395186,347515325033086053576,0xca6fc8cf5b9b17837f0c5df07a78f037b2eed8e2096bee7eddb67d039e7f0ee6
0x238a358808379702088667322f80ac48bad5e6c4,1782777608,107153278,69081194566535747738,148939020111630950927,0x015a7926fea3d2234f913d04868fb8827cadaa501836b56642b96841c91f7242
0x238a358808379702088667322f80ac48bad5e6c4,1782777608,107153278,2239828011281663530762,54065467467125135576,0x2dceb268be0ed60131f6b32e746b35da929ad931fcdee2bbe9ae0024904396f8
0x238a358808379702088667322f80ac48bad5e6c4,1782777608,107153278,832747629848506808156,1076066987721291585358,0x2dceb268be0ed60131f6b32e746b35da929ad931fcdee2bbe9ae0024904396f8
0x238a358808379702088667322f80ac48bad5e6c4,1782777608,107153278,-785284047572212715326,2033295269906974541727,0x2d7c02be6654b33853117462b92917a793a3bee9772a20212f0f3e31fa21695b
0x238a358808379702088667322f80ac48bad5e6c4,1782777608,107153278,2227242722963346178918,12585288318317351844,0x2f324b30c2745d3b9bd9804e2a0addaa580e1ee58b98f78baad10a272187357c
0x238a358808379702088667322f80ac48bad5e6c4,1782777608,107153278,-225605680896800707826376,6128635851244634047851,0x571b5f92d63e580a9dc2af30709a9b7771488840fae37331fb76eef877c0e722
0x238a358808379702088667322f80ac48bad5e6c4,1782777608,107153278,-222657831311935637232567,2947849584865070593809,0x551cba7356660f614b95a391ffc13349efc926a0bed7865751ade34d2ecd1c9b
0x238a358808379702088667322f80ac48bad5e6c4,1782777608,107153279,1729269940697511174395,497972782265835004523,0x25bf7e77ab6aeae4c252e66344cd8bf9d98ede9eb36a2fda9425dfb96f5215ca
0x238a358808379702088667322f80ac48bad5e6c4,1782777608,107153279,-10264603099047989746473,1735152471278182038862,0x2f484e7f74af849c4a023c3c6b9affb234604fcc16e479e087d99c2e91033910
0x238a358808379702088667322f80ac48bad5e6c4,1782777608,107153279,-35369267070825087149,562200000009581087149,0xbe34aa2ce26ec4954cb87a83f0c020883995079101d4baada4bde28966163d71
0x238a358808379702088667322f80ac48bad5e6c4,1782777608,107153279,2035661778337454825723,306391837639943651328,0xe14d3f7049730ba7a9d2ed45f1241b7c9444f8c9a26d414f99ca8eb3a07a115c
0x238a358808379702088667322f80ac48bad5e6c4,1782777608,107153279,-1379417629248935169908,594133581676722454582,0x4d8f0fe8599fd49dd4fdb5be7e1155c7f7b32bce5db253a4b7af19e78e76e1b1
0x238a358808379702088667322f80ac48bad5e6c4,1782777608,107153279,187623395526256244244,42149347800596344244,0xc6d2009d0b886f9d1c1bf8e23971040fd3c75b6f2ea8cfd7180de31588bd04f3
0x238a358808379702088667322f80ac48bad5e6c4,1782777608,107153279,-122787482832965169908,1256630146415970000000,0x25bf7e77ab6aeae4c252e66344cd8bf9d98ede9eb36a2fda9425dfb96f5215ca
0x238a358808379702088667322f80ac48bad5e6c4,1782777608,107153279,2022352946462072454264,13308831875382371459,0xc6d2009d0b886f9d1c1bf8e23971040fd3c75b6f2ea8cfd7180de31588bd04f3
0x238a358808379702088667322f80ac48bad5e6c4,1782777608,107153279,2257684696642447454264,235331750180375000000,0x4d8f0fe8599fd49dd4fdb5be7e1155c7f7b32bce5db253a4b7af19e78e76e1b1
0x238a358808379702088667322f80ac48bad5e6c4,1782777608,107153279,2289154268741796099917,31469572099348645653,0x4ca092d3a25115a67dc9327a6e6381fc132ea80eeda622014545a402bb296f2c
0x238a358808379702088667322f80ac48bad5e6c4,1782777608,107153279,-3703470095115711011907,978558392280795104001,0x4ca092d3a25115a67dc9327a6e6381fc132ea80eeda622014545a402bb296f2c
0x238a358808379702088667322f80ac48bad5e6c4,1782777608,107153279,2129818111332550674265,159336157409245425652,0xed36c6544fceb4c2e8504f918949bc7cc10cd2bfc1b7eb5c5df6996b1319beaf
0x238a358808379702088667322f80ac48bad5e6c4,1782777608,107153279,1988579314907580541834,141238796424970132431,0x2f484e7f74af849c4a023c3c6b9affb234604fcc16e479e087d99c2e91033910
0x238a358808379702088667322f80ac48bad5e6c4,1782777608,107153279,-1925346155314661332718,20139120990186353000,0xbe34aa2ce26ec4954cb87a83f0c020883995079101d4baada4bde28966163d71
0x238a358808379702088667322f80ac48bad5e6c4,1782777608,107153279,2008197462716473387658,3838058804189067276194,0xe14d3f7049730ba7a9d2ed45f1241b7c9444f8c9a26d414f99ca8eb3a07a115c
0x238a358808379702088667322f80ac48bad5e6c4,1782777609,107153280,119509193,46681732,0xb22b09de33683594689eff8150f9997107827d0785780327f8c78a95d515c1e1
0x238a358808379702088667322f80ac48bad5e6c4,1782777609,107153280,-1950697657070489588244,25351501755828255526,0xb22b09de33683594689eff8150f9997107827d0785780327f8c78a95d515c1e1
0x238a358808379702088667322f80ac48bad5e6c4,1782777609,107153280,1695415619054506019781,293163695853074522053,0x91f63544507deb68be5ec933bf505165ae5c4d255e104d5e8e647c33f47ec222
0x238a358808379702088667322f80ac48bad5e6c4,1782777609,107153280,529464586289261912851,564833853360087000000,0x3b88e254a3bc9e95b175f75dd2ff7d78b9d40454465617de30d089e361b779f0
0x238a358808379702088667322f80ac48bad5e6c4,1782777609,107153280,-1970927085794808899826,20229428724319311582,0x3b88e254a3bc9e95b175f75dd2ff7d78b9d40454465617de30d089e361b779f0
0x238a358808379702088667322f80ac48bad5e6c4,1782777609,107153280,-6684542908217558963119,8379958527272064982900,0x17777964b5c77781126b7a8421b7dfd40bd4d9baa9109f26d093c3ec7ec22484
0x238a358808379702088667322f80ac48bad5e6c4,1782777609,107153281,-6876216684088036118422,191673775870477155303,0x2869d7e0bef931379cf9e7ab114aee281e3153f0b42d8d0b1dbac6edcb743b7e
0x238a358808379702088667322f80ac48bad5e6c4,1782777609,107153281,-6879426697334842672010,3210013246806553588,0x2869d7e0bef931379cf9e7ab114aee281e3153f0b42d8d0b1dbac6edcb743b7e
0x238a358808379702088667322f80ac48bad5e6c4,1782777609,107153281,-219369719427764993486252,3288111884170643746315,0x2869d7e0bef931379cf9e7ab114aee281e3153f0b42d8d0b1dbac6edcb743b7e
0x238a358808379702088667322f80ac48bad5e6c4,1782777609,107153281,-266390203742049747700274,47020484314284754214022,0x94d0bdc55d9f26e1580f5eed93a6250b13efe671abf59aef9368467d107ef319
0x238a358808379702088667322f80ac48bad5e6c4,1782777609,107153281,-7665865490983984781783,786438793649142109773,0x2869d7e0bef931379cf9e7ab114aee281e3153f0b42d8d0b1dbac6edcb743b7e
0x238a358808379702088667322f80ac48bad5e6c4,1782777609,107153281,-236319823102574582610029,30070380639475165090245,0x2869d7e0bef931379cf9e7ab114aee281e3153f0b42d8d0b1dbac6edcb743b7e
0x238a358808379702088667322f80ac48bad5e6c4,1782777609,107153281,-235291232453386066290396,1028590649188516319633,0x2869d7e0bef931379cf9e7ab114aee281e3153f0b42d8d0b1dbac6edcb743b7e
0x238a358808379702088667322f80ac48bad5e6c4,1782777609,107153281,-227952998132776441622886,7338234320609624667510,0x2869d7e0bef931379cf9e7ab114aee281e3153f0b42d8d0b1dbac6edcb743b7e
0x238a358808379702088667322f80ac48bad5e6c4,1782777609,107153281,-7692711349498671199550,26845858514686417767,0x2869d7e0bef931379cf9e7ab114aee281e3153f0b42d8d0b1dbac6edcb743b7e
0x238a358808379702088667322f80ac48bad5e6c4,1782777609,107153281,-7793908710074446093261,101197360575774893711,0x2869d7e0bef931379cf9e7ab114aee281e3153f0b42d8d0b1dbac6edcb743b7e
0x238a358808379702088667322f80ac48bad5e6c4,1782777609,107153281,-224077171849306302743262,3875826283470138879624,0x2869d7e0bef931379cf9e7ab114aee281e3153f0b42d8d0b1dbac6edcb743b7e
0x238a358808379702088667322f80ac48bad5e6c4,1782777609,107153281,-7574224099126291907591,219684610948154185670,0x034ae3faaeb6625b5d0bcdfcfc8f442e127d38a96b411aed4e70954fb3e5008d
0x238a358808379702088667322f80ac48bad5e6c4,1782777609,107153281,-2103384681208512293076,2103384681208512293076,0x034ae3faaeb6625b5d0bcdfcfc8f442e127d38a96b411aed4e70954fb3e5008d
0x238a358808379702088667322f80ac48bad5e6c4,1782777609,107153281,-7660055319453296334392,85831220327004426801,0x2869d7e0bef931379cf9e7ab114aee281e3153f0b42d8d0b1dbac6edcb743b7e
0x238a358808379702088667322f80ac48bad5e6c4,1782777609,107153281,-340378468481456280543321,116301296632149977800059,0x2765c4d12c89b05cc46b3a4a20ff14624c46917921a4be9da35e8f6dfa87f004
0x238a358808379702088667322f80ac48bad5e6c4,1782777609,107153281,-7687190083241933653114,27134763788637318722,0x2869d7e0bef931379cf9e7ab114aee281e3153f0b42d8d0b1dbac6edcb743b7e
0x238a358808379702088667322f80ac48bad5e6c4,1782777609,107153281,-339338735138735125955015,1039733342721154588306,0x2869d7e0bef931379cf9e7ab114aee281e3153f0b42d8d0b1dbac6edcb743b7e
0x238a358808379702088667322f80ac48bad5e6c4,1782777609,107153281,-339215730927252196150972,123004211482929804043,0x2869d7e0bef931379cf9e7ab114aee281e3153f0b42d8d0b1dbac6edcb743b7e
0x238a358808379702088667322f80ac48bad5e6c4,1782777609,107153282,-7467505472293695653114,219684610948238000000,0xa5f7ced7a00e5680b9217c4ddd7ef9ea71315f39b6ffbdecd3082f756ec3588b
0x238a358808379702088667322f80ac48bad5e6c4,1782777609,107153282,-338513218298797293389549,702512628454902761423,0x1e38c6bcee174f473d0fdf5e8a9a5da22fc71658c9c1fee721e65c89708c24ae
0x238a358808379702088667322f80ac48bad5e6c4,1782777609,107153282,24922832,94586361,0x7302212eeddcfd5fb7518750f1c8acbff27e864477e1e2e314aa36ab7fabfd89
0x238a358808379702088667322f80ac48bad5e6c4,1782777609,107153282,-7913659742001889139955,446154269708193486841,0x6f93fa25be1f96b4b425e3c0ab42255fd268d1d691ff1858cb48e950f08b972d
0x238a358808379702088667322f80ac48bad5e6c4,1782777609,107153282,-350057095932889616897386,11543877634092323507837,0x9c16b3b6e3280e1205ee31b572d425d37978d8b4523b262fe80150fc79da1064
0x238a358808379702088667322f80ac48bad5e6c4,1782777609,107153282,-1085431366492287175685,962643883659322005777,0xac722b40930dc5890e6aecf5765ebddcef7f093a719c5913b35b0063677f013f
0x238a358808379702088667322f80ac48bad5e6c4,1782777609,107153282,-7932045396559571262308,18385654557682122353,0x1e38c6bcee174f473d0fdf5e8a9a5da22fc71658c9c1fee721e65c89708c24ae
0x238a358808379702088667322f80ac48bad5e6c4,1782777609,107153282,-349405984893551136693442,651111039338480203944,0xe4833348fb7aa43517ec43126855e134fedc76648594b44f03bbc368ee574c7f
0x238a358808379702088667322f80ac48bad5e6c4,1782777609,107153282,-4206073299323356864166,2102688618114844571090,0xa5f7ced7a00e5680b9217c4ddd7ef9ea71315f39b6ffbdecd3082f756ec3588b
0x238a358808379702088667322f80ac48bad5e6c4,1782777609,107153282,-7939688221250508467983,7642824690937205675,0x99a82b94dab7755e20956a9f76b928f6031e3f2a65101567cd8cb2ac481966b8
0x238a358808379702088667322f80ac48bad5e6c4,1782777609,107153282,-7978382667681670358574,38694446431161890591,0x1b62fb47cc1bc65dcdc271ac6a4656242f21c373fac09370c391c1280a5fc421
0x238a358808379702088667322f80ac48bad5e6c4,1782777609,107153282,-7939789372604728558574,38593295076941800000,0x8dfdc3b6b925c16d228a6d17234d1522facdf4fcf18228913cacb9061930a191
0x238a358808379702088667322f80ac48bad5e6c4,1782777609,107153282,-347926550766890144580277,1479434126660992113165,0x1b62fb47cc1bc65dcdc271ac6a4656242f21c373fac09370c391c1280a5fc421
0x238a358808379702088667322f80ac48bad5e6c4,1782777609,107153282,-7939106010838731308365,683361765997250209,0xb02be4ceccc6f880d29624667c1cbf7bd124213bd261a60318ce948d18d36bc2
0x238a358808379702088667322f80ac48bad5e6c4,1782777609,107153282,-7939146349975731308365,40339137000000000,0x17a0ab752e87840d2128f8ae5b54f1cd41e9723b1b9a5848dd867d026b1f77a9
0x238a358808379702088667322f80ac48bad5e6c4,1782777609,107153282,-345692014817508468648646,2234535949381675931631,0x23ff2fcc8909203d9d41cf40c9adc15207e6d658acbd4cc866d1960be5bfe1d2
0x238a358808379702088667322f80ac48bad5e6c4,1782777609,107153282,-355946377116108189812092,10254362298599721163446,0xb78f7f1c319af56a2d91dc4ef4529f2b5556f9d623c8e1dc280b3bc3a9409850
0x238a358808379702088667322f80ac48bad5e6c4,1782777609,107153282,-1919540120667274099826,51386965127534800000,0x7302212eeddcfd5fb7518750f1c8acbff27e864477e1e2e314aa36ab7fabfd89
0x238a358808379702088667322f80ac48bad5e6c4,1782777609,107153282,51083575,17838037,0x8dfdc3b6b925c16d228a6d17234d1522facdf4fcf18228913cacb9061930a191
0x238a358808379702088667322f80ac48bad5e6c4,1782777609,107153282,-7861200956527731308365,77945393448000000000,0x4291a2b864629dd3bde938b3a39e14649cb4ec9d3c4f1c9505ad440d58976d1c
0x238a358808379702088667322f80ac48bad5e6c4,1782777609,107153282,-8101749294408827592609,240548337881096284244,0x1b62fb47cc1bc65dcdc271ac6a4656242f21c373fac09370c391c1280a5fc421
0x238a358808379702088667322f80ac48bad5e6c4,1782777609,107153282,-8118788915443984727273,17039621035157134664,0xe4833348fb7aa43517ec43126855e134fedc76648594b44f03bbc368ee574c7f
0x238a358808379702088667322f80ac48bad5e6c4,1782777609,107153282,1615928321722328908326,1615928321722328908326,0x954745fbeab2df9f5e795eb096744251e382b33dcc51aecded21c8e743fbf285
0x238a358808379702088667322f80ac48bad5e6c4,1782777609,107153282,-358923968204013909815415,2977591087905720003323,0x4291a2b864629dd3bde938b3a39e14649cb4ec9d3c4f1c9505ad440d58976d1c
0x238a358808379702088667322f80ac48bad5e6c4,1782777609,107153282,-7850453575239967867273,268335340204016860000,0xb78f7f1c319af56a2d91dc4ef4529f2b5556f9d623c8e1dc280b3bc3a9409850
0x238a358808379702088667322f80ac48bad5e6c4,1782777609,107153282,1806270310913662791076,1293729689086337208924,0x17a0ab752e87840d2128f8ae5b54f1cd41e9723b1b9a5848dd867d026b1f77a9
0x238a358808379702088667322f80ac48bad5e6c4,1782777609,107153282,-7810114438239967867273,40339137000000000000,0x17a0ab752e87840d2128f8ae5b54f1cd41e9723b1b9a5848dd867d026b1f77a9
0x238a358808379702088667322f80ac48bad5e6c4,1782777609,107153282,-356216796543165974359006,2707171660847935456409,0x1b62fb47cc1bc65dcdc271ac6a4656242f21c373fac09370c391c1280a5fc421
0x238a358808379702088667322f80ac48bad5e6c4,1782777609,107153282,-8113168827584852348383,303054389344884481110,0x954745fbeab2df9f5e795eb096744251e382b33dcc51aecded21c8e743fbf285
0x238a358808379702088667322f80ac48bad5e6c4,1782777609,107153282,-347025878162818994413088,9190918380346979945918,0x1b62fb47cc1bc65dcdc271ac6a4656242f21c373fac09370c391c1280a5fc421
0x238a358808379702088667322f80ac48bad5e6c4,1782777609,107153282,-8171699095473046057156,58530267888193708773,0x23ff2fcc8909203d9d41cf40c9adc15207e6d658acbd4cc866d1960be5bfe1d2
0x238a358808379702088667322f80ac48bad5e6c4,1782777609,107153282,-8217336367343984638700,45637271870938581544,0x1b62fb47cc1bc65dcdc271ac6a4656242f21c373fac09370c391c1280a5fc421
0x238a358808379702088667322f80ac48bad5e6c4,1782777609,107153282,-345281185890740530401754,1744692272078464011334,0x1b62fb47cc1bc65dcdc271ac6a4656242f21c373fac09370c391c1280a5fc421
0x238a358808379702088667322f80ac48bad5e6c4,1782777609,107153282,-8288160731462491764496,70824364118507125796,0x1b62fb47cc1bc65dcdc271ac6a4656242f21c373fac09370c391c1280a5fc421
0x238a358808379702088667322f80ac48bad5e6c4,1782777610,107153283,1197678861024476808156,364931231175970000000,0x9330a07eee0e4a60cf01e25f5f45bbcb9057d6a446bbf1cd07892115e3f59ad5
0x238a358808379702088667322f80ac48bad5e6c4,1782777610,107153283,-4684524327951222209795,478451028627865345629,0xe77288fde361ffff6ad5f3bb77ad6c8f99e24eee04b876fa821c64ae426ca1fb
0x238a358808379702088667322f80ac48bad5e6c4,1782777610,107153283,-1068302182408998930596,17129184083288245089,0xc21852f11566f882177f519bbe1a1b6eee02f447ebacba3be8212227e2db2cce
0x238a358808379702088667322f80ac48bad5e6c4,1782777610,107153283,-8281370608005701641042,6790123456790123454,0xc21852f11566f882177f519bbe1a1b6eee02f447ebacba3be8212227e2db2cce
0x238a358808379702088667322f80ac48bad5e6c4,1782777610,107153283,-8288169477748791604182,6798869743089963140,0xc21852f11566f882177f519bbe1a1b6eee02f447ebacba3be8212227e2db2cce
0x238a358808379702088667322f80ac48bad5e6c4,1782777610,107153283,-1805433378602637261938,114106742064636837888,0x7044e53800acbeb42c880562eb02639cb4cb365825af4cef0f963f92e9572f0c
0x238a358808379702088667322f80ac48bad5e6c4,1782777610,107153283,-6752104864707940615830,6752104864707940615830,0x7044e53800acbeb42c880562eb02639cb4cb365825af4cef0f963f92e9572f0c
0x238a358808379702088667322f80ac48bad5e6c4,1782777610,107153283,17090231340607629312,17090231340607629312,0x2d275f59a916c128b78783812d08fedfddbbf4fcea4f63afdb99fdcb062b015b
0x238a358808379702088667322f80ac48bad5e6c4,1782777610,107153283,-1036825508002862528217,31476674406136402379,0xc21852f11566f882177f519bbe1a1b6eee02f447ebacba3be8212227e2db2cce
0x238a358808379702088667322f80ac48bad5e6c4,1782777610,107153283,-358590252220358814865961,13309066329618284464207,0x42627b0dc287f06dfceb7bc5b2c5951934d0d30e0ae4b680e29568155bcd64a5
0x238a358808379702088667322f80ac48bad5e6c4,1782777610,107153283,-357389023871465947361897,1201228348892867504064,0x8aba4caf73c781034781529f0ce7de9761d93d48866a2cd73ab8945c3a295924
0x238a358808379702088667322f80ac48bad5e6c4,1782777610,107153283,-8258178141835791604182,29991335913000000000,0xd819ce3c020077f04edb67e038a6b454009dea2bfaa171b3b3054893c5353498
0x238a358808379702088667322f80ac48bad5e6c4,1782777610,107153283,-1812216261809834686541,6782883207197424603,0xc21852f11566f882177f519bbe1a1b6eee02f447ebacba3be8212227e2db2cce
0x238a358808379702088667322f80ac48bad5e6c4,1782777610,107153283,-8276514345245745875666,18336203409954271484,0x9330a07eee0e4a60cf01e25f5f45bbcb9057d6a446bbf1cd07892115e3f59ad5
0x238a358808379702088667322f80ac48bad5e6c4,1782777610,107153283,-8289007784919216720014,12493439673470844348,0xc21852f11566f882177f519bbe1a1b6eee02f447ebacba3be8212227e2db2cce
0x238a358808379702088667322f80ac48bad5e6c4,1782777610,107153283,-389091446009160955881071,31702422137695008519174,0xfbceb76a7beecfe213d815baf018e350cfa44834789faa76bc0cfcd29a0abb5b
0x238a358808379702088667322f80ac48bad5e6c4,1782777610,107153283,-36977941202969706958,36977941202969706958,0x2d275f59a916c128b78783812d08fedfddbbf4fcea4f63afdb99fdcb062b015b
0x238a358808379702088667322f80ac48bad5e6c4,1782777610,107153283,-4971529328760079641303,287005000808857431508,0xd819ce3c020077f04edb67e038a6b454009dea2bfaa171b3b3054893c5353498
0x238a358808379702088667322f80ac48bad5e6c4,1782777610,107153283,-8294078055587702011330,5070270668485291316,0x2a4fafbcdce390514ab11f3d4ad7a558ded8f235a89ce56fdf0f9d9f1bf8ca07
0x238a358808379702088667322f80ac48bad5e6c4,1782777610,107153283,-8185502010118034142658,108576045469667868672,0x39e72beea18250c922ee2654a87445ad5509b677884297e9e7e1329894c0afdc
0x238a358808379702088667322f80ac48bad5e6c4,1782777610,107153283,-8302151812875777754100,116649802757743611442,0x101a6f7609a54d02c4c182fa89038a3c240031d7b5b12bb3300eb235a3b51ede
0x238a358808379702088667322f80ac48bad5e6c4,1782777610,107153283,-384646811045495517625882,4444634963665438255189,0x101a6f7609a54d02c4c182fa89038a3c240031d7b5b12bb3300eb235a3b51ede
0x238a358808379702088667322f80ac48bad5e6c4,1782777610,107153283,-388786723059486234003269,4139912013990716377387,0x39e72beea18250c922ee2654a87445ad5509b677884297e9e7e1329894c0afdc
0x238a358808379702088667322f80ac48bad5e6c4,1782777610,107153283,-8418684732251450438936,116532919375672684836,0x862e5b9b5fdeac8a024e2da249d6bff35d8c5f235a582b59a7340d218571300e
0x238a358808379702088667322f80ac48bad5e6c4,1782777610,107153283,-384345191404512243445357,4441531654973990557912,0x862e5b9b5fdeac8a024e2da249d6bff35d8c5f235a582b59a7340d218571300e
0x238a358808379702088667322f80ac48bad5e6c4,1782777610,107153283,-8450220045872846456480,31535313621396017544,0xa09a1e6ba0394daf420d71cf63641c9360df2df382f60590d1ba8b2817e85659
0x238a358808379702088667322f80ac48bad5e6c4,1782777610,107153283,-383143023455313602911146,1202167949198640534211,0xa09a1e6ba0394daf420d71cf63641c9360df2df382f60590d1ba8b2817e85659
0x238a358808379702088667322f80ac48bad5e6c4,1782777610,107153283,-8481728121227551209342,31508075354704752862,0x8aba4caf73c781034781529f0ce7de9761d93d48866a2cd73ab8945c3a295924
0x238a358808379702088667322f80ac48bad5e6c4,1782777610,107153283,-1024050999234420854401,12774508768441673816,0x2a4fafbcdce390514ab11f3d4ad7a558ded8f235a89ce56fdf0f9d9f1bf8ca07
0x238a358808379702088667322f80ac48bad5e6c4,1782777610,107153283,-7651297829773934564953,830430291453616644389,0xfbceb76a7beecfe213d815baf018e350cfa44834789faa76bc0cfcd29a0abb5b
0x238a358808379702088667322f80ac48bad5e6c4,1782777610,107153284,-7431613218825696564953,219684610948238000000,0x830ce7bc5469213348ff2e0aabe8b8297d5692daf804f799adc769083e236973
0x238a358808379702088667322f80ac48bad5e6c4,1782777610,107153284,-11388185024514101968840,3956571805688405403887,0x421188aeaf061950f459635055e450fb4a095685becc9922a5ca8cdaedb68ba6
0x238a358808379702088667322f80ac48bad5e6c4,1782777610,107153284,-11419636436142112183927,31451411628010215087,0x718653f2a3a12d60fe81299f89a1e5ab9c0423e805c576e2659a3b3bd75710c0
0x238a358808379702088667322f80ac48bad5e6c4,1782777610,107153284,1823840282124678743347,626161421100201935191,0x718653f2a3a12d60fe81299f89a1e5ab9c0423e805c576e2659a3b3bd75710c0
0x238a358808379702088667322f80ac48bad5e6c4,1782777610,107153284,-8971529328760079641303,4000000000000000000000,0x29d3fd8441e64525ef547614262dbc57620f371735396682ab71b609cf782648
0x238a358808379702088667322f80ac48bad5e6c4,1782777610,107153284,-10998276436142112183927,421360000000000000000,0x29d3fd8441e64525ef547614262dbc57620f371735396682ab71b609cf782648
0x238a358808379702088667322f80ac48bad5e6c4,1782777610,107153284,-11153424457201215277367,155148021059103093440,0x3cb5eced9be0870bcf39b6c8264e6baecda21edce5883f2158e1f571fc523b2a
0x238a358808379702088667322f80ac48bad5e6c4,1782777610,107153284,-633105430480879712358,390945568753541142043,0x3cb5eced9be0870bcf39b6c8264e6baecda21edce5883f2158e1f571fc523b2a
0x238a358808379702088667322f80ac48bad5e6c4,1782777610,107153284,-11156621450162381111870,3196992961165834503,0x29d3fd8441e64525ef547614262dbc57620f371735396682ab71b609cf782648
0x238a358808379702088667322f80ac48bad5e6c4,1782777610,107153284,-12117580350737436895175,960958900575055783305,0x6c95d5797ff32e2e337a7e5f8fe3174bf07a13dd65391bc63317f9beae2156f0
0x238a358808379702088667322f80ac48bad5e6c4,1782777610,107153284,-12202594636572802531774,85014285835365636599,0x28ab28321676b63c999b6eef72946af628d606d07f8a0c85dfdf062a51c83319
0x238a358808379702088667322f80ac48bad5e6c4,1782777610,107153284,326439559280589733468,30822199817614759351,0x28ab28321676b63c999b6eef72946af628d606d07f8a0c85dfdf062a51c83319
0x238a358808379702088667322f80ac48bad5e6c4,1782777610,107153284,-11084516127527964581003,2112986798767884939700,0x830ce7bc5469213348ff2e0aabe8b8297d5692daf804f799adc769083e236973
0x238a358808379702088667322f80ac48bad5e6c4,1782777610,107153284,1982836415348310314104,158996133223631570757,0xc323d1d59af527ecbbef6a0e3939036b22e5a24c24e6550ae014e94732286dd6
0x238a358808379702088667322f80ac48bad5e6c4,1782777610,107153284,-12210578735222169838134,7984098649367306360,0xc323d1d59af527ecbbef6a0e3939036b22e5a24c24e6550ae014e94732286dd6
0x238a358808379702088667322f80ac48bad5e6c4,1782777610,107153284,-1700457261809834656541,111759000000000030000,0xae8343ade6c6964e3a2f394bf9e0569bc9ee486282fe2d94defd5bd88b158f6f
0x238a358808379702088667322f80ac48bad5e6c4,1782777610,107153284,-13363926532415849388861,6611821667707908773031,0xae8343ade6c6964e3a2f394bf9e0569bc9ee486282fe2d94defd5bd88b158f6f
0x238a358808379702088667322f80ac48bad5e6c4,1782777610,107153284,-384898796238165003615380,1755772782851400704234,0xd602ea09fb9fde8ae3e81c3113a7bf73a237e0171c07ac5fb3c4031537616e87
0x238a358808379702088667322f80ac48bad5e6c4,1782777611,107153285,-9985263638908077094668,279339460139912651805,0x2b8582b1720f23b8ec1264f22e4da0536d69636c3c16b2b0e842dffa5ef72042
0x238a358808379702088667322f80ac48bad5e6c4,1782777611,107153285,-12284235529980269511610,73656794758099673476,0xaeaf8caad5649860243f39f47a46afd7621f1ec543534f6ab6e0b459d43ba357
0x238a358808379702088667322f80ac48bad5e6c4,1782777611,107153285,-18133108774924172491373,19939379085837835282449,0xc4ddf41f8e2832858453ec1cbd631102f075ebfc95f0190f92ccc5e20ea78323
0x238a358808379702088667322f80ac48bad5e6c4,1782777611,107153285,-12857420354571229060650,1772904227043264479647,0xa4fc80f985a209d3b51e76749f4cfed84f8687b74c88590351399d260422c0c4
0x238a358808379702088667322f80ac48bad5e6c4,1782777611,107153285,-11661621937980269511610,622613592000000000000,0xc4ddf41f8e2832858453ec1cbd631102f075ebfc95f0190f92ccc5e20ea78323
0x238a358808379702088667322f80ac48bad5e6c4,1782777611,107153285,-11360461077613864819196,301160860366404692414,0x13c067d240f047600108bd2cf7e61a9c873b53a7aa6af28f13b26985228f64d5
0x238a358808379702088667322f80ac48bad5e6c4,1782777611,107153285,-11176078185044186307068,184382892569678512128,0xa4fc80f985a209d3b51e76749f4cfed84f8687b74c88590351399d260422c0c4
0x238a358808379702088667322f80ac48bad5e6c4,1782777611,107153285,-11199973617944914500545,23895432900728193477,0x05f6f40355001e43afd75c1c72c33e13b3fbf4e703556d90296a538df3212fec
0x238a358808379702088667322f80ac48bad5e6c4,1782777611,107153285,-797718190271119128851,2565689967311497779722,0x13c067d240f047600108bd2cf7e61a9c873b53a7aa6af28f13b26985228f64d5
0x238a358808379702088667322f80ac48bad5e6c4,1782777611,107153285,423333867885082774878,96894308604493041410,0x0900d9b23884ee3dc845133bbcf53f327a5feb1c02ac9d3f43f70f4f3416d965
0x238a358808379702088667322f80ac48bad5e6c4,1782777611,107153285,-11467155187852766433389,267181569907851932844,0x0900d9b23884ee3dc845133bbcf53f327a5feb1c02ac9d3f43f70f4f3416d965
0x238a358808379702088667322f80ac48bad5e6c4,1782777611,107153285,263437832155937244244,75814436629681000000,0x05f6f40355001e43afd75c1c72c33e13b3fbf4e703556d90296a538df3212fec
0x238a358808379702088667322f80ac48bad5e6c4,1782777611,107153285,1471578108882452458,132768933384063000000,0xffa760d45fe0d554e2cf52ce40fa7a47b4aa9d88a16e00c5a0ecede83b01fa03
0x238a358808379702088667322f80ac48bad5e6c4,1782777611,107153285,-11568619867951025112828,101464680098258679439,0xffa760d45fe0d554e2cf52ce40fa7a47b4aa9d88a16e00c5a0ecede83b01fa03
0x238a358808379702088667322f80ac48bad5e6c4,1782777611,107153285,159467632174448547738,90386437607912800000,0x3cf08998f0833405a6173a1eeb95c2e28d210868325fcd18de19d2ed2bde6a2d
0x238a358808379702088667322f80ac48bad5e6c4,1782777611,107153285,3686289081930960448518,1235000000000000000000,0x74c8807683a99e94476b1235a816047e2759d4f5090e13efd2038fd4bdb6b7d0
0x238a358808379702088667322f80ac48bad5e6c4,1782777611,107153285,-1860498902224224206632,160041640414389550091,0x74c8807683a99e94476b1235a816047e2759d4f5090e13efd2038fd4bdb6b7d0
0x238a358808379702088667322f80ac48bad5e6c4,1782777611,107153285,-11591352692374816179028,22732824423791066200,0x2b8582b1720f23b8ec1264f22e4da0536d69636c3c16b2b0e842dffa5ef72042
0x238a358808379702088667322f80ac48bad5e6c4,1782777611,107153285,-13416833721507097860650,559413366935868800000,0x1f8c0f5e96326cedef082c4cbc789bd6d0a776e39a299356ee51bc10080b42a9
0x238a358808379702088667322f80ac48bad5e6c4,1782777611,107153285,-11533146921885002753738,58205770489813425290,0x1f8c0f5e96326cedef082c4cbc789bd6d0a776e39a299356ee51bc10080b42a9
0x238a358808379702088667322f80ac48bad5e6c4,1782777611,107153285,-15151493721507097960650,1734660000000000100000,0xaf10e6dcba6aeb83a04c5935bb260a3aaf2a39b923ebf3ad2638607e7c95cc50
0x238a358808379702088667322f80ac48bad5e6c4,1782777611,107153285,-11352691752527671146423,180455169357331607315,0xaf10e6dcba6aeb83a04c5935bb260a3aaf2a39b923ebf3ad2638607e7c95cc50
0x238a358808379702088667322f80ac48bad5e6c4,1782777611,107153285,-11353314366119671146423,622613592000000000,0xc4ddf41f8e2832858453ec1cbd631102f075ebfc95f0190f92ccc5e20ea78323
0x238a358808379702088667322f80ac48bad5e6c4,1782777611,107153285,-16307717709797173359347,1156223988290075398697,0x4d04c4e9b8634a6d1ee52b58f4d4a1417c8bc0f3ee7567369a785086e2764593
0x238a358808379702088667322f80ac48bad5e6c4,1782777611,107153285,97867699558700795149,96396121449818342691,0xaeaf8caad5649860243f39f47a46afd7621f1ec543534f6ab6e0b459d43ba357
0x238a358808379702088667322f80ac48bad5e6c4,1782777611,107153285,-1935632053843454083678,75133151619229877046,0xaeaf8caad5649860243f39f47a46afd7621f1ec543534f6ab6e0b459d43ba357
0x238a358808379702088667322f80ac48bad5e6c4,1782777611,107153285,4266187064089298210273,579897982158337761755,0xaeaf8caad5649860243f39f47a46afd7621f1ec543534f6ab6e0b459d43ba357
0x238a358808379702088667322f80ac48bad5e6c4,1782777611,107153286,-11550409787349034869249,197095421229363722826,0x0345695e8cddd13bf2d6e1ed4dccfbd61e3aa089d5b956afa8c9ac7ed43978fd
0x238a358808379702088667322f80ac48bad5e6c4,1782777611,107153286,341478432885865175151,81855434999217599727,0x2f428b84c93ad4fb31a88dbf2f608fd2706a9ff200a8e4bf7d12e04f87c7f898
0x238a358808379702088667322f80ac48bad5e6c4,1782777611,107153286,-1943703872950039736715,8071819106585653037,0xfd7990665c0c9f2f15f07354b8a498f4b3d93efa8fbdf850e5c63505293d256e
0x238a358808379702088667322f80ac48bad5e6c4,1782777611,107153286,-11324659862047596550641,225749925301438318608,0x2f428b84c93ad4fb31a88dbf2f608fd2706a9ff200a8e4bf7d12e04f87c7f898
0x238a358808379702088667322f80ac48bad5e6c4,1782777611,107153286,4328491913441674813843,62304849352376603570,0xfd7990665c0c9f2f15f07354b8a498f4b3d93efa8fbdf850e5c63505293d256e
0x238a358808379702088667322f80ac48bad5e6c4,1782777611,107153286,-2059393992063526025457,115690119113486288742,0xfd22f71382b372751d62edbda45430d2a0f8cee8fc6470c580dc5d4148784e11
0x238a358808379702088667322f80ac48bad5e6c4,1782777611,107153286,5221575231401455933636,893083317959781119793,0xfd22f71382b372751d62edbda45430d2a0f8cee8fc6470c580dc5d4148784e11
0x238a358808379702088667322f80ac48bad5e6c4,1782777611,107153286,-11324857154761539857670,197292713943307029,0x0345695e8cddd13bf2d6e1ed4dccfbd61e3aa089d5b956afa8c9ac7ed43978fd
0x238a358808379702088667322f80ac48bad5e6c4,1782777611,107153286,1296917069039784012348,2793743622293227400000,0xcfdf538048c718340f7df52d281d0dce307b5955187bc280357c896f626ae9af
0x238a358808379702088667322f80ac48bad5e6c4,1782777611,107153286,-383984976363775747100830,913819874389256514550,0x5b87beb334ba51bd48a44ae3336847b0f5d3a9d0a7ec07b5d26898b907cf903d
0x238a358808379702088667322f80ac48bad5e6c4,1782777611,107153286,-11334837552851092923891,9980398089553066221,0xcfdf538048c718340f7df52d281d0dce307b5955187bc280357c896f626ae9af
0x238a358808379702088667322f80ac48bad5e6c4,1782777611,107153286,322895493421656925235,18582939464208249916,0x9d718deb170416d2aac5a8e7c574525aa3ee29a9025bb5303621e1f16e946be0
0x238a358808379702088667322f80ac48bad5e6c4,1782777611,107153286,-11283576334681536604045,51261218169556319846,0x9d718deb170416d2aac5a8e7c574525aa3ee29a9025bb5303621e1f16e946be0
0x238a358808379702088667322f80ac48bad5e6c4,1782777611,107153286,-11258669626372896756475,24906708308639847570,0xa5a9647fcd3d65da01db1abb1d7179f20288efe6b9ce63ce2243cfd687c04156
0x238a358808379702088667322f80ac48bad5e6c4,1782777611,107153286,-11343445541356196825134,84775914983300068659,0xdf852bcefb8d59da2ce31b2dacbd12b766f8d7d815d1a80bc8a237efa1944d96
0x238a358808379702088667322f80ac48bad5e6c4,1782777611,107153286,3672120128131408813077,1689283712783098498973,0xdf852bcefb8d59da2ce31b2dacbd12b766f8d7d815d1a80bc8a237efa1944d96
0x238a358808379702088667322f80ac48bad5e6c4,1782777611,107153286,-790696550640997566997,157591120160117854639,0x96762cf24228ff1d57aa7af62cb1971cc49e9fdff58047c2f2aa2ed8439c03ff
0x238a358808379702088667322f80ac48bad5e6c4,1782777611,107153286,-11368352249664836672704,24906708308639847570,0xa5a9647fcd3d65da01db1abb1d7179f20288efe6b9ce63ce2243cfd687c04156
0x238a358808379702088667322f80ac48bad5e6c4,1782777611,107153286,-11305779400117884651758,62572849546952020946,0x96762cf24228ff1d57aa7af62cb1971cc49e9fdff58047c2f2aa2ed8439c03ff
0x238a358808379702088667322f80ac48bad5e6c4,1782777611,107153286,-11280872691809244804188,24906708308639847570,0xa5a9647fcd3d65da01db1abb1d7179f20288efe6b9ce63ce2243cfd687c04156
0x238a358808379702088667322f80ac48bad5e6c4,1782777611,107153286,-11040209938512877950473,240662753296366853715,0xcac89c83fb489232e020e02ddf4065863984d2498453cbb0a63957a7ed5af4f3
0x238a358808379702088667322f80ac48bad5e6c4,1782777611,107153286,-11064165034696751295826,23955096183873345353,0x5b87beb334ba51bd48a44ae3336847b0f5d3a9d0a7ec07b5d26898b907cf903d
0x238a358808379702088667322f80ac48bad5e6c4,1782777611,107153286,-412564454176745698726167,28579477812969951625337,0x36a118b10c26d023be15e7004e64eaa8cdd5cf3190e8d13f160d2d784ff55898
0x238a358808379702088667322f80ac48bad5e6c4,1782777611,107153286,-11670890244572380008688,606725209875628712862,0x7875fec60f1c8296b8ce4868eb95654aab6964545b453047f9b1d756f6d55a61
0x238a358808379702088667322f80ac48bad5e6c4,1782777611,107153286,-411249812575292988255158,1314641601452710471009,0x5b87beb334ba51bd48a44ae3336847b0f5d3a9d0a7ec07b5d26898b907cf903d
0x238a358808379702088667322f80ac48bad5e6c4,1782777611,107153286,-11705355205392863886700,34464960820483878012,0x5b87beb334ba51bd48a44ae3336847b0f5d3a9d0a7ec07b5d26898b907cf903d
0x238a358808379702088667322f80ac48bad5e6c4,1782777611,107153286,-1396961603198476308936,606265052557478741939,0xcac89c83fb489232e020e02ddf4065863984d2498453cbb0a63957a7ed5af4f3
0x238a358808379702088667322f80ac48bad5e6c4,1782777611,107153286,3175717183457165174463,496402944674243638614,0xa5a9647fcd3d65da01db1abb1d7179f20288efe6b9ce63ce2243cfd687c04156
0x238a358808379702088667322f80ac48bad5e6c4,1782777611,107153286,-11813001494924172491373,6320107280000000000000,0x0345695e8cddd13bf2d6e1ed4dccfbd61e3aa089d5b956afa8c9ac7ed43978fd
0x238a358808379702088667322f80ac48bad5e6c4,1782777612,107153287,35963658818520345766,25688154961403645766,0x7b5e72b2c3d52a512a4c3621cc510bbd8a464c7b1ad3acfc32c27d2cebf6ce7c
0x238a358808379702088667322f80ac48bad5e6c4,1782777612,107153287,64993862441,64993862441,0x0d69705f656c66ab12f4020a817ce8b6f856fbd5de59d72cb5a8c5bbeffff6a0
0x238a358808379702088667322f80ac48bad5e6c4,1782777612,107153287,-11780339008794427149979,74983803401563263279,0x562f1ff90de645d5c8fb4402fa600e04b93e123e8fb2b094139691d17ab59bd2
0x238a358808379702088667322f80ac48bad5e6c4,1782777612,107153287,356725120057977540360,197257487883528992622,0x828cf073b48b497e236586642c9bfe1c8cf48412fb79da0618d70a10b46aced4
0x238a358808379702088667322f80ac48bad5e6c4,1782777612,107153287,56093034764911880826,20129375946391535060,0x562f1ff90de645d5c8fb4402fa600e04b93e123e8fb2b094139691d17ab59bd2
0x238a358808379702088667322f80ac48bad5e6c4,1782777612,107153287,-8577773637483726786901,4786152894932122601960,0x73a3752035f514a34ad9a2773f05c22b702e8f9f610bb35169b7d132759283cd
0x238a358808379702088667322f80ac48bad5e6c4,1782777612,107153287,-2140239588807535539088,80845596744009513631,0x73a3752035f514a34ad9a2773f05c22b702e8f9f610bb35169b7d132759283cd
0x238a358808379702088667322f80ac48bad5e6c4,1782777612,107153287,-11790376796377964057788,10037787583536907809,0xfc218cf74069228cb5f81074dadbb9644fffb40a2330e98ee2d0734d59cca0d2
0x238a358808379702088667322f80ac48bad5e6c4,1782777612,107153287,72733830862835684826,16640796097923804000,0x64fb4e4fc63d26f1b62f1436c13d9f55fc8425395c397162b37c2cfbc38a19f7
0x238a358808379702088667322f80ac48bad5e6c4,1782777612,107153287,-11852337390854187553329,61960594476223495541,0x64fb4e4fc63d26f1b62f1436c13d9f55fc8425395c397162b37c2cfbc38a19f7
0x238a358808379702088667322f80ac48bad5e6c4,1782777612,107153287,295337957757753144244,31900125601815900000,0xfc218cf74069228cb5f81074dadbb9644fffb40a2330e98ee2d0734d59cca0d2
0x238a358808379702088667322f80ac48bad5e6c4,1782777612,107153287,-11948081917043206571998,95744526189019018669,0x7b5e72b2c3d52a512a4c3621cc510bbd8a464c7b1ad3acfc32c27d2cebf6ce7c
0x238a358808379702088667322f80ac48bad5e6c4,1782777612,107153287,-11936757124678702071998,11324792364504500000,0xba0a73eead32966aed582bfb8edd656308c377c2e8441acfe77cfdb56c39f362
0x238a358808379702088667322f80ac48bad5e6c4,1782777612,107153287,-16416534365871019417631,108816656073846058284,0xba0a73eead32966aed582bfb8edd656308c377c2e8441acfe77cfdb56c39f362
0x238a358808379702088667322f80ac48bad5e6c4,1782777612,107153287,-20346939,45269771,0xb25c3690c62b57138d3715a1db50f70972bba4783c94443563811da2feda7ed1
0x238a358808379702088667322f80ac48bad5e6c4,1782777612,107153287,7729362578532692309336,16307136216016419096237,0x0d69705f656c66ab12f4020a817ce8b6f856fbd5de59d72cb5a8c5bbeffff6a0
0x238a358808379702088667322f80ac48bad5e6c4,1782777612,107153287,-2415781931972069378941,275542343164533839853,0x0d69705f656c66ab12f4020a817ce8b6f856fbd5de59d72cb5a8c5bbeffff6a0
0x238a358808379702088667322f80ac48bad5e6c4,1782777612,107153287,-12386973935871813708846,450216811193111636848,0x1f55ad8c72949c1f1f6c9735c0fb11428c9c93e3055e169c349407f3f1d13142
0x238a358808379702088667322f80ac48bad5e6c4,1782777612,107153287,-2391174215771992078941,24607716200077300000,0xb25c3690c62b57138d3715a1db50f70972bba4783c94443563811da2feda7ed1
0x238a358808379702088667322f80ac48bad5e6c4,1782777612,107153287,-12460993470720543179717,74019534848729470871,0xf381f2bfa09a63a3055ebdbf59ecc789afa25d100d2279e38692b5ec9ef975ed
0x238a358808379702088667322f80ac48bad5e6c4,1782777612,107153287,-167124029996221128851,630594160274898000000,0xf381f2bfa09a63a3055ebdbf59ecc789afa25d100d2279e38692b5ec9ef975ed
0x238a358808379702088667322f80ac48bad5e6c4,1782777612,107153287,-12549408051663992621142,88414580943449441425,0x4fdc2112207ab3a5ac51c0b4e71d426fee12ddc8693252bf6f3c74348dca8966
0x238a358808379702088667322f80ac48bad5e6c4,1782777612,107153287,-12655578336839307198316,106170285175314577174,0x0d69705f656c66ab12f4020a817ce8b6f856fbd5de59d72cb5a8c5bbeffff6a0
0x238a358808379702088667322f80ac48bad5e6c4,1782777612,107153288,-12412077610312961144138,243500726526346054178,0xcfdc77aefb5b8807231dc29c03c5c405f8e01ec454224f97e28e8f54858ed39e
0x238a358808379702088667322f80ac48bad5e6c4,1782777612,107153288,-2634415075795475189343,243240860023483110402,0xcfdc77aefb5b8807231dc29c03c5c405f8e01ec454224f97e28e8f54858ed39e
0x238a358808379702088667322f80ac48bad5e6c4,1782777612,107153288,-12319018546948659574090,93059063364301570048,0xae131346d8d5d3fddd5c6358141c29519e54839802a71037d5281f4e5a156fbf
0x238a358808379702088667322f80ac48bad5e6c4,1782777612,107153288,-17310641566525398924439,894107200654379506808,0xae131346d8d5d3fddd5c6358141c29519e54839802a71037d5281f4e5a156fbf
0x238a358808379702088667322f80ac48bad5e6c4,1782777612,107153288,-12269018546948659574090,50000000000000000000,0xe1dec1a031ba46770f0751e6586b344c0c12700d1873f7e3f553c513d6bf0218
0x238a358808379702088667322f80ac48bad5e6c4,1782777612,107153288,-12063311992265223315076,205706554683436259014,0x659dee84527eaaa4e199c69fd5dd139bfb6d18b026c5c240dd1fda5366e980e8
0x238a358808379702088667322f80ac48bad5e6c4,1782777612,107153288,-8836338875067234980,8836338875067234980,0xe1dec1a031ba46770f0751e6586b344c0c12700d1873f7e3f553c513d6bf0218
0x238a358808379702088667322f80ac48bad5e6c4,1782777612,107153288,-2840086522922666959688,205671447127191770345,0xcfbbca7ac0fe16784efd92d0ed5806aa0f1434263ca3354a429d3c9c6cd02847
0x238a358808379702088667322f80ac48bad5e6c4,1782777612,107153288,-3045573250234512140680,205486727311845180992,0x659dee84527eaaa4e199c69fd5dd139bfb6d18b026c5c240dd1fda5366e980e8
0x238a358808379702088667322f80ac48bad5e6c4,1782777612,107153288,-11857420661554569542510,205891330710653772566,0xcfbbca7ac0fe16784efd92d0ed5806aa0f1434263ca3354a429d3c9c6cd02847
0x238a358808379702088667322f80ac48bad5e6c4,1782777612,107153288,-11907738709453455958084,50318047898886415574,0x5a875b4d6174fe88df1bec4baa591798140a0d6b24d2c00fe55c3724f5cd995d
0x238a358808379702088667322f80ac48bad5e6c4,1782777613,107153289,-11869076632266214485952,38662077187241472132,0x106d16d4196848cc1111588b65c4d5be51b8e70be9f7d44b40a92bd03e4bdf06
0x238a358808379702088667322f80ac48bad5e6c4,1782777613,107153289,-11907538842862009748098,38462210595795262146,0x6ffe52298121d875f4689e96b856e6995da8ace87f0bcaf726af272fc64a01c2
0x238a358808379702088667322f80ac48bad5e6c4,1782777613,107153289,-382019432099481603945,382019432099481603945,0x106d16d4196848cc1111588b65c4d5be51b8e70be9f7d44b40a92bd03e4bdf06
0x238a358808379702088667322f80ac48bad5e6c4,1782777613,107153289,-11951317277482845838739,43778434620836090641,0x774acb456f0302aeb922160317bb45f52a5fdecfa1cc2b05d128f24a493f1aa2
0x238a358808379702088667322f80ac48bad5e6c4,1782777613,107153289,-11956292837807340932184,4975560324495093445,0xa6fb7d7dd7318b0cc468a7b472c0f7dad14d5eb02e82c7355fedda1d691a8a1b
0x238a358808379702088667322f80ac48bad5e6c4,1782777613,107153289,-1899432099481603945,380120000000000000000,0x6ffe52298121d875f4689e96b856e6995da8ace87f0bcaf726af272fc64a01c2
0x238a358808379702088667322f80ac48bad5e6c4,1782777613,107153289,849516393265019905029,152516393265019905029,0x774acb456f0302aeb922160317bb45f52a5fdecfa1cc2b05d128f24a493f1aa2
0x238a358808379702088667322f80ac48bad5e6c4,1782777613,107153289,-11906292837807340932184,50000000000000000000,0xa661499d4bf488a3267caede50113f4cbb5ec255dd1436c78f2e27ab09e8ce6f
0x238a358808379702088667322f80ac48bad5e6c4,1782777613,107153289,-17665845065841191034,8829506190773956054,0xa661499d4bf488a3267caede50113f4cbb5ec255dd1436c78f2e27ab09e8ce6f
0x238a358808379702088667322f80ac48bad5e6c4,1782777613,107153289,3708344254677243174463,532627071220078000000,0x13cbaf18bd3ac65a48c542b08e38b3b93fc8c29aa48685e9940933577cf5f021
0x238a358808379702088667322f80ac48bad5e6c4,1782777613,107153289,-11933011453609770322793,26718615802429390609,0x13cbaf18bd3ac65a48c542b08e38b3b93fc8c29aa48685e9940933577cf5f021
0x238a358808379702088667322f80ac48bad5e6c4,1782777613,107153290,-1781090591399947257751,384128988201470948815,0x4b0331ebbf8f2ce364b78c2b7c4338b38fa0fca0c0641a3ce07fdba58fb6b102
0x238a358808379702088667322f80ac48bad5e6c4,1782777613,107153290,-11883011453609770322793,50000000000000000000,0x828bf37fc82c9eb60078da79a702fb4f954049c3e0169bd7d700c85b05dab3d5
0x238a358808379702088667322f80ac48bad5e6c4,1782777613,107153290,-12320169251468803843793,437157797859033521000,0x4e612880e6c4d86ec0815cdf47ee79630f87ad4f86c3b759dc0c922ef0253119
0x238a358808379702088667322f80ac48bad5e6c4,1782777613,107153290,-26488526494301635324,8822681428460444290,0x828bf37fc82c9eb60078da79a702fb4f954049c3e0169bd7d700c85b05dab3d5
0x238a358808379702088667322f80ac48bad5e6c4,1782777613,107153290,-12270169251468803843793,50000000000000000000,0x45f4593c4e7dd76d590e9949b31c4b55fc08bf379d6ae0833c88d985268284f2
0x238a358808379702088667322f80ac48bad5e6c4,1782777613,107153290,-35304391070186485724,8815864575884850400,0x45f4593c4e7dd76d590e9949b31c4b55fc08bf379d6ae0833c88d985268284f2
0x238a358808379702088667322f80ac48bad5e6c4,1782777613,107153290,-18204623194109489129213,893981627584090204774,0x9c62aae391dbfb40b1a2d47d20b59568aad90a4141267b26bca0a5f37b9a0eac
0x238a358808379702088667322f80ac48bad5e6c4,1782777613,107153290,-12177110188104502273745,93059063364301570048,0x9c62aae391dbfb40b1a2d47d20b59568aad90a4141267b26bca0a5f37b9a0eac
0x238a358808379702088667322f80ac48bad5e6c4,1782777613,107153290,-12024561749317117273745,152548438787385000000,0x4b0331ebbf8f2ce364b78c2b7c4338b38fa0fca0c0641a3ce07fdba58fb6b102
0x238a358808379702088667322f80ac48bad5e6c4,1782777613,107153290,-13546956378814444270156,3561692739906367175488,0x9c05b406ef13571c22a1d1557b142901722290c303d1801db95f3e81c2aadcc7
0x238a358808379702088667322f80ac48bad5e6c4,1782777613,107153290,-1836900336013518724723,55809744613571466972,0xea68c6a33a2ebe971339e73085e3d44227fb5eddafef0e94e1d11db8bc05be83
0x238a358808379702088667322f80ac48bad5e6c4,1782777613,107153291,-11920251749317117273745,104310000000000000000,0x69e3303308fc5b251158edcdb668b4d82587e66177fc824a61c70c8c59b07854
0x238a358808379702088667322f80ac48bad5e6c4,1782777613,107153291,1479450274943673238235,528747187772800149423,0x80fba78e3f6ede90ecacc73ff62d4d6f4da8b2c12a3b8e0d233ef123b3b05e60
0x238a358808379702088667322f80ac48bad5e6c4,1782777613,107153291,-11994261504610392148924,74009755293274875179,0x6c8e724e7f8d9e3c952f742a6fad8851d6e77e10a975a1cc8419e1278a2d2e2d
0x238a358808379702088667322f80ac48bad5e6c4,1782777613,107153291,-6010013626924172491373,5802987868000000000000,0x10bbf8f32cc7689f0eb10d41585656b34b5d98abd3a5674b705bd1e4fcb75342
0x238a358808379702088667322f80ac48bad5e6c4,1782777613,107153291,-12175081915067220438184,180820410456828289260,0x10bbf8f32cc7689f0eb10d41585656b34b5d98abd3a5674b705bd1e4fcb75342
0x238a358808379702088667322f80ac48bad5e6c4,1782777613,107153291,250490858735699206859,189775374267377452109,0x199388eebdeb5d2ddaf7fa09047a5eb5982be8354339e0d7e25cf8dbfaf8ecf6
0x238a358808379702088667322f80ac48bad5e6c4,1782777613,107153291,-12130597395456443438184,44484519610777000000,0x199388eebdeb5d2ddaf7fa09047a5eb5982be8354339e0d7e25cf8dbfaf8ecf6
0x238a358808379702088667322f80ac48bad5e6c4,1782777613,107153291,-411778235849328873409121,528423274035885153963,0xac46a5aa92ac38724f72a38f892c712c0214f8d7a5fb488d58e26a22463b8525
0x238a358808379702088667322f80ac48bad5e6c4,1782777613,107153291,-12396072553752560023327,265475158296116585143,0xfbdf3b1858bf5258cfdf238539fa539d538c59cb874265eaecadcdbdaaa13d5c
0x238a358808379702088667322f80ac48bad5e6c4,1782777613,107153291,-19204623194109489129213,1000000000000000000000,0x69e3303308fc5b251158edcdb668b4d82587e66177fc824a61c70c8c59b07854
0x238a358808379702088667322f80ac48bad5e6c4,1782777613,107153291,-12396219768280793518444,147214528233495117,0x69e3303308fc5b251158edcdb668b4d82587e66177fc824a61c70c8c59b07854
0x238a358808379702088667322f80ac48bad5e6c4,1782777613,107153291,-12382433895483725491199,13785872797068027245,0xac46a5aa92ac38724f72a38f892c712c0214f8d7a5fb488d58e26a22463b8525
0x238a358808379702088667322f80ac48bad5e6c4,1782777613,107153291,-22397364336059120669288,3192741141949631540075,0x082f2b6939ad76e9db9ec2873149ae9b618ba41df3ea15f8a09fe63e369f54e5
0x238a358808379702088667322f80ac48bad5e6c4,1782777613,107153291,463470130278676871149,630594160274898000000,0x6c8e724e7f8d9e3c952f742a6fad8851d6e77e10a975a1cc8419e1278a2d2e2d
0x238a358808379702088667322f80ac48bad5e6c4,1782777613,107153291,-12382614896895594188185,181001411868696986,0x10bbf8f32cc7689f0eb10d41585656b34b5d98abd3a5674b705bd1e4fcb75342
0x238a358808379702088667322f80ac48bad5e6c4,1782777613,107153291,-44113446691015448378,8809055620828962654,0x5eb0839ec62923f4db72b575dc6285787ea86cb68f36e8c97d488a2bb8342e6f
0x238a358808379702088667322f80ac48bad5e6c4,1782777613,107153291,-12340379371145385986461,42235525750208201724,0x80fba78e3f6ede90ecacc73ff62d4d6f4da8b2c12a3b8e0d233ef123b3b05e60
0x238a358808379702088667322f80ac48bad5e6c4,1782777613,107153291,-12290379371145385986461,50000000000000000000,0x5eb0839ec62923f4db72b575dc6285787ea86cb68f36e8c97d488a2bb8342e6f
0x238a358808379702088667322f80ac48bad5e6c4,1782777613,107153291,-12496125340982053977702,205745969836667991241,0x80fba78e3f6ede90ecacc73ff62d4d6f4da8b2c12a3b8e0d233ef123b3b05e60
0x238a358808379702088667322f80ac48bad5e6c4,1782777613,107153291,-12822050808192937842512,325925467210883864810,0xc859f79c0e82d7734df4ead4cfd642090189a9dccc8aa500bf03e74cf4042b95
0x238a358808379702088667322f80ac48bad5e6c4,1782777613,107153291,367196048671046464341,269328349112345669192,0x80fba78e3f6ede90ecacc73ff62d4d6f4da8b2c12a3b8e0d233ef123b3b05e60
0x238a358808379702088667322f80ac48bad5e6c4,1782777613,107153291,4320585338317001174463,612241083639758000000,0x7d4587720e5ab336655b28aefe1e290941e0bcba737bc9669d3f9fe22c58ee06
0x238a358808379702088667322f80ac48bad5e6c4,1782777613,107153291,-12852751371630029299407,30700563437091456895,0x7d4587720e5ab336655b28aefe1e290941e0bcba737bc9669d3f9fe22c58ee06
0x238a358808379702088667322f80ac48bad5e6c4,1782777613,107153291,29310506138957242368,12220274798349613056,0xbb1da44a0fd8881699f148b86fe6f86664fe64a3ca54518c98fe57cefe273510
0x238a358808379702088667322f80ac48bad5e6c4,1782777613,107153291,-63396609115391420073,26418667912421713115,0xbb1da44a0fd8881699f148b86fe6f86664fe64a3ca54518c98fe57cefe273510
0x238a358808379702088667322f80ac48bad5e6c4,1782777613,107153291,-10284467378322418664288,3262489000492025605868,0xfbdf3b1858bf5258cfdf238539fa539d538c59cb874265eaecadcdbdaaa13d5c
0x238a358808379702088667322f80ac48bad5e6c4,1782777614,107153292,112084992784133687149,138405865951565519710,0x93f2e70761fe057dd63a8ad96805369eb87907fc394e52ca2d49cc9fe852efa6
0x238a358808379702088667322f80ac48bad5e6c4,1782777614,107153292,-12852183927762008222863,567443868021076544,0xfd7f7fd06f61bf91413b1d43e78ee2489a9b1fa832dc33756a566a61a4ad86f0
0x238a358808379702088667322f80ac48bad5e6c4,1782777614,107153292,-12819735253526536343166,32448674235471879697,0x93f2e70761fe057dd63a8ad96805369eb87907fc394e52ca2d49cc9fe852efa6
0x238a358808379702088667322f80ac48bad5e6c4,1782777614,107153292,-12907938613018307486429,88203359491771143263,0x06b50d3bc5dfa4f58472a88b40437ab2a0d5f8131195ef8346ed46bcb1a1990c
0x238a358808379702088667322f80ac48bad5e6c4,1782777614,107153292,-148887072635364630950,260972065419498318099,0xfaab1a1bf45d1357db2ce0229ae82439f21345501519c716464a0d570083afae
0x238a358808379702088667322f80ac48bad5e6c4,1782777614,107153292,-12846742219025236715908,61196393993070770521,0xfaab1a1bf45d1357db2ce0229ae82439f21345501519c716464a0d570083afae
0x238a358808379702088667322f80ac48bad5e6c4,1782777614,107153292,-12807675128392664373904,39067090632572342004,0x728a7d13e7040b5d8e0dec776b2cd87b4626d7005dfdd998d4c4583fd86cdf80
0x238a358808379702088667322f80ac48bad5e6c4,1782777614,107153292,-12435195536002363906549,372479592390300467355,0xd8cb015bfc9b7577399805f8d84c16038fb9f95bdec1a00fffdaf9f0c51b8ecd
0x238a358808379702088667322f80ac48bad5e6c4,1782777614,107153292,-12385195536002363906549,50000000000000000000,0x8648d4798d7a85027cf8fc0f3dcee8789686c5cdfba949143bd422457742b4a4
0x238a358808379702088667322f80ac48bad5e6c4,1782777614,107153292,-52915701242113600509,8802254551098152131,0x8648d4798d7a85027cf8fc0f3dcee8789686c5cdfba949143bd422457742b4a4
0x238a358808379702088667322f80ac48bad5e6c4,1782777614,107153292,316058742730649314313,51137305940397150028,0x728a7d13e7040b5d8e0dec776b2cd87b4626d7005dfdd998d4c4583fd86cdf80
0x238a358808379702088667322f80ac48bad5e6c4,1782777614,107153292,323422852165231296311,33302267892746244049,0x3c9cd385f740f1d205cdf7d115d0e87ba93771be9328de7fd2a282cbebbe72ec
0x238a358808379702088667322f80ac48bad5e6c4,1782777614,107153292,-426048461378570283336099,14270225529241409926978,0xd8cb015bfc9b7577399805f8d84c16038fb9f95bdec1a00fffdaf9f0c51b8ecd
0x238a358808379702088667322f80ac48bad5e6c4,1782777614,107153293,-12335195536002363906549,50000000000000000000,0xc326c5826bc44cc4cf9c5b42248d633084cfe7affcc568913e21b98538425c8f
0x238a358808379702088667322f80ac48bad5e6c4,1782777614,107153293,-61704377261064434163,8788676018950833654,0xc326c5826bc44cc4cf9c5b42248d633084cfe7affcc568913e21b98538425c8f
0x238a358808379702088667322f80ac48bad5e6c4,1782777614,107153293,-12285195536002363906549,50000000000000000000,0x55857adc5c78b40a2c51d418758406270244dbc49ccbe00e6ccd8c105fd6b240
0x238a358808379702088667322f80ac48bad5e6c4,1782777614,107153293,-70486275793326925398,8781898532262491235,0x55857adc5c78b40a2c51d418758406270244dbc49ccbe00e6ccd8c105fd6b240
0x238a358808379702088667322f80ac48bad5e6c4,1782777614,107153293,-79281737147848243515,8795461354521318117,0x5126ae3f4c21ce198443088f4c850191de845f8f9192de6068042869fc81ed28
0x238a358808379702088667322f80ac48bad5e6c4,1782777614,107153293,-433780752195296117333663,7732290816725833997564,0x3a1ff0a80c7ed317e9e512daf497478ae3c0041d067f67027363b20a8fd8c71d
0x238a358808379702088667322f80ac48bad5e6c4,1782777614,107153293,-451696580202693199435432,17915828007397082101769,0xebcb1572f40605f7c0fdf3bc6b6d609d2a07ae14ffaec3ef450d870315596dcd
0x238a358808379702088667322f80ac48bad5e6c4,1782777614,107153293,-18680616884313669091,18680616072051361997,0x6f1b45f3bec548b2e9b406ce76691718f1e6f435702f648f4be7ebc41b093c8f
0x238a358808379702088667322f80ac48bad5e6c4,1782777614,107153293,-12239086160298743213138,46109375703620693411,0xa189c575e13abb56527bb3707577d57c9a82f64fb0a4f9f87073b60a03312e77
0x238a358808379702088667322f80ac48bad5e6c4,1782777614,107153293,-22764679993326558374039,367315657267437704751,0x4ceef877f95d2d656f7250bc85729514b3142c35f75d4eb0b66a0e4035823828
0x238a358808379702088667322f80ac48bad5e6c4,1782777614,107153293,-345313006965486592286,196425934330121961336,0xa189c575e13abb56527bb3707577d57c9a82f64fb0a4f9f87073b60a03312e77
0x238a358808379702088667322f80ac48bad5e6c4,1782777614,107153293,-1044150276617985139355,698837269652498547069,0x92c5c0b6f78dec2a13427da410e38e00f2e5066a0ec3c30d18050b18d1469e08
0x238a358808379702088667322f80ac48bad5e6c4,1782777614,107153293,-123927256604877542850,343749448490971420098,0xfd03dbdc46e175cce3cb58fda0c2f6c05e342e2f351ae961dd174823026d00e4
0x238a358808379702088667322f80ac48bad5e6c4,1782777614,107153293,-12075131924101777041468,163954236196966171670,0x92c5c0b6f78dec2a13427da410e38e00f2e5066a0ec3c30d18050b18d1469e08
0x238a358808379702088667322f80ac48bad5e6c4,1782777614,107153293,-12025131924101777041468,50000000000000000000,0x5126ae3f4c21ce198443088f4c850191de845f8f9192de6068042869fc81ed28
0x238a358808379702088667322f80ac48bad5e6c4,1782777614,107153293,-11986867158260701653052,38264765841075388416,0x4ceef877f95d2d656f7250bc85729514b3142c35f75d4eb0b66a0e4035823828
0x238a358808379702088667322f80ac48bad5e6c4,1782777614,107153293,-11964074194373262302584,22792963887439350468,0x338fd094e3f84fc2a4379716fd5d7577d9a752f5e35095ce44cd57c8d3ae5b46
0x238a358808379702088667322f80ac48bad5e6c4,1782777614,107153293,-1141262991113732459565,97112714495747320210,0x338fd094e3f84fc2a4379716fd5d7577d9a752f5e35095ce44cd57c8d3ae5b46
0x238a358808379702088667322f80ac48bad5e6c4,1782777614,107153293,-12125305610901636141925,161231416528373839341,0xa0d5d2a0b71c7a7fb9514889c79e6a4efc8f6f04d9c163156d1e88199e044945
0x238a358808379702088667322f80ac48bad5e6c4,1782777614,107153293,-12127814681448001351180,2509070546365209255,0xa0d5d2a0b71c7a7fb9514889c79e6a4efc8f6f04d9c163156d1e88199e044945
0x238a358808379702088667322f80ac48bad5e6c4,1782777614,107153293,-12147886891226772255252,20072209778770904072,0xa0d5d2a0b71c7a7fb9514889c79e6a4efc8f6f04d9c163156d1e88199e044945
0x238a358808379702088667322f80ac48bad5e6c4,1782777614,107153293,-2413548911961751764572,576648575948233039849,0x11a58c082fc44b2a9ddd7d260ed51dc7acb5c4d162a714fd9c9208177d7b48a5
0x238a358808379702088667322f80ac48bad5e6c4,1782777615,107153294,-11860615733664364876454,287271157562407378798,0x7e16f4255f8e6306f65a147e4cf1f526364a0db336ea869248397983a83e0d0e
0x238a358808379702088667322f80ac48bad5e6c4,1782777615,107153294,-305904071377629414561,119800358938499123581,0xe3b1d2e5c7fe66537511859a54b1cdfbdb1210be7f97d57916adc307fcb9ed12
0x238a358808379702088667322f80ac48bad5e6c4,1782777615,107153294,-2926366093209332345224,119207157025179795456,0xb1e8137596539dfd4a339e348b9c44eef195c218afe05662ee63e4c1c1bc44d4
0x238a358808379702088667322f80ac48bad5e6c4,1782777615,107153294,673804418755162447103,7055558159777529862233,0xb1e8137596539dfd4a339e348b9c44eef195c218afe05662ee63e4c1c1bc44d4
0x238a358808379702088667322f80ac48bad5e6c4,1782777615,107153294,-11822350967823289488038,38264765841075388416,0x82439d4817c2956ff0fbd503d19de62c8f364ce7971f12efc7d7d5c64248a65e
0x238a358808379702088667322f80ac48bad5e6c4,1782777615,107153294,-12224006607117270220242,401655639293980732204,0x00df0674deabd388a75c7ff20c0d4d7d45e180a671270164f52426964d8171fb
0x238a358808379702088667322f80ac48bad5e6c4,1782777615,107153294,-23131974446563379995100,367294453236821621061,0x82439d4817c2956ff0fbd503d19de62c8f364ce7971f12efc7d7d5c64248a65e
0x238a358808379702088667322f80ac48bad5e6c4,1782777615,107153294,188677082565840659954,682510389329325457408,0x51e5f0dc5aea94817efe33a4a7190e3dce85cee73eab965af21a236efb1bdc29
0x238a358808379702088667322f80ac48bad5e6c4,1782777615,107153294,-1636983605956082022302,1553101577380383278599,0x7e16f4255f8e6306f65a147e4cf1f526364a0db336ea869248397983a83e0d0e
0x238a358808379702088667322f80ac48bad5e6c4,1782777615,107153294,26801610,47148549,0xdf068db6dabe688781885f489c5dd610ee36923be2071fa1630b7953597fdba8
0x238a358808379702088667322f80ac48bad5e6c4,1782777615,107153294,-2951989811352753159151,25623718143420813927,0xdf068db6dabe688781885f489c5dd610ee36923be2071fa1630b7953597fdba8
0x238a358808379702088667322f80ac48bad5e6c4,1782777615,107153294,-363557060381492540419,2049991851580259224153,0xc672ce859419eca6dcf3aeed8926e8e7ac9f19b17a7e3099e59bdeb3704e18c5
0x238a358808379702088667322f80ac48bad5e6c4,1782777615,107153294,-13038168159753230094585,814161552635959874343,0xc672ce859419eca6dcf3aeed8926e8e7ac9f19b17a7e3099e59bdeb3704e18c5
0x238a358808379702088667322f80ac48bad5e6c4,1782777615,107153294,-1113250709077534577807,989323452472657034957,0xe5bf58e3c0d1aab5288bf46d6637913aebc74cc3c01c8cefa42790fb75e5b11a
0x238a358808379702088667322f80ac48bad5e6c4,1782777615,107153294,-12918331756242693680852,119836403510536413733,0xe3b1d2e5c7fe66537511859a54b1cdfbdb1210be7f97d57916adc307fcb9ed12
0x238a358808379702088667322f80ac48bad5e6c4,1782777615,107153295,-12953611201983609101128,35279445740915420276,0x763b6c62349ed1e271865ca2f1d5f49dc2b83c1a98162cdaa8b0f541b8b526d6
0x238a358808379702088667322f80ac48bad5e6c4,1782777615,107153295,376650772121990423542,461842988793459000000,0x09f2ca363483d50dfdaf674e80fc7655d691631b77009b3267a7ac2e3d2cfd4c
0x238a358808379702088667322f80ac48bad5e6c4,1782777615,107153295,-3070562324164466870498,118572512811713711347,0x388d286a3230a5aa5debd313135a6d88c2c7a5769fd14f01970c0065fd8aa29d
0x238a358808379702088667322f80ac48bad5e6c4,1782777615,107153295,-990946368512710917973,150316622601021541592,0x763b6c62349ed1e271865ca2f1d5f49dc2b83c1a98162cdaa8b0f541b8b526d6
0x238a358808379702088667322f80ac48bad5e6c4,1782777615,107153295,-123651360245224642436,989599348832309935371,0x689a480f855e1d4181e10a754522761d6275121e02c398084b356c106761a721
0x238a358808379702088667322f80ac48bad5e6c4,1782777615,107153295,-12953726890279884433281,115688296275332153,0x4576d9a4cb09eae4e23578b9e97571f7d1720ce8db8421878bddb5df3e12642a
0x238a358808379702088667322f80ac48bad5e6c4,1782777615,107153295,3231856643444657816652,1615928321722328908326,0x47df5aa2f402ac266bb7eafe792f99c9ec4f07a8886a8ce301e6bcfc90af10cf
0x238a358808379702088667322f80ac48bad5e6c4,1782777615,107153295,-13256675372228199736031,302948481948315302750,0x47df5aa2f402ac266bb7eafe792f99c9ec4f07a8886a8ce301e6bcfc90af10cf
0x238a358808379702088667322f80ac48bad5e6c4,1782777615,107153295,-13775320108093634823889,518644735865435087858,0xbadade7a4821c51a8b347ad482e288ddb5ed01743f4e2e4ff079d516c01b6c82
0x238a358808379702088667322f80ac48bad5e6c4,1782777615,107153295,943773827018141108647,1307330887399633649066,0xbadade7a4821c51a8b347ad482e288ddb5ed01743f4e2e4ff079d516c01b6c82
0x238a358808379702088667322f80ac48bad5e6c4,1782777615,107153295,-13725320108093634823889,50000000000000000000,0x09960eed57722b5fd88346357449ed00b97edba6ff4a96bdd279a11f4ae09405
0x238a358808379702088667322f80ac48bad5e6c4,1782777615,107153295,-88056866030203692153,8775128882355448638,0x09960eed57722b5fd88346357449ed00b97edba6ff4a96bdd279a11f4ae09405
0x238a358808379702088667322f80ac48bad5e6c4,1782777615,107153295,-14221056256528413307113,495736148434778483224,0x13d8ad4f07c9d58fe310ad0ccd20fa6989c552298a99418910c217725154fd73
0x238a358808379702088667322f80ac48bad5e6c4,1782777615,107153295,2194398771597512182183,1250624944579371073536,0x13d8ad4f07c9d58fe310ad0ccd20fa6989c552298a99418910c217725154fd73
0x238a358808379702088667322f80ac48bad5e6c4,1782777615,107153295,-14246499611780108249547,25443355251694942434,0x09f2ca363483d50dfdaf674e80fc7655d691631b77009b3267a7ac2e3d2cfd4c
0x238a358808379702088667322f80ac48bad5e6c4,1782777615,107153295,-14196499611780108249547,50000000000000000000,0xac9f94a5677c5b63c19fde818ab504c7c6a70032dea6f1243232f02aa9aaa9af
0x238a358808379702088667322f80ac48bad5e6c4,1782777615,107153295,365415708586028313340,42520215164371388105,0xad67a1da3079576663a886e69231db4c9e9b28e41cf3ba05372a658901177a78
0x238a358808379702088667322f80ac48bad5e6c4,1782777615,107153295,-14313666350663691479860,117166738883583230313,0xad67a1da3079576663a886e69231db4c9e9b28e41cf3ba05372a658901177a78
0x238a358808379702088667322f80ac48bad5e6c4,1782777615,107153295,-96825233087355867074,8768367057152174921,0xac9f94a5677c5b63c19fde818ab504c7c6a70032dea6f1243232f02aa9aaa9af
0x238a358808379702088667322f80ac48bad5e6c4,1782777615,107153295,-2298605982924172491373,3711407644000000000000,0x4576d9a4cb09eae4e23578b9e97571f7d1720ce8db8421878bddb5df3e12642a
0x238a358808379702088667322f80ac48bad5e6c4,1782777615,107153295,-14429238958642748301360,115572607979056821500,0x4576d9a4cb09eae4e23578b9e97571f7d1720ce8db8421878bddb5df3e12642a
0x238a358808379702088667322f80ac48bad5e6c4,1782777615,107153295,7693185446735081509176,7019381027979919062073,0x388d286a3230a5aa5debd313135a6d88c2c7a5769fd14f01970c0065fd8aa29d
0x238a358808379702088667322f80ac48bad5e6c4,1782777616,107153296,-14530873447507160799338,101634488864412497978,0xba1f65e517187bfd88fd6c8aa571210aa6799aa77ae695510f87c9a0a274fb1b
0x238a358808379702088667322f80ac48bad5e6c4,1782777616,107153296,2104112577379808495676,90286194217703686507,0x67d695ced475c23a72a0c3b0addd885ca16e4bf9ad5e1dd66c0dd08f3658bfe3
0x238a358808379702088667322f80ac48bad5e6c4,1782777616,107153296,-447809573072816039075522,3887007129877160359910,0xba1f65e517187bfd88fd6c8aa571210aa6799aa77ae695510f87c9a0a274fb1b
0x238a358808379702088667322f80ac48bad5e6c4,1782777616,107153296,-14495053921196821688071,35819526310339111267,0x67d695ced475c23a72a0c3b0addd885ca16e4bf9ad5e1dd66c0dd08f3658bfe3
0x238a358808379702088667322f80ac48bad5e6c4,1782777616,107153296,91628068,64826458,0x0eb67e1bbd0d8fe6e2e588bc7fd6519338cac641ad2f8c334649a19998064c69
0x238a358808379702088667322f80ac48bad5e6c4,1782777616,107153296,-17518752603903280067683,13815282508787569055776,0xa6e1fc31e0db772dfa899c4d8cf2d74f97e8df1825ab805c74363d8ace6e1ffd
0x238a358808379702088667322f80ac48bad5e6c4,1782777616,107153296,-14495150380199821688071,96459003000000000,0xf4de2e1a3cadc8109e73ce9a3b9df69770cf20c6475fb6eac6445c4b7494340a
0x238a358808379702088667322f80ac48bad5e6c4,1782777616,107153296,499981716385049371023,1604130860994759124653,0xc6605e0b383c65b7a8bfc8d1b057fe0fc53a8102dba7bec2b3ab08cb32769a3b
0x238a358808379702088667322f80ac48bad5e6c4,1782777616,107153296,-13859088750217509267463,636061629982312420608,0xc6605e0b383c65b7a8bfc8d1b057fe0fc53a8102dba7bec2b3ab08cb32769a3b
0x238a358808379702088667322f80ac48bad5e6c4,1782777616,107153296,-465207749481913449976101,17398176409097410900579,0x22772fa6c4996719755dff92ef240a6532ea5d10867941e5726a742822fa39a1
0x238a358808379702088667322f80ac48bad5e6c4,1782777616,107153296,-5389539854896179020190,3090933871972006528817,0xf4de2e1a3cadc8109e73ce9a3b9df69770cf20c6475fb6eac6445c4b7494340a
0x238a358808379702088667322f80ac48bad5e6c4,1782777616,107153296,-13762629747217509267463,96459003000000000000,0xf4de2e1a3cadc8109e73ce9a3b9df69770cf20c6475fb6eac6445c4b7494340a
0x238a358808379702088667322f80ac48bad5e6c4,1782777616,107153296,-3105777926248771374757,35215602084304504259,0x0eb67e1bbd0d8fe6e2e588bc7fd6519338cac641ad2f8c334649a19998064c69
0x238a358808379702088667322f80ac48bad5e6c4,1782777616,107153297,-13906206712603144059387,143576965385634791924,0x39f16b432373a59ec3df55ac95bdab98f37b48407167db46115c07e042aa388e
0x238a358808379702088667322f80ac48bad5e6c4,1782777616,107153297,341210108210817620134,158771608174231750889,0xbc89ccbdae04c44bafeccf3a01bed1fc9df2516ead12f27d34b8f166eca506b0
0x238a358808379702088667322f80ac48bad5e6c4,1782777616,107153297,-13843186873336239259848,63019839266904799539,0xbc89ccbdae04c44bafeccf3a01bed1fc9df2516ead12f27d34b8f166eca506b0
0x238a358808379702088667322f80ac48bad5e6c4,1782777616,107153297,-14907600111257179037139,1064413237920939777291,0xf639029ba59d08af30402d10be9e2831f4f1f021ff1e4663dd63f9e1f76ea8e5
0x238a358808379702088667322f80ac48bad5e6c4,1782777616,107153297,-3209919531766626510573,3209919531766626510573,0x59b033cebf107f31cde0aa04c84258ca8ae638f810b8a1b9354087fc7edd9758
0x238a358808379702088667322f80ac48bad5e6c4,1782777616,107153297,-14857600111257179037139,50000000000000000000,0xa3a9bddf917994e3e932deab79fb32148e7fdadf8dbbfa747ec37b99ab8eb17d
0x238a358808379702088667322f80ac48bad5e6c4,1782777616,107153297,-105580099920018910742,8754866832663043668,0xd75c7a36ce4a4e040e951f6c44b6805f0c17a2a5c2355dd65956c9faea798c9b
0x238a358808379702088667322f80ac48bad5e6c4,1782777616,107153297,-114341712964617307290,8761613044598396548,0xa3a9bddf917994e3e932deab79fb32148e7fdadf8dbbfa747ec37b99ab8eb17d
0x238a358808379702088667322f80ac48bad5e6c4,1782777616,107153297,417521032246053313340,52105323660025000000,0x39f16b432373a59ec3df55ac95bdab98f37b48407167db46115c07e042aa388e
0x238a358808379702088667322f80ac48bad5e6c4,1782777616,107153297,-14807600111257179037139,50000000000000000000,0xd75c7a36ce4a4e040e951f6c44b6805f0c17a2a5c2355dd65956c9faea798c9b
0x238a358808379702088667322f80ac48bad5e6c4,1782777616,107153297,3955017069039784012348,2658100000000000000000,0xee16acdc5913608f645224eba02a8584345d2ea9e729ec2fad94e889cf339c95
0x238a358808379702088667322f80ac48bad5e6c4,1782777616,107153297,-14817095071102285562319,9494959845106525180,0xee16acdc5913608f645224eba02a8584345d2ea9e729ec2fad94e889cf339c95
0x238a358808379702088667322f80ac48bad5e6c4,1782777617,107153298,-494993945936372400997831,29786196454458951021730,0x28414db262db77bd151a1adc8a82b60236c7064f06d0df283edc3682f95b9943
0x238a358808379702088667322f80ac48bad5e6c4,1782777617,107153298,-14905348257270651513094,88253186168365950775,0x4a635085189dc54df776eed6ea6fcd066275fc1c5bd81449d85a6e4d68b31e80
0x238a358808379702088667322f80ac48bad5e6c4,1782777617,107153298,4040730192553357079900,279855145763644094563,0x4bbac8ae3ecee7f76f12d80c9edbe66b5168b3814e7a40d8396be9dad5228008
0x238a358808379702088667322f80ac48bad5e6c4,1782777617,107153298,-14855348257270651513094,50000000000000000000,0xb01f5a564c2e25e03bda4a0a59275610c2d3bf6b3005e13f9b1095428179e4c4
0x238a358808379702088667322f80ac48bad5e6c4,1782777617,107153298,-123089841373955503827,8748128409338196537,0xb01f5a564c2e25e03bda4a0a59275610c2d3bf6b3005e13f9b1095428179e4c4
0x238a358808379702088667322f80ac48bad5e6c4,1782777617,107153298,-14805348257270651513094,50000000000000000000,0xc267bfb0d1205beaf35e5337cfa1e80e8b04315fcb0d6ddc61afdc68c9508337
0x238a358808379702088667322f80ac48bad5e6c4,1782777617,107153298,-131831239136594535912,8741397762639032085,0xc267bfb0d1205beaf35e5337cfa1e80e8b04315fcb0d6ddc61afdc68c9508337
0x238a358808379702088667322f80ac48bad5e6c4,1782777617,107153298,-14791317662064176858902,14030595206474654192,0x4bbac8ae3ecee7f76f12d80c9edbe66b5168b3814e7a40d8396be9dad5228008
0x238a358808379702088667322f80ac48bad5e6c4,1782777617,107153298,-14805348257270651513094,14030595206474654192,0x4bbac8ae3ecee7f76f12d80c9edbe66b5168b3814e7a40d8396be9dad5228008
0x238a358808379702088667322f80ac48bad5e6c4,1782777617,107153298,376823725738569382680,172953616578959138,0x68f4db292472c27629da22c5b396fee075cc07e4e973f3b8e9858eb2dc4159a1
0x238a358808379702088667322f80ac48bad5e6c4,1782777617,107153298,-14805357780460229674135,9523189578161041,0x68f4db292472c27629da22c5b396fee075cc07e4e973f3b8e9858eb2dc4159a1
0x238a358808379702088667322f80ac48bad5e6c4,1782777617,107153298,448477477903253601369,30956445657200288029,0x3b695c48e433e102316ec20cec5bb156a374adba25cf80c10a3fb43477011707
0x238a358808379702088667322f80ac48bad5e6c4,1782777617,107153298,-14890633567687066942443,85275787226837268308,0x3b695c48e433e102316ec20cec5bb156a374adba25cf80c10a3fb43477011707
0x238a358808379702088667322f80ac48bad5e6c4,1782777617,107153298,2703608924781845445992,1337121267771511633908,0xe75fe1ef5fd833fa4a2abae9c248378e72b7c3d588ab49400560c85817bf371b
0x238a358808379702088667322f80ac48bad5e6c4,1782777617,107153298,-14963918451298638464525,73284883611571522082,0xa44fbf561743ddf482dcdc58118e4bf8cd0a7643912754c17e2d2ee0b495c982
0x238a358808379702088667322f80ac48bad5e6c4,1782777617,107153298,475077725612580622477,26600247709327021108,0xa44fbf561743ddf482dcdc58118e4bf8cd0a7643912754c17e2d2ee0b495c982
0x238a358808379702088667322f80ac48bad5e6c4,1782777617,107153298,-14992569331721712744011,28650880423074279486,0x9582a5c80424fc3f47b914b729a63df25ad9b810a66a01fdf2393da2647cd696
0x238a358808379702088667322f80ac48bad5e6c4,1782777617,107153298,897067011885828057320,520243286147258674640,0x9582a5c80424fc3f47b914b729a63df25ad9b810a66a01fdf2393da2647cd696
0x238a358808379702088667322f80ac48bad5e6c4,1782777617,107153298,-14925496097645325465163,67073234076387278848,0xe75fe1ef5fd833fa4a2abae9c248378e72b7c3d588ab49400560c85817bf371b
0x238a358808379702088667322f80ac48bad5e6c4,1782777617,107153298,3110751148114309268640,407142223332463822648,0xed9bae5e0101c6ee623c478f6ecc49a3d7c9c54608606c645ca7820fda90cc35
0x238a358808379702088667322f80ac48bad5e6c4,1782777617,107153298,-14945905086533866804584,20408988888541339421,0xed9bae5e0101c6ee623c478f6ecc49a3d7c9c54608606c645ca7820fda90cc35
0x238a358808379702088667322f80ac48bad5e6c4,1782777617,107153298,-14799309035277649804584,146596051256217000000,0x38fcc9bcaa56e79ad53667d56c2b65ddcc0d9c43c9ebf25e0b9e749d4a169e25
0x238a358808379702088667322f80ac48bad5e6c4,1782777617,107153298,-28059252814637000456,369269361025454620590,0x38fcc9bcaa56e79ad53667d56c2b65ddcc0d9c43c9ebf25e0b9e749d4a169e25
0x238a358808379702088667322f80ac48bad5e6c4,1782777617,107153298,-14785278440071175150392,14030595206474654192,0x4bbac8ae3ecee7f76f12d80c9edbe66b5168b3814e7a40d8396be9dad5228008
0x238a358808379702088667322f80ac48bad5e6c4,1782777617,107153299,-14924379950515235924801,139101510444060774409,0x1149380548fbc94963acb339569fd1e7245453eba2f709ae05392ffd7e8ec0ed
0x238a358808379702088667322f80ac48bad5e6c4,1782777617,107153299,197986098167210737495,1050738116154959748193,0x1149380548fbc94963acb339569fd1e7245453eba2f709ae05392ffd7e8ec0ed
0x238a358808379702088667322f80ac48bad5e6c4,1782777617,107153299,1589224821964754010254,692157810078925952934,0x2353e55e8ccffbb6997db03eda41181e32f59dc6271716941dfb6dc9c34b218c
0x238a358808379702088667322f80ac48bad5e6c4,1782777617,107153299,-14962482428638942182330,38102478123706257529,0x2353e55e8ccffbb6997db03eda41181e32f59dc6271716941dfb6dc9c34b218c
0x238a358808379702088667322f80ac48bad5e6c4,1782777617,107153299,-15063790728423392975304,101308299784450792974,0xc2fa67ed1ee65ef83f984540830c13872c04c6ca8a0306d83c3c3221f953c4dd
0x238a358808379702088667322f80ac48bad5e6c4,1782777617,107153299,511859613434119522477,36781887821538900000,0xc2fa67ed1ee65ef83f984540830c13872c04c6ca8a0306d83c3c3221f953c4dd
0x238a358808379702088667322f80ac48bad5e6c4,1782777617,107153299,-140559198887888158619,8727959751293622707,0x50bb1398387e108bdc6c8711c118f0eb1178adb518c6403c20b30f869565ed7b
0x238a358808379702088667322f80ac48bad5e6c4,1782777617,107153299,-15013790728423392975304,50000000000000000000,0x50bb1398387e108bdc6c8711c118f0eb1178adb518c6403c20b30f869565ed7b
0x238a358808379702088667322f80ac48bad5e6c4,1782777617,107153299,-149293873768491929244,8734674880603770625,0x581c7b59c595f3d6522ca4783d9a6477614c635eb72806a7db82a771f827e4d2
0x238a358808379702088667322f80ac48bad5e6c4,1782777617,107153299,-14963790728423392975304,50000000000000000000,0x581c7b59c595f3d6522ca4783d9a6477614c635eb72806a7db82a771f827e4d2
0x238a358808379702088667322f80ac48bad5e6c4,1782777617,107153299,-15480429695841579571413,516638967418186596109,0x99cc050292a76b021dcc2873db9a11f3696c6b68925f05a77006ac439ca0404e
0x238a358808379702088667322f80ac48bad5e6c4,1782777618,107153300,-17574046413931744355970,2093616718090164784557,0xa11af936702184b6655c13192c4af0f084a6baf91e8f5827359f053becf7670f
0x238a358808379702088667322f80ac48bad5e6c4,1782777618,107153300,-17718132018600328242091,144085604668583886121,0xe4a019f82a51c534b5a267143d97f782a031beced715290e4b38400f147b3830
0x238a358808379702088667322f80ac48bad5e6c4,1782777618,107153300,-158008426471700072241,8714552703208142997,0xaee4d46d641e0c5f6818fc21f606a70f1d85fe138df3f4c0544dc9f245a2e4c9
0x238a358808379702088667322f80ac48bad5e6c4,1782777618,107153300,-166729678834492808353,8721252362792736112,0x7673f1834c4ab70859ce588e8fd76309eb43c5c1a0d33a9c1a86767615f61662
0x238a358808379702088667322f80ac48bad5e6c4,1782777618,107153300,-17668132018600328242091,50000000000000000000,0xaee4d46d641e0c5f6818fc21f606a70f1d85fe138df3f4c0544dc9f245a2e4c9
0x238a358808379702088667322f80ac48bad5e6c4,1782777618,107153300,-489468760048705100997831,5525185887667300000000,0xe4a019f82a51c534b5a267143d97f782a031beced715290e4b38400f147b3830
0x238a358808379702088667322f80ac48bad5e6c4,1782777618,107153300,-17618132018600328242091,50000000000000000000,0x7673f1834c4ab70859ce588e8fd76309eb43c5c1a0d33a9c1a86767615f61662
0x238a358808379702088667322f80ac48bad5e6c4,1782777618,107153300,-17656344842768256606260,38212824167928364169,0xaab177a5fda70d6fbced2f77a396df45e444a55716735b5ac462e45cf6a41fdd
0x238a358808379702088667322f80ac48bad5e6c4,1782777618,107153300,2283722311357446126118,694497489392692115864,0xaab177a5fda70d6fbced2f77a396df45e444a55716735b5ac462e45cf6a41fdd
0x238a358808379702088667322f80ac48bad5e6c4,1782777618,107153301,-175437539595162515522,8707860760669707169,0xffada377f0d05a0c340d0e7738a8552f2af4b02d1714094b4c213a162c7adc14
0x238a358808379702088667322f80ac48bad5e6c4,1782777618,107153301,-17606344842768256606260,50000000000000000000,0x55d958e8364d9cd1a11f7966a0ad92ecaadf97ddcc11c7db4e21c450b5c1e9d4
0x238a358808379702088667322f80ac48bad5e6c4,1782777618,107153301,-17952809354955246773390,346464512186990167130,0x8229e9913d86a6656bd988332080ba2a798c7830be64bc7f25e0673905eb5387
0x238a358808379702088667322f80ac48bad5e6c4,1782777618,107153301,-17657173802929631173390,295635552025615600000,0x700d8b390c1d0eca7a5ae6fae05da52e511395b89f83f74e4455c8c4754816c5
0x238a358808379702088667322f80ac48bad5e6c4,1782777618,107153301,-493823293559368044708961,4354533510662943711130,0x7d4091a8707ea376215d6b89459814fbf40540cd17797c9b966372c9dee1eb33
0x238a358808379702088667322f80ac48bad5e6c4,1782777618,107153301,-170214189763856604987,170214189763856604987,0xe8fe961d817688bd680d2bd96881f84cdd26241b5aad03a9b885d987cd0e2e41
0x238a358808379702088667322f80ac48bad5e6c4,1782777618,107153301,-18137801392986101298723,480627590056470125333,0xc3017b3d15b00b4444874f3fdf040f81b5759b50fdded3314533ae021b705cc4
0x238a358808379702088667322f80ac48bad5e6c4,1782777618,107153301,-513029453051905583252066,19206159492537538543105,0x3d01b88d81c05161ac6410574cbbee3d8cce166d3ca88fc9fbe22f23fae233da
0x238a358808379702088667322f80ac48bad5e6c4,1782777618,107153301,-18087801392986101298723,50000000000000000000,0xffada377f0d05a0c340d0e7738a8552f2af4b02d1714094b4c213a162c7adc14
0x238a358808379702088667322f80ac48bad5e6c4,1782777618,107153301,-499732876264970374624791,13296576786935208627275,0x8229e9913d86a6656bd988332080ba2a798c7830be64bc7f25e0673905eb5387
0x238a358808379702088667322f80ac48bad5e6c4,1782777618,107153301,-18123075373156571403982,35273980170470105259,0xf490a80daeb6143168ca923ce163c9e884aa17cd74f2b7f76e445a68a1a1849d
0x238a358808379702088667322f80ac48bad5e6c4,1782777618,107153301,-840629745911340917973,150316622601370000000,0xf490a80daeb6143168ca923ce163c9e884aa17cd74f2b7f76e445a68a1a1849d
0x238a358808379702088667322f80ac48bad5e6c4,1782777618,107153301,-184112055984969238935,8674516389806723413,0x63d7a68619939686c3b6bc01ec20ce03d328df480d349c895ec734f8ede6852f
0x238a358808379702088667322f80ac48bad5e6c4,1782777618,107153301,-18073075373156571403982,50000000000000000000,0xfb0dd581ef5e59d4c0405748851221eff5077a55380e84d68b2bf6ba7164a500
0x238a358808379702088667322f80ac48bad5e6c4,1782777618,107153301,-192813232508299310446,8701176523330071511,0xfb0dd581ef5e59d4c0405748851221eff5077a55380e84d68b2bf6ba7164a500
0x238a358808379702088667322f80ac48bad5e6c4,1782777618,107153301,-2034313880330019382718,2232299978497230120213,0x700d8b390c1d0eca7a5ae6fae05da52e511395b89f83f74e4455c8c4754816c5
0x238a358808379702088667322f80ac48bad5e6c4,1782777618,107153301,-201507732487663915992,8694499979364605546,0x55d958e8364d9cd1a11f7966a0ad92ecaadf97ddcc11c7db4e21c450b5c1e9d4
0x238a358808379702088667322f80ac48bad5e6c4,1782777618,107153301,-17959642822953095308985,113432550203476094997,0x7d4091a8707ea376215d6b89459814fbf40540cd17797c9b966372c9dee1eb33
0x238a358808379702088667322f80ac48bad5e6c4,1782777618,107153301,-18160030649735363129031,200387826782267820046,0x007e009a0e8f9d8fc8fa9055a42d7237ae4944f5a0c23e378d7aed0c1368965e
0x238a358808379702088667322f80ac48bad5e6c4,1782777618,107153301,-498581056264970374624791,1151820000000000000000,0xe8cf2a01672f50b5e3a5bb0ebd10b39a5daca6a47d844297b05ebe95aac81af1
0x238a358808379702088667322f80ac48bad5e6c4,1782777618,107153301,-18110030649735363129031,50000000000000000000,0x79e8d9cb8a511c940c586d185dd4de29221e421412bc5726baa49afb408067a4
0x238a358808379702088667322f80ac48bad5e6c4,1782777618,107153301,-210195563604635269134,8687831116971353142,0x79e8d9cb8a511c940c586d185dd4de29221e421412bc5726baa49afb408067a4
0x238a358808379702088667322f80ac48bad5e6c4,1782777618,107153301,-18060030649735363129031,50000000000000000000,0xd82765b0cc2f11e81778109cbb3c7bba8062d5b8e36fe6c77a536a62308b364c
0x238a358808379702088667322f80ac48bad5e6c4,1782777618,107153301,-18694325296430840889481,634294646695477760450,0xa326bdb4163a8b3991598333de02e031949f82942fb5484c00f1fbc28035178a
0x238a358808379702088667322f80ac48bad5e6c4,1782777618,107153301,1576071608180122124197,1604130860994759124653,0xa326bdb4163a8b3991598333de02e031949f82942fb5484c00f1fbc28035178a
0x238a358808379702088667322f80ac48bad5e6c4,1782777618,107153301,-19286360172719732736092,592034876288891846611,0xb308363f4514678447ca455ce5a1308a0afb162d4dee16c7ac3f4cc0b9d43c87
0x238a358808379702088667322f80ac48bad5e6c4,1782777618,107153301,726926135685882218922,215066522251762696445,0xb308363f4514678447ca455ce5a1308a0afb162d4dee16c7ac3f4cc0b9d43c87
0x238a358808379702088667322f80ac48bad5e6c4,1782777618,107153301,-19233895211374825988507,52464961344906747585,0x49969f5258c3720a407ddb658894bbacfa11729cfb71ff0d778e663dba57ad18
0x238a358808379702088667322f80ac48bad5e6c4,1782777618,107153301,-500594926678307472445116,2013870413337097820325,0x49969f5258c3720a407ddb658894bbacfa11729cfb71ff0d778e663dba57ad18
0x238a358808379702088667322f80ac48bad5e6c4,1782777618,107153301,-218876733529006249488,8681169924370980354,0xd82765b0cc2f11e81778109cbb3c7bba8062d5b8e36fe6c77a536a62308b364c
0x238a358808379702088667322f80ac48bad5e6c4,1782777618,107153301,-19183895211374825988507,50000000000000000000,0x63d7a68619939686c3b6bc01ec20ce03d328df480d349c895ec734f8ede6852f
0x238a358808379702088667322f80ac48bad5e6c4,1782777618,107153301,-19213897143302804123661,30001931927978135154,0xe8cf2a01672f50b5e3a5bb0ebd10b39a5daca6a47d844297b05ebe95aac81af1
0x238a358808379702088667322f80ac48bad5e6c4,1782777618,107153302,-19119277386868477023661,94619756434327100000,0x3a5f9e77c290ed36a8e94cd6fa7ed7e75fa02e48f8e9b575116fb307d279a864
0x238a358808379702088667322f80ac48bad5e6c4,1782777618,107153302,420866152504872823454,306059983181009395468,0x34d9a3efed5d0ab0a69ac8a5f6f510e9937352e0cdfb9d35b8ca277952bf62e4
0x238a358808379702088667322f80ac48bad5e6c4,1782777618,107153302,-19108723301312074163361,10554085556402860300,0xe0f4b0e2ab4612a165eca639abd277ed8dedf7ff6e17e4a2aff9f2c32459914f
0x238a358808379702088667322f80ac48bad5e6c4,1782777618,107153302,-501000044234355896590713,405117556048424145597,0xe0f4b0e2ab4612a165eca639abd277ed8dedf7ff6e17e4a2aff9f2c32459914f
0x238a358808379702088667322f80ac48bad5e6c4,1782777618,107153302,-19098169215755671303061,10554085556402860300,0xe0f4b0e2ab4612a165eca639abd277ed8dedf7ff6e17e4a2aff9f2c32459914f
0x238a358808379702088667322f80ac48bad5e6c4,1782777618,107153302,-19082984763250085225868,15184452505586077193,0xe0f4b0e2ab4612a165eca639abd277ed8dedf7ff6e17e4a2aff9f2c32459914f
0x238a358808379702088667322f80ac48bad5e6c4,1782777618,107153302,-501582878347927349749608,582834113571453158895,0xe0f4b0e2ab4612a165eca639abd277ed8dedf7ff6e17e4a2aff9f2c32459914f
0x238a358808379702088667322f80ac48bad5e6c4,1782777618,107153302,-19092335232511333025589,9350469261247799721,0xe0f4b0e2ab4612a165eca639abd277ed8dedf7ff6e17e4a2aff9f2c32459914f
0x238a358808379702088667322f80ac48bad5e6c4,1782777618,107153302,-19082984763250085225868,9350469261247799721,0xe0f4b0e2ab4612a165eca639abd277ed8dedf7ff6e17e4a2aff9f2c32459914f
0x238a358808379702088667322f80ac48bad5e6c4,1782777618,107153302,-501941771596960281321293,358893249032931571685,0xe0f4b0e2ab4612a165eca639abd277ed8dedf7ff6e17e4a2aff9f2c32459914f
0x238a358808379702088667322f80ac48bad5e6c4,1782777618,107153302,-19073634293988837426147,9350469261247799721,0xe0f4b0e2ab4612a165eca639abd277ed8dedf7ff6e17e4a2aff9f2c32459914f
0x238a358808379702088667322f80ac48bad5e6c4,1782777618,107153302,-18995050713957114205882,78583580031723220265,0x68346c89f93e5ae05552f9ba1bf6efc93f736c409cf34213a6987fbdf23576da
0x238a358808379702088667322f80ac48bad5e6c4,1782777618,107153302,392353830432193212022,28512322072679611432,0x68346c89f93e5ae05552f9ba1bf6efc93f736c409cf34213a6987fbdf23576da
0x238a358808379702088667322f80ac48bad5e6c4,1782777618,107153302,2215521774257209162270,736071499313535924035,0x68346c89f93e5ae05552f9ba1bf6efc93f736c409cf34213a6987fbdf23576da
0x238a358808379702088667322f80ac48bad5e6c4,1782777618,107153302,-19053833653071094239622,58782939113980033740,0x68346c89f93e5ae05552f9ba1bf6efc93f736c409cf34213a6987fbdf23576da
0x238a358808379702088667322f80ac48bad5e6c4,1782777618,107153302,-3063920917052613023510,41857009196158351247,0x68346c89f93e5ae05552f9ba1bf6efc93f736c409cf34213a6987fbdf23576da
0x238a358808379702088667322f80ac48bad5e6c4,1782777618,107153302,14594762,77033306,0x68346c89f93e5ae05552f9ba1bf6efc93f736c409cf34213a6987fbdf23576da
0x238a358808379702088667322f80ac48bad5e6c4,1782777618,107153302,-18996718400912174993798,57115252158919245824,0x37b257a370bf56a49351f120558e6b0ca4abb7d82c3a07e6c697cb2995724d96
0x238a358808379702088667322f80ac48bad5e6c4,1782777618,107153302,-18153864042876136182150,842854358036038811648,0x34d9a3efed5d0ab0a69ac8a5f6f510e9937352e0cdfb9d35b8ca277952bf62e4
0x238a358808379702088667322f80ac48bad5e6c4,1782777618,107153302,-18230658053164008462672,76794010287872280522,0x2a26277230a58dbb2d1f54b8350e7d0134b035030b00fb17c0cba2b5e34c5ced
0x238a358808379702088667322f80ac48bad5e6c4,1782777618,107153302,-1454489698288893363260,579824182041126019458,0x2a26277230a58dbb2d1f54b8350e7d0134b035030b00fb17c0cba2b5e34c5ced
0x238a358808379702088667322f80ac48bad5e6c4,1782777618,107153302,-18241212138720411322972,10554085556402860300,0xe0f4b0e2ab4612a165eca639abd277ed8dedf7ff6e17e4a2aff9f2c32459914f
0x238a358808379702088667322f80ac48bad5e6c4,1782777618,107153302,-227537965776878291228,8661232247872041740,0x19dcc0e0957b2a67980d795aacbf33f31514e7b34aaf59628198ba98ab6e481f
0x238a358808379702088667322f80ac48bad5e6c4,1782777618,107153302,-18191212138720411322972,50000000000000000000,0x19dcc0e0957b2a67980d795aacbf33f31514e7b34aaf59628198ba98ab6e481f
0x238a358808379702088667322f80ac48bad5e6c4,1782777618,107153302,-236205836278422628073,8667870501544336845,0x53686788876ee45e31ffd5d11e9d4bdcc35ffdc421074106d53e2633968bd9b6
0x238a358808379702088667322f80ac48bad5e6c4,1782777618,107153302,-18141212138720411322972,50000000000000000000,0x53686788876ee45e31ffd5d11e9d4bdcc35ffdc421074106d53e2633968bd9b6
0x238a358808379702088667322f80ac48bad5e6c4,1782777618,107153302,371628610648017384660,20725219784175827362,0x37b257a370bf56a49351f120558e6b0ca4abb7d82c3a07e6c697cb2995724d96
0x238a358808379702088667322f80ac48bad5e6c4,1782777618,107153302,1336719703654065243154,239351904526056881043,0x3a5f9e77c290ed36a8e94cd6fa7ed7e75fa02e48f8e9b575116fb307d279a864
0x238a358808379702088667322f80ac48bad5e6c4,1782777618,107153302,-1293066420707321473155,161423277581571890105,0xb2c2243c8c44b55f1bcbb672ae359023b7fcc4479dbb57376413d54ff182de6a
0x238a358808379702088667322f80ac48bad5e6c4,1782777618,107153302,-18162589127720191323183,21376988999780000211,0xb2c2243c8c44b55f1bcbb672ae359023b7fcc4479dbb57376413d54ff182de6a
0x238a358808379702088667322f80ac48bad5e6c4,1782777619,107153303,-18208269850942541786706,45680723222350463523,0xfa3282802bdf53246fe17dbff0ebfc9a55d72857765f3e714356c928e92d554d
0x238a358808379702088667322f80ac48bad5e6c4,1782777619,107153303,-645931191242938006261,194698554668402911712,0xfa3282802bdf53246fe17dbff0ebfc9a55d72857765f3e714356c928e92d554d
0x238a358808379702088667322f80ac48bad5e6c4,1782777619,107153303,-18355058894680860602602,146789043738318815896,0xfd58ec82e53f98b2d9ea392ad2d9730651c2976253da3ec4275bd76d933ee016
0x238a358808379702088667322f80ac48bad5e6c4,1782777619,107153303,1237016703876397331300,99702999777667911854,0x157fef23e51ca4cfd5f85e9ffc6ff75f63063d73573adb12378774150d33e4f4
0x238a358808379702088667322f80ac48bad5e6c4,1782777619,107153303,-18315640318535088402602,39418576145772200000,0x157fef23e51ca4cfd5f85e9ffc6ff75f63063d73573adb12378774150d33e4f4
0x238a358808379702088667322f80ac48bad5e6c4,1782777619,107153303,-496305529472956195924179,5636242124004085397114,0xfd58ec82e53f98b2d9ea392ad2d9730651c2976253da3ec4275bd76d933ee016
0x238a358808379702088667322f80ac48bad5e6c4,1782777619,107153303,-18265640318535088402602,50000000000000000000,0xed34aee7cb74665114f27e58bbf11f314137d2bba1205a2ac5672441cffc281e
0x238a358808379702088667322f80ac48bad5e6c4,1782777619,107153303,-244860437895523102224,8654601617100474151,0xed34aee7cb74665114f27e58bbf11f314137d2bba1205a2ac5672441cffc281e
0x238a358808379702088667322f80ac48bad5e6c4,1782777619,107153304,190876672414935216392,121389618491369100112,0x6dc4b3758a1852b0326aa82bec7cc211830288337d3dae09117155ab2a990d51
0x238a358808379702088667322f80ac48bad5e6c4,1782777619,107153304,-497724071260556677126031,1418541787600481201852,0x4ffb334f3d17a04b1c11b5957ee16651276a7dee122fe773f442fe566d29ed0e
0x238a358808379702088667322f80ac48bad5e6c4,1782777619,107153304,-253501801073136934151,8641363177613831927,0xca6cabdad4a34a6c84bbe6b579e611e47f38fc5201f12e7628ecc8400dd06938
0x238a358808379702088667322f80ac48bad5e6c4,1782777619,107153304,-18215640318535088402602,50000000000000000000,0x02ed7764315157aac108dd4c36ec77261cd51445fe3f38b61b48da4e47fc17b1
0x238a358808379702088667322f80ac48bad5e6c4,1782777619,107153304,7310328289994567572650,3615586851492526093509,0x917094fc1ecf0542c98cffbf4dff6085db5d373d9a311029a8604dbb36fddf83
0x238a358808379702088667322f80ac48bad5e6c4,1782777619,107153304,-18165640318535088402602,50000000000000000000,0xca6cabdad4a34a6c84bbe6b579e611e47f38fc5201f12e7628ecc8400dd06938
0x238a358808379702088667322f80ac48bad5e6c4,1782777619,107153304,-18213897425657576800040,48257107122488397438,0x917094fc1ecf0542c98cffbf4dff6085db5d373d9a311029a8604dbb36fddf83
0x238a358808379702088667322f80ac48bad5e6c4,1782777619,107153304,298501977737941708633,107625305323006492241,0x917094fc1ecf0542c98cffbf4dff6085db5d373d9a311029a8604dbb36fddf83
0x238a358808379702088667322f80ac48bad5e6c4,1782777619,107153304,-3106324800090783294243,42403883038170270733,0x917094fc1ecf0542c98cffbf4dff6085db5d373d9a311029a8604dbb36fddf83
0x238a358808379702088667322f80ac48bad5e6c4,1782777619,107153304,773051648639630227466,463965055236767103834,0x2462652312dde1f24c25b1c33c4535124376563620932dda0db557298b715da2
0x238a358808379702088667322f80ac48bad5e6c4,1782777619,107153304,-18176975085589513569504,36922340068063230536,0x4ffb334f3d17a04b1c11b5957ee16651276a7dee122fe773f442fe566d29ed0e
0x238a358808379702088667322f80ac48bad5e6c4,1782777619,107153304,-262129956163152779983,8628155090015845832,0x5596956993dc2c1ef04f146c111dd8ac2bc54f99ff76d5fd08ffad63ffc9aa16
0x238a358808379702088667322f80ac48bad5e6c4,1782777619,107153304,-18126975085589513569504,50000000000000000000,0x5596956993dc2c1ef04f146c111dd8ac2bc54f99ff76d5fd08ffad63ffc9aa16
0x238a358808379702088667322f80ac48bad5e6c4,1782777619,107153304,-270764711508784421748,8634755345631641765,0x02ed7764315157aac108dd4c36ec77261cd51445fe3f38b61b48da4e47fc17b1
0x238a358808379702088667322f80ac48bad5e6c4,1782777619,107153304,-18076975085589513569504,50000000000000000000,0xb765a1a82e5dbe81f0e69e748ebb3dfea3cc4cf08fc9f62e7fb3048f348ad3a9
0x238a358808379702088667322f80ac48bad5e6c4,1782777619,107153304,-18384588160167286860464,307613074577773290960,0x916fc973007c246639950c40861f5c0c729884468bf9ac072ca0c2531f4f7a6f
0x238a358808379702088667322f80ac48bad5e6c4,1782777619,107153304,-279412690106347055382,8647978597562633634,0xb765a1a82e5dbe81f0e69e748ebb3dfea3cc4cf08fc9f62e7fb3048f348ad3a9
0x238a358808379702088667322f80ac48bad5e6c4,1782777619,107153304,-18323614039073536962904,60974121093749897560,0xd1c135fd22f85f59e95e04e01814570147350870be0a3854e399bb78f9265592
0x238a358808379702088667322f80ac48bad5e6c4,1782777619,107153304,-500066973294619176654735,2342902034062499528704,0xd1c135fd22f85f59e95e04e01814570147350870be0a3854e399bb78f9265592
0x238a358808379702088667322f80ac48bad5e6c4,1782777619,107153304,-28474745,43069507,0xbc68eabb9904cf67f52ea19344e5315497e3f883a99ca58070bc1e6f430aba62
0x238a358808379702088667322f80ac48bad5e6c4,1782777619,107153304,-3082911402476044994243,23413397614738300000,0xbc68eabb9904cf67f52ea19344e5315497e3f883a99ca58070bc1e6f430aba62
0x238a358808379702088667322f80ac48bad5e6c4,1782777619,107153304,-3130732687760593929243,47821285284548935000,0x6dc4b3758a1852b0326aa82bec7cc211830288337d3dae09117155ab2a990d51
0x238a358808379702088667322f80ac48bad5e6c4,1782777620,107153305,-18306819687689755530415,16794351383781432489,0x4ff506a65701dd30e9db46cbb80533be1fa39b89fe7a0632643ccb506328c106
0x238a358808379702088667322f80ac48bad5e6c4,1782777620,107153305,-2709273399860820002,775760922039491047468,0xddde8adf6ee5aee50c22d65a8ef8ff668e0800edfd0eb410aff1b3c2d7ad8b7e
0x238a358808379702088667322f80ac48bad5e6c4,1782777620,107153305,40865145960571205632,11554639821613963264,0x9b73e5502c6825368b26497bde4c2d558b372617981f77a8679a192111c66db8
0x238a358808379702088667322f80ac48bad5e6c4,1782777620,107153305,-88359250599276915871,24962641483885495798,0x9b73e5502c6825368b26497bde4c2d558b372617981f77a8679a192111c66db8
0x238a358808379702088667322f80ac48bad5e6c4,1782777620,107153305,-288021089772043786678,8608399665696731296,0x13d0f95ea656c370bac347ff01e4366e5056023595666801afbb23993f923cf0
0x238a358808379702088667322f80ac48bad5e6c4,1782777620,107153305,-18256819687689755530415,50000000000000000000,0x13d0f95ea656c370bac347ff01e4366e5056023595666801afbb23993f923cf0
0x238a358808379702088667322f80ac48bad5e6c4,1782777620,107153305,-296636067033637098479,8614977261593311801,0x78ebc7ca8e96e7fef679318b0778b3c8a282511d2e813c8e3ad0f841d3068fb9
0x238a358808379702088667322f80ac48bad5e6c4,1782777620,107153305,-18206819687689755530415,50000000000000000000,0x78ebc7ca8e96e7fef679318b0778b3c8a282511d2e813c8e3ad0f841d3068fb9
0x238a358808379702088667322f80ac48bad5e6c4,1782777620,107153305,-305257629432825484328,8621562399188385849,0x1aa0ffd83df955181c2a0c67a7676ff95c2fd202097cde610519fcf4be8ac5eb
0x238a358808379702088667322f80ac48bad5e6c4,1782777620,107153305,-18156819687689755530415,50000000000000000000,0x1aa0ffd83df955181c2a0c67a7676ff95c2fd202097cde610519fcf4be8ac5eb
0x238a358808379702088667322f80ac48bad5e6c4,1782777620,107153306,-18133280567695050962095,23539119994704568320,0x49fe8382cdf8f218c4c74f86189722a40ed8f47c21e8855f26b9e9aec58bf6fa
0x238a358808379702088667322f80ac48bad5e6c4,1782777620,107153306,-118447316,89972571,0xdbc6ed4b5dbcf87d6743f05c256603abf5d76afddba4aa679eabb43f4b9bd627
0x238a358808379702088667322f80ac48bad5e6c4,1782777620,107153306,-500913273190727675257438,846299896108498602703,0x49fe8382cdf8f218c4c74f86189722a40ed8f47c21e8855f26b9e9aec58bf6fa
0x238a358808379702088667322f80ac48bad5e6c4,1782777620,107153306,-18083280567695050962095,50000000000000000000,0x5b6370ffd3eaf23189f1cd6752bd72c4ac8a189e4b3314568baa97096702712f
0x238a358808379702088667322f80ac48bad5e6c4,1782777620,107153306,-18075741375399929955778,7539192295121006317,0xa57a54538568f34de4407931967e82aaa8269a918bf720df77e2b9a1bef18439
0x238a358808379702088667322f80ac48bad5e6c4,1782777620,107153306,-313852896485798950902,8595267052973466574,0x5b6370ffd3eaf23189f1cd6752bd72c4ac8a189e4b3314568baa97096702712f
0x238a358808379702088667322f80ac48bad5e6c4,1782777620,107153306,-18025741375399929955778,50000000000000000000,0xfa65c99fb9b07a649dc2194c2aeb873767a9a1a95691df071b3567f946667675
0x238a358808379702088667322f80ac48bad5e6c4,1782777620,107153306,-501820147632653714901878,906874441926039644440,0x49fe8382cdf8f218c4c74f86189722a40ed8f47c21e8855f26b9e9aec58bf6fa
0x238a358808379702088667322f80ac48bad5e6c4,1782777620,107153306,-17970892086675212649441,54849288724717306337,0x49fe8382cdf8f218c4c74f86189722a40ed8f47c21e8855f26b9e9aec58bf6fa
0x238a358808379702088667322f80ac48bad5e6c4,1782777620,107153306,-503933503206949172839140,2113355574295457937262,0x49fe8382cdf8f218c4c74f86189722a40ed8f47c21e8855f26b9e9aec58bf6fa
0x238a358808379702088667322f80ac48bad5e6c4,1782777620,107153306,-19787473463254698904417,1816581376579486254976,0xc4a4d59ab7580e63c3a2ef48b11fe77612f4534cb75a3656c96a049109654980
0x238a358808379702088667322f80ac48bad5e6c4,1782777620,107153306,-19765505324747841596257,21968138506857308160,0x49fe8382cdf8f218c4c74f86189722a40ed8f47c21e8855f26b9e9aec58bf6fa
0x238a358808379702088667322f80ac48bad5e6c4,1782777620,107153306,-322441608498987782727,8588712013188831825,0xfa65c99fb9b07a649dc2194c2aeb873767a9a1a95691df071b3567f946667675
0x238a358808379702088667322f80ac48bad5e6c4,1782777620,107153306,-19715505324747841596257,50000000000000000000,0x6c8806412130163e2c6f15acf179bc21c842fa9a0f7dad76f1d7e706a6611483
0x238a358808379702088667322f80ac48bad5e6c4,1782777620,107153306,-36513560835922355,36513560835922355,0xc932a7792f4fc2a11e417fd8091b4f133a0b1ec0639e94019916e2d9aa513bfe
0x238a358808379702088667322f80ac48bad5e6c4,1782777620,107153306,-44314628254992852663,44044622344284063208,0xc932a7792f4fc2a11e417fd8091b4f133a0b1ec0639e94019916e2d9aa513bfe
0x238a358808379702088667322f80ac48bad5e6c4,1782777620,107153306,-331023772968174471949,8582164469186689222,0x6c8806412130163e2c6f15acf179bc21c842fa9a0f7dad76f1d7e706a6611483
0x238a358808379702088667322f80ac48bad5e6c4,1782777620,107153306,-3081796323843350403106,48936363917243526137,0xdbc6ed4b5dbcf87d6743f05c256603abf5d76afddba4aa679eabb43f4b9bd627
0x238a358808379702088667322f80ac48bad5e6c4,1782777620,107153306,0,36513560835922355,0xc932a7792f4fc2a11e417fd8091b4f133a0b1ec0639e94019916e2d9aa513bfe
0x238a358808379702088667322f80ac48bad5e6c4,1782777620,107153306,-3241741224395563308230,159944900552212905124,0xd25f0d9ea4b7757d10d80c0d99ab9b4230d0e205ce9c66dfc3dba8bee682e37e
0x238a358808379702088667322f80ac48bad5e6c4,1782777620,107153306,-19665505324747841596257,50000000000000000000,0x89d4db25fe1c415004fb9852773a0b50d990389ea03cd58391367fb167c36808
0x238a358808379702088667322f80ac48bad5e6c4,1782777620,107153306,-339625602568161231010,8601829599986759061,0x89d4db25fe1c415004fb9852773a0b50d990389ea03cd58391367fb167c36808
0x238a358808379702088667322f80ac48bad5e6c4,1782777620,107153306,-19743357796669400556500,77852471921558960243,0x8c74c85ac9db5726a95177940b434bbbcc657220fae261efdb3bac62b0f25099
0x238a358808379702088667322f80ac48bad5e6c4,1782777620,107153306,-500933503206949172839140,3000000000000000000000,0x8c74c85ac9db5726a95177940b434bbbcc657220fae261efdb3bac62b0f25099
0x238a358808379702088667322f80ac48bad5e6c4,1782777620,107153306,6456575231401455933636,1235000000000000000000,0xd25f0d9ea4b7757d10d80c0d99ab9b4230d0e205ce9c66dfc3dba8bee682e37e
0x238a358808379702088667322f80ac48bad5e6c4,1782777620,107153306,-19623428157976929051604,119929638692471504896,0x49fe8382cdf8f218c4c74f86189722a40ed8f47c21e8855f26b9e9aec58bf6fa
0x238a358808379702088667322f80ac48bad5e6c4,1782777620,107153306,-430967374869160286360751,69966128337788886478389,0xc4a4d59ab7580e63c3a2ef48b11fe77612f4534cb75a3656c96a049109654980
0x238a358808379702088667322f80ac48bad5e6c4,1782777620,107153306,-435589350233542082409110,4621975364381796048359,0x49fe8382cdf8f218c4c74f86189722a40ed8f47c21e8855f26b9e9aec58bf6fa
0x238a358808379702088667322f80ac48bad5e6c4,1782777620,107153306,-19086527870011804492756,536900287965124558848,0x49fe8382cdf8f218c4c74f86189722a40ed8f47c21e8855f26b9e9aec58bf6fa
0x238a358808379702088667322f80ac48bad5e6c4,1782777620,107153306,-456298816833326595703661,20709466599784513294551,0x49fe8382cdf8f218c4c74f86189722a40ed8f47c21e8855f26b9e9aec58bf6fa
0x238a358808379702088667322f80ac48bad5e6c4,1782777620,107153306,-4879434272189257836790,4879434272189257836790,0xa57a54538568f34de4407931967e82aaa8269a918bf720df77e2b9a1bef18439
0x238a358808379702088667322f80ac48bad5e6c4,1782777620,107153306,-19179456320986106670026,92928450974302177270,0x7dc935fca9534c619c96e6d7d5507c99bf0f0ee8a15b3f2ccb057a807374af73
0x238a358808379702088667322f80ac48bad5e6c4,1782777620,107153306,-452717070702351403871373,3581746130975191832288,0x7dc935fca9534c619c96e6d7d5507c99bf0f0ee8a15b3f2ccb057a807374af73
0x238a358808379702088667322f80ac48bad5e6c4,1782777621,107153307,-19129456320986106670026,50000000000000000000,0x1075fd6092ddfc27203d219315a4612adb25ae9625711f8b52c335615b36f99b
0x238a358808379702088667322f80ac48bad5e6c4,1782777621,107153307,1292284515803615539881,442768122538595634852,0x126a9f3801019d1101a339a8ed07e4d5ce572c74e6f57f070469cf45f726f659
0x238a358808379702088667322f80ac48bad5e6c4,1782777621,107153307,66567044787627739136,25701898827056533504,0xd28153b7d07c53a6b8f80aa82e2367c21d6f0255b438b1e5c9705333cdb43ec3
0x238a358808379702088667322f80ac48bad5e6c4,1782777621,107153307,-348194694391015431485,8569091822854200475,0x6a79f048e9ede312f01ac14fc946163a5e68c4e1887cf0f3b56a6c5ca60f265f
0x238a358808379702088667322f80ac48bad5e6c4,1782777621,107153307,-19079456320986106670026,50000000000000000000,0x6a79f048e9ede312f01ac14fc946163a5e68c4e1887cf0f3b56a6c5ca60f265f
0x238a358808379702088667322f80ac48bad5e6c4,1782777621,107153307,-356770318800558111101,8575624409542679616,0x1075fd6092ddfc27203d219315a4612adb25ae9625711f8b52c335615b36f99b
0x238a358808379702088667322f80ac48bad5e6c4,1782777621,107153307,379061992474900108633,80560014736958400000,0x87f4d15e29e69b16df9ab26a2964851915f42f2dbc42d4a24fa9bce59f457a0a
0x238a358808379702088667322f80ac48bad5e6c4,1782777621,107153307,-19691406906918169985369,611950585932063315343,0xe427f6550983174003c88555cdbb5f35044033c7a1e9cd3ecf1a5a14d9bf4027
0x238a358808379702088667322f80ac48bad5e6c4,1782777621,107153307,1544280428937218904051,1546989702337079724053,0xe427f6550983174003c88555cdbb5f35044033c7a1e9cd3ecf1a5a14d9bf4027
0x238a358808379702088667322f80ac48bad5e6c4,1782777621,107153307,-3273474418914159497376,31733194518596189146,0x87f4d15e29e69b16df9ab26a2964851915f42f2dbc42d4a24fa9bce59f457a0a
0x238a358808379702088667322f80ac48bad5e6c4,1782777621,107153307,-449717070702351403871373,3000000000000000000000,0xa36ea8e3abc511d158f4c4ce25b250c1a9f1a841435d8ebf42610208ce5f0094
0x238a358808379702088667322f80ac48bad5e6c4,1782777621,107153307,-19818437447252564265235,127030540334394279866,0x126a9f3801019d1101a339a8ed07e4d5ce572c74e6f57f070469cf45f726f659
0x238a358808379702088667322f80ac48bad5e6c4,1782777621,107153307,-99846558305968746239,55531930050975893576,0xd28153b7d07c53a6b8f80aa82e2367c21d6f0255b438b1e5c9705333cdb43ec3
0x238a358808379702088667322f80ac48bad5e6c4,1782777621,107153307,-19896255060760723002425,77817613508158737190,0xa36ea8e3abc511d158f4c4ce25b250c1a9f1a841435d8ebf42610208ce5f0094
0x238a358808379702088667322f80ac48bad5e6c4,1782777621,107153308,774204618977879808633,395142626502979700000,0x8cae05f611d2ca0924fead27c5641856f8a7173c39dddeed6810bfafa6c28f13
0x238a358808379702088667322f80ac48bad5e6c4,1782777621,107153308,-365326367823400019540,8556049022841908439,0x1fcea9ef743101500097b977ffbf8817469b3a0099809a4e92b5ada831301c32
0x238a358808379702088667322f80ac48bad5e6c4,1782777621,107153308,-19919712163366250627763,23457102605527625338,0x248d56913dd5502354da4807d77c45827fdbb9348d8b55f88545af9e215041d5
0x238a358808379702088667322f80ac48bad5e6c4,1782777621,107153308,-19962311138152971256834,42598974786720629071,0xddf41ea1ec2ba046a8fc170fb9697aadc56ea6dc04efee9751e7175654199ea0
0x238a358808379702088667322f80ac48bad5e6c4,1782777621,107153308,-464332334077781006261,181598857165157000000,0xddf41ea1ec2ba046a8fc170fb9697aadc56ea6dc04efee9751e7175654199ea0
0x238a358808379702088667322f80ac48bad5e6c4,1782777621,107153308,16193109336423527572650,8882781046428960000000,0x50c8e96ac6196c6169a26392f5e9093217ef31237a723eedc56303711088d149
0x238a358808379702088667322f80ac48bad5e6c4,1782777621,107153308,-20148010696167958812932,185699558014987556098,0x8f1d70f07633a9ed31ebf5340903dd39440b6f87aa7cd92715d4c21f79ccd88d
0x238a358808379702088667322f80ac48bad5e6c4,1782777621,107153308,22840822753302662101514,6647713416879134528864,0xd4a118c5d31392843bcc883e75430f2131bde1e4081c120ddb8ec86fcba84406
0x238a358808379702088667322f80ac48bad5e6c4,1782777621,107153308,-20266537874476748251565,118527178308789438633,0x50c8e96ac6196c6169a26392f5e9093217ef31237a723eedc56303711088d149
0x238a358808379702088667322f80ac48bad5e6c4,1782777621,107153308,-20231765562233390151565,34772312243358100000,0x18bc7df5e9f07f7b029ab3a4a1c761950533fcc2c644765159ddabd175fb1265
0x238a358808379702088667322f80ac48bad5e6c4,1782777621,107153308,-20320440371044699616017,88674808811309464452,0xd4a118c5d31392843bcc883e75430f2131bde1e4081c120ddb8ec86fcba84406
0x238a358808379702088667322f80ac48bad5e6c4,1782777621,107153308,2445978746276073704024,633359197313760157388,0x630b7e1e335c098e862e1db48229dc4d1f8346d1e75718510a62f05bbfac13fb
0x238a358808379702088667322f80ac48bad5e6c4,1782777621,107153308,1651865631369138579604,631856679988307546514,0x18bc7df5e9f07f7b029ab3a4a1c761950533fcc2c644765159ddabd175fb1265
0x238a358808379702088667322f80ac48bad5e6c4,1782777621,107153308,-20255674270952598916017,64766100092100700000,0x0eaf7985fe1669344ccfde0be09e7224ebdcb5a9f435cc4961e5bc6c73193240
0x238a358808379702088667322f80ac48bad5e6c4,1782777621,107153308,-20292260844391555533996,36586573438956617979,0xb019f45fe3ccfba8cf856b54aa8e6e5f6578ecca50d1dcbeea4acdfeb7c9b24c
0x238a358808379702088667322f80ac48bad5e6c4,1782777621,107153308,-3288229879188568505729,14755460274409008353,0x51f44e3688b50701f104dc4a711eca105d2918f0b149c7030614d38d4fa1e17e
0x238a358808379702088667322f80ac48bad5e6c4,1782777621,107153308,55343162400929482438,17390668461906202388,0x0eaf7985fe1669344ccfde0be09e7224ebdcb5a9f435cc4961e5bc6c73193240
0x238a358808379702088667322f80ac48bad5e6c4,1782777621,107153308,-20420152462346298383896,127891617954742849900,0x15b3e5a79dd58760e56e945e4795f46a685508b96f170377253c502d93218ac4
0x238a358808379702088667322f80ac48bad5e6c4,1782777621,107153308,811706323972435761785,37501704994555953152,0x51f44e3688b50701f104dc4a711eca105d2918f0b149c7030614d38d4fa1e17e
0x238a358808379702088667322f80ac48bad5e6c4,1782777621,107153308,153139786317254145186843,27674774300743800000000,0x15b3e5a79dd58760e56e945e4795f46a685508b96f170377253c502d93218ac4
0x238a358808379702088667322f80ac48bad5e6c4,1782777621,107153308,-10638767270416472039113,354299892094053374825,0xb5ce72ea133298f1f872459c747537afa7d247cea91b6c48ea6948d05f7cb204
0x238a358808379702088667322f80ac48bad5e6c4,1782777621,107153308,-20391327530381264983896,28824931965033400000,0xb5ce72ea133298f1f872459c747537afa7d247cea91b6c48ea6948d05f7cb204
0x238a358808379702088667322f80ac48bad5e6c4,1782777621,107153308,7692575231401455933636,1236000000000000000000,0x6d3c8e434060cbe33637ebf4661077547eba1197b8bd69e96c4081853971af0f
0x238a358808379702088667322f80ac48bad5e6c4,1782777621,107153308,-3448261138836039046882,160031259647470541153,0x6d3c8e434060cbe33637ebf4661077547eba1197b8bd69e96c4081853971af0f
0x238a358808379702088667322f80ac48bad5e6c4,1782777621,107153308,-20389775238353413401382,1552292027851582514,0x2939bfb0ff2fdced6aed9bcf42fb8566d9561cb98737dda833f12a28bb177e16
0x238a358808379702088667322f80ac48bad5e6c4,1782777621,107153308,2801860492390399033246,355881746114325329222,0x0811d275c289fcaa6e663d1307824876ce979d0a8175ed3ec0b8a1a683beb4bb
0x238a358808379702088667322f80ac48bad5e6c4,1782777621,107153308,-20339775238353413401382,50000000000000000000,0xf055b309fd27e764a5568cc31a5bf291b9c5d8a9e38bd5b3221e9dc9f92e2d4a
0x238a358808379702088667322f80ac48bad5e6c4,1782777621,107153308,-373888934521140375715,8562566697740356175,0xf055b309fd27e764a5568cc31a5bf291b9c5d8a9e38bd5b3221e9dc9f92e2d4a
0x238a358808379702088667322f80ac48bad5e6c4,1782777621,107153308,-20289775238353413401382,50000000000000000000,0x1fcea9ef743101500097b977ffbf8817469b3a0099809a4e92b5ada831301c32
0x238a358808379702088667322f80ac48bad5e6c4,1782777621,107153308,-459709278040057267053520,9992207337705863182147,0xa843082db9651d31956b06247c9e3ad98b5a066208335b921b02575be5b25add
0x238a358808379702088667322f80ac48bad5e6c4,1782777621,107153308,439039283054319924607,67410672406302539947,0x8f1d70f07633a9ed31ebf5340903dd39440b6f87aa7cd92715d4c21f79ccd88d
0x238a358808379702088667322f80ac48bad5e6c4,1782777621,107153308,3115574854174883337824,313714361784484304578,0x6f6eaf1c7782cb41c8db6e2ab55f574a00d119b23ab2bfa2de6b9f6d0002d282
0x238a358808379702088667322f80ac48bad5e6c4,1782777621,107153308,-20266318135747885776044,23457102605527625338,0x248d56913dd5502354da4807d77c45827fdbb9348d8b55f88545af9e215041d5
0x238a358808379702088667322f80ac48bad5e6c4,1782777621,107153308,-3603769209062934715052,155508070226895668170,0x8cae05f611d2ca0924fead27c5641856f8a7173c39dddeed6810bfafa6c28f13
0x238a358808379702088667322f80ac48bad5e6c4,1782777621,107153308,-460612859629412265101030,903581589354998047510,0x248d56913dd5502354da4807d77c45827fdbb9348d8b55f88545af9e215041d5
0x238a358808379702088667322f80ac48bad5e6c4,1782777621,107153308,-20622614699588317322590,356296563840431546546,0xc80c1f968035e97db5ed60d7eae93232c71018835fa7689fe83c3fcc11943b26
0x238a358808379702088667322f80ac48bad5e6c4,1782777621,107153308,568323231230592212071,129283948176272287464,0xc80c1f968035e97db5ed60d7eae93232c71018835fa7689fe83c3fcc11943b26
0x238a358808379702088667322f80ac48bad5e6c4,1782777621,107153308,-20643389000008986822284,20774300420669499694,0x5c3b8dba49eec7c1c58443b78c132d7a8a4315273d7b40fe5ddb7063268940fc
0x238a358808379702088667322f80ac48bad5e6c4,1782777621,107153308,157636757327249665901341,4496971009995520714498,0x5c3b8dba49eec7c1c58443b78c132d7a8a4315273d7b40fe5ddb7063268940fc
0x238a358808379702088667322f80ac48bad5e6c4,1782777621,107153308,-3645744122260320644921,41974913197385929869,0xee2d83365d67b7c78af725b4533d67fba04c10889d9288991445d3935c7afda6
0x238a358808379702088667322f80ac48bad5e6c4,1782777621,107153308,918284934537337112071,106578610564901350286,0xee2d83365d67b7c78af725b4533d67fba04c10889d9288991445d3935c7afda6
0x238a358808379702088667322f80ac48bad5e6c4,1782777621,107153308,1540357061905860292449,3923367031358611602,0x2939bfb0ff2fdced6aed9bcf42fb8566d9561cb98737dda833f12a28bb177e16
0x238a358808379702088667322f80ac48bad5e6c4,1782777622,107153309,-21026393372015682499439,383004372006695677155,0xea0ba918dbc8931bd2fe19a4c813210dfbd3102582e855cafeda708b6ee88732
0x238a358808379702088667322f80ac48bad5e6c4,1782777622,107153309,212079187770679465901341,54442430443429800000000,0xf8a0d23538f5c731c5368ad06b417dae222302370271be0b65c674372b40b26e
0x238a358808379702088667322f80ac48bad5e6c4,1782777622,107153309,3171258037200140960315,55683183025257622491,0x16d4179495cec1f60af45134b044c0b27f637282ba0246cc83e732e1dcfa6e1d
0x238a358808379702088667322f80ac48bad5e6c4,1782777622,107153309,-21300779222659867127258,274385850644184627819,0x27deee877e4ae717c15cb490ad04ee1e2ab7b3d5d0bacc242b59efc243b3eb63
0x238a358808379702088667322f80ac48bad5e6c4,1782777622,107153309,667963852280484909929,99640621049892697858,0x27deee877e4ae717c15cb490ad04ee1e2ab7b3d5d0bacc242b59efc243b3eb63
0x238a358808379702088667322f80ac48bad5e6c4,1782777622,107153309,-21337849901621978957274,37070678962111830016,0x667d6761bba48d8e9cdd1595941bcbf4cc73a57bbba48db341182d02ebd1c0c3
0x238a358808379702088667322f80ac48bad5e6c4,1782777622,107153309,681429011523715232078,13465159243230322149,0x667d6761bba48d8e9cdd1595941bcbf4cc73a57bbba48db341182d02ebd1c0c3
0x238a358808379702088667322f80ac48bad5e6c4,1782777622,107153309,3430833894178349475754,259575856978208515439,0xf74662bdbf89cd3ce619a632c7d7e2629ca075a943c9a76359f043f9b154a5fc
0x238a358808379702088667322f80ac48bad5e6c4,1782777622,107153309,-21589192487024751320300,251342585402772363026,0xf8a0d23538f5c731c5368ad06b417dae222302370271be0b65c674372b40b26e
0x238a358808379702088667322f80ac48bad5e6c4,1782777622,107153309,-95737358712746867645,4109199593221878594,0xe0c8f5884ad275e9031f5e44eb854282d884275d64aaf1ca432a536a01bc2eb5
0x238a358808379702088667322f80ac48bad5e6c4,1782777622,107153310,-21539192487024751320300,50000000000000000000,0x2fbc0c3457b5405cb57539a955685bf5048f4af91032903d6f39351c298d4030
0x238a358808379702088667322f80ac48bad5e6c4,1782777622,107153310,3786075671429970475754,355241777251621000000,0xc5cef3b87a23a22b9de09f6e5d67deb6f4c375008faff3cfdf7041ea990e1a65
0x238a358808379702088667322f80ac48bad5e6c4,1782777622,107153310,-382425475107310760424,8536540586170384709,0x2fbc0c3457b5405cb57539a955685bf5048f4af91032903d6f39351c298d4030
0x238a358808379702088667322f80ac48bad5e6c4,1782777622,107153310,3962573382894147444851,176497711464176969097,0xa2b2cf178cfb751c39ff0b7343d0e2f5cd2c607ae865bb1937a228e8ad49281e
0x238a358808379702088667322f80ac48bad5e6c4,1782777622,107153310,-3555369478922276983513,90374643338043661408,0xb3a538460ba6bc973e3184a2b40264a904af4c87983247859f79cfa931063d0a
0x238a358808379702088667322f80ac48bad5e6c4,1782777622,107153310,209981826851377176788843,2097360919302289112498,0xb49127f62f1b053835ce9370b21278cfcb917db8a5085c078b93105127e4ca97
0x238a358808379702088667322f80ac48bad5e6c4,1782777622,107153310,-21529513251184907601132,9679235839843719168,0xb49127f62f1b053835ce9370b21278cfcb917db8a5085c078b93105127e4ca97
0x238a358808379702088667322f80ac48bad5e6c4,1782777622,107153310,-390968511085673000188,8543035978362239764,0x18ca8a46ed22c4f46f5a36937b529fd775c1cee7705c851e9d59645d054cf4bb
0x238a358808379702088667322f80ac48bad5e6c4,1782777622,107153310,-21479513251184907601132,50000000000000000000,0x18ca8a46ed22c4f46f5a36937b529fd775c1cee7705c851e9d59645d054cf4bb
0x238a358808379702088667322f80ac48bad5e6c4,1782777622,107153310,-467794867842852578914520,7182008213440313813490,0xbd8112005ad6327464018dd45aa37aff3385642acbda9185fcbe0d33c5113141
0x238a358808379702088667322f80ac48bad5e6c4,1782777622,107153310,645435773861385974576,35993237662329257502,0x5df51224e4a31150c2612e87a21c8473624203d1fe971b8841034e7dce467525
0x238a358808379702088667322f80ac48bad5e6c4,1782777622,107153310,-21380377618888759543020,99135632296148058112,0x5df51224e4a31150c2612e87a21c8473624203d1fe971b8841034e7dce467525
0x238a358808379702088667322f80ac48bad5e6c4,1782777622,107153310,-3531721947331391283513,23647531590885700000,0xe60b530c05a4444897ae75d2a9ed44bf6ddf376253daff5b4ef57262e163f71d
0x238a358808379702088667322f80ac48bad5e6c4,1782777622,107153310,-161901993,43454677,0xe60b530c05a4444897ae75d2a9ed44bf6ddf376253daff5b4ef57262e163f71d
0x238a358808379702088667322f80ac48bad5e6c4,1782777622,107153310,-263734218503759006261,200598115574022000000,0xd94da77530fd839a27c23ab40bbb025cca21876d97e9e0e6ae57b53ce530e074
0x238a358808379702088667322f80ac48bad5e6c4,1782777622,107153310,-21427424123907695406494,47046505018935863474,0xd94da77530fd839a27c23ab40bbb025cca21876d97e9e0e6ae57b53ce530e074
0x238a358808379702088667322f80ac48bad5e6c4,1782777622,107153310,-399518049872494227079,8549538786821226891,0x95f0e110bdaa08d0a35f0726b9dbfe1cfcc1b61a3068fe9163dde5ec2ae689d2
0x238a358808379702088667322f80ac48bad5e6c4,1782777622,107153310,-21377424123907695406494,50000000000000000000,0x95f0e110bdaa08d0a35f0726b9dbfe1cfcc1b61a3068fe9163dde5ec2ae689d2
0x238a358808379702088667322f80ac48bad5e6c4,1782777622,107153310,6994664715690195503809,697910515711260429827,0xb3a538460ba6bc973e3184a2b40264a904af4c87983247859f79cfa931063d0a
0x238a358808379702088667322f80ac48bad5e6c4,1782777622,107153311,-275722810,113820817,0x94c3eb5f137d9fb60c94e4d2f1f5fe465a1ca180efe7f4bc60c2bf81e5cc2b10
0x238a358808379702088667322f80ac48bad5e6c4,1782777622,107153311,-21327424123907695406494,50000000000000000000,0x7e87a97f2238c74c9ccea489c8b42c5390c4b38fea67772386601ee8196a69ef
0x238a358808379702088667322f80ac48bad5e6c4,1782777622,107153311,-21519587220770098169729,192163096862402763235,0x07a1827481201e00d189c42647b3218c4e6d374b3b1990bacb7a8b4962f13de1
0x238a358808379702088667322f80ac48bad5e6c4,1782777622,107153311,-21469587220770098169729,50000000000000000000,0x69383efd21e40aa85122db94a332d9b59a58f0397508528c713b002937524b0b
0x238a358808379702088667322f80ac48bad5e6c4,1782777622,107153311,-408048102471466786846,8530052598972559767,0x69383efd21e40aa85122db94a332d9b59a58f0397508528c713b002937524b0b
0x238a358808379702088667322f80ac48bad5e6c4,1782777622,107153311,-21419587220770098169729,50000000000000000000,0xf65cbb767b76b980f1ffd1e468ac7c0677b41720afefdfb62c32deddb61c18c5
0x238a358808379702088667322f80ac48bad5e6c4,1782777622,107153311,-416571674476983861296,8523572005517074450,0xf65cbb767b76b980f1ffd1e468ac7c0677b41720afefdfb62c32deddb61c18c5
0x238a358808379702088667322f80ac48bad5e6c4,1782777622,107153311,6056454005840208895765,938210709849986608044,0x414195c51ff279861c76e81e595be5d99613e14b8b7ef5d298086692f5ce246f
0x238a358808379702088667322f80ac48bad5e6c4,1782777622,107153311,-425088773271557462253,8517098794573600957,0x7e87a97f2238c74c9ccea489c8b42c5390c4b38fea67772386601ee8196a69ef
0x238a358808379702088667322f80ac48bad5e6c4,1782777622,107153311,2040491605934522462158,500134544028662169709,0x94c3eb5f137d9fb60c94e4d2f1f5fe465a1ca180efe7f4bc60c2bf81e5cc2b10
0x238a358808379702088667322f80ac48bad5e6c4,1782777622,107153311,-21617395934575025985799,197808713804927816070,0x94c3eb5f137d9fb60c94e4d2f1f5fe465a1ca180efe7f4bc60c2bf81e5cc2b10
0x238a358808379702088667322f80ac48bad5e6c4,1782777622,107153311,-3469743667138454122427,61978280192937161086,0x94c3eb5f137d9fb60c94e4d2f1f5fe465a1ca180efe7f4bc60c2bf81e5cc2b10
0x238a358808379702088667322f80ac48bad5e6c4,1782777622,107153311,4145664077364919844995,183090694470772400144,0xf758a2d463aff92d270d93e6dd3446b53296fa91358fa0af0407c6cbcdd49b8a
0x238a358808379702088667322f80ac48bad5e6c4,1782777622,107153311,-496943707256826601011107,29148839413974022096587,0x688bd91e45c4ddd020ad247eda307c49f4ae32ef0f3446d81a2f032da3d0c183
0x238a358808379702088667322f80ac48bad5e6c4,1782777622,107153311,-20859615490735910164743,757780443839115821056,0x688bd91e45c4ddd020ad247eda307c49f4ae32ef0f3446d81a2f032da3d0c183
0x238a358808379702088667322f80ac48bad5e6c4,1782777622,107153311,-20942843943012035302936,83228452276125138193,0x3d6fc68ce7d4d3403853a5fbdcbec4f7eca7cf54f6234269ad0c9f357e0fd417
0x238a358808379702088667322f80ac48bad5e6c4,1782777622,107153311,1134238168803356672576,517627462565781907028,0xa277915481dadd06415e4d9176bf93343032f74ac731768fc8deb6082a939358
0x238a358808379702088667322f80ac48bad5e6c4,1782777622,107153311,-3348230099534441288730,121513567604012833697,0x414195c51ff279861c76e81e595be5d99613e14b8b7ef5d298086692f5ce246f
0x238a358808379702088667322f80ac48bad5e6c4,1782777622,107153311,228023009987517776788843,18041183136140600000000,0x3d6fc68ce7d4d3403853a5fbdcbec4f7eca7cf54f6234269ad0c9f357e0fd417
0x238a358808379702088667322f80ac48bad5e6c4,1782777622,107153311,-20914346486792149302936,28497456219886000000,0xa277915481dadd06415e4d9176bf93343032f74ac731768fc8deb6082a939358
0x238a358808379702088667322f80ac48bad5e6c4,1782777623,107153312,-3294221882741263988730,54008216793177300000,0x609b6e4763c8ca98894012139912a914e845fcd4ad560b57643be11d1031d1cd
0x238a358808379702088667322f80ac48bad5e6c4,1782777623,107153312,4092737299705812388840,52926777659107456155,0x5cf6709851d4416f79b73749dc5812c7ebd15b968ce328004a5739c33a4c11d8
0x238a358808379702088667322f80ac48bad5e6c4,1782777623,107153312,257990824915821876788843,29967814928304100000000,0x7a851493847d763e949493a1bb062dfe3ede0768f8f38686d4c86fc41c22fe5f
0x238a358808379702088667322f80ac48bad5e6c4,1782777623,107153312,-21052523489967262073652,138177003175112770716,0x7a851493847d763e949493a1bb062dfe3ede0768f8f38686d4c86fc41c22fe5f
0x238a358808379702088667322f80ac48bad5e6c4,1782777623,107153312,-21441700624893750383265,389177134926488309613,0xcb26ecd9071c42f2abe56142a625c6645f613457e96c86cb714d6c8721835f87
0x238a358808379702088667322f80ac48bad5e6c4,1782777623,107153312,-433599406226490587775,8510632954933125522,0x29b746b75fb6d837a600235392478df405529b47c43b8807629f2cc5b2d3c440
0x238a358808379702088667322f80ac48bad5e6c4,1782777623,107153312,-21391700624893750383265,50000000000000000000,0x29b746b75fb6d837a600235392478df405529b47c43b8807629f2cc5b2d3c440
0x238a358808379702088667322f80ac48bad5e6c4,1782777623,107153312,3024842647725541048897,984351041791018586739,0xcb26ecd9071c42f2abe56142a625c6645f613457e96c86cb714d6c8721835f87
0x238a358808379702088667322f80ac48bad5e6c4,1782777623,107153312,-21862140888185370136658,470440263291619753393,0x836c80eee695e1d33be42cbadcbf4e05d2181742208ec959c17c6f776dafddd1
0x238a358808379702088667322f80ac48bad5e6c4,1782777623,107153312,-374823886,99101076,0x609b6e4763c8ca98894012139912a914e845fcd4ad560b57643be11d1031d1cd
0x238a358808379702088667322f80ac48bad5e6c4,1782777623,107153313,-21495647148761777128406,366493739423593008252,0x47bcc93edbd2a754190c2dab5f8189e9e8f78674f418be8fb3f23433513ee679
0x238a358808379702088667322f80ac48bad5e6c4,1782777623,107153313,-2389539854896179020190,3000000000000000000000,0x6b56bcbcbc1bb8770e7793f063a8336eb1c7a41fcb56fabb10865b41f2c30ef1
0x238a358808379702088667322f80ac48bad5e6c4,1782777623,107153313,257439755144367222793037,551069771454653995806,0x297ab9367aea68650672d425c14c754bfecd03876aab36f402c2e31aaf5b724e
0x238a358808379702088667322f80ac48bad5e6c4,1782777623,107153313,-21589063300220242489713,93416151458465361307,0x6b56bcbcbc1bb8770e7793f063a8336eb1c7a41fcb56fabb10865b41f2c30ef1
0x238a358808379702088667322f80ac48bad5e6c4,1782777623,107153313,-21586522709300747860807,2540590919494628906,0x297ab9367aea68650672d425c14c754bfecd03876aab36f402c2e31aaf5b724e
0x238a358808379702088667322f80ac48bad5e6c4,1782777623,107153313,-21439540385115549860807,146982324185198000000,0xa351c86e4ff7b53feb66165e35da2bdff3bef21fb188d4aac7add8ce98d5b30b
0x238a358808379702088667322f80ac48bad5e6c4,1782777623,107153313,-22085379805038556797800,4566627201135276730117,0xa351c86e4ff7b53feb66165e35da2bdff3bef21fb188d4aac7add8ce98d5b30b
0x238a358808379702088667322f80ac48bad5e6c4,1782777623,107153313,-511044994237130728565116,14101286980304127554009,0x47bcc93edbd2a754190c2dab5f8189e9e8f78674f418be8fb3f23433513ee679
0x238a358808379702088667322f80ac48bad5e6c4,1782777623,107153313,-21439633894776669445753,93509661119584946,0x6b56bcbcbc1bb8770e7793f063a8336eb1c7a41fcb56fabb10865b41f2c30ef1
0x238a358808379702088667322f80ac48bad5e6c4,1782777624,107153314,-21461288677863470838729,21654783086801392976,0xb109c7773fa719719abe772465db592e4e6f746638ac839246287c5fab81fccb
0x238a358808379702088667322f80ac48bad5e6c4,1782777624,107153314,377461253520646766541,756776915282709906035,0x3620e9bb4932bc47851b0439a9c0ee3838de3060e6d3bf8cca24a7ef53baa538
0x238a358808379702088667322f80ac48bad5e6c4,1782777624,107153314,-42566319566213863625,33654810507064200000,0xb109c7773fa719719abe772465db592e4e6f746638ac839246287c5fab81fccb
0x238a358808379702088667322f80ac48bad5e6c4,1782777624,107153314,-3349554110744025457010,55332228002761468280,0xc48d771ca09b2e14ab49718a5047d131670fc0500a6b708f43867a35cb9defdf
0x238a358808379702088667322f80ac48bad5e6c4,1782777624,107153314,-323258212,51565674,0xba9410af53358a1e0351d182260a9588085fea2c821f615b4acc829911467377
0x238a358808379702088667322f80ac48bad5e6c4,1782777624,107153314,-3377656119638821787425,28102008894796330415,0xba9410af53358a1e0351d182260a9588085fea2c821f615b4acc829911467377
0x238a358808379702088667322f80ac48bad5e6c4,1782777624,107153314,-21508445365135632274626,47156687272161435897,0xca1448cd450fa33fb850185d893b018a00900e2659219f26377a932b59570a2b
0x238a358808379702088667322f80ac48bad5e6c4,1782777624,107153314,267671429502029922793037,10231674357662700000000,0xca1448cd450fa33fb850185d893b018a00900e2659219f26377a932b59570a2b
0x238a358808379702088667322f80ac48bad5e6c4,1782777624,107153314,1058927399300573112071,140642464763236000000,0xc48d771ca09b2e14ab49718a5047d131670fc0500a6b708f43867a35cb9defdf
0x238a358808379702088667322f80ac48bad5e6c4,1782777624,107153314,-21466763284331588188517,41682080804044086109,0x3620e9bb4932bc47851b0439a9c0ee3838de3060e6d3bf8cca24a7ef53baa538
0x238a358808379702088667322f80ac48bad5e6c4,1782777624,107153315,37418334109459936375,79984653675673800000,0xcb7c936e609e93396eb98740aa169fc4ed17a3d21dec99bf6f90dee658f16cf9
0x238a358808379702088667322f80ac48bad5e6c4,1782777624,107153315,-442103580701898487669,8504174475407899894,0x00bcf39498d394994d474ac324536720c99f0bacd0ef567b8de259959a2de0dc
0x238a358808379702088667322f80ac48bad5e6c4,1782777624,107153315,-3367645262504450308517,10010857134371478908,0xe50b4d5e19e1393912b0a3d203b978ebffc417fa11c9c947290243f8b05150d6
0x238a358808379702088667322f80ac48bad5e6c4,1782777624,107153315,277602191830381282793037,9930762328351360000000,0x2ade054b41ee6e1a5f1ce580c78a40dbe670f432f585d16d5b0c22709eae2d0e
0x238a358808379702088667322f80ac48bad5e6c4,1782777624,107153315,-21476784801344648072367,10021517013059883850,0xe50b4d5e19e1393912b0a3d203b978ebffc417fa11c9c947290243f8b05150d6
0x238a358808379702088667322f80ac48bad5e6c4,1782777624,107153315,-21528235623852896454460,51450822508248382093,0xcb7c936e609e93396eb98740aa169fc4ed17a3d21dec99bf6f90dee658f16cf9
0x238a358808379702088667322f80ac48bad5e6c4,1782777624,107153315,-21478235623852896454460,50000000000000000000,0x00bcf39498d394994d474ac324536720c99f0bacd0ef567b8de259959a2de0dc
0x238a358808379702088667322f80ac48bad5e6c4,1782777624,107153315,-21523995436850080358780,45759812997183904320,0x2ade054b41ee6e1a5f1ce580c78a40dbe670f432f585d16d5b0c22709eae2d0e
0x238a358808379702088667322f80ac48bad5e6c4,1782777625,107153316,-21463286537664221858780,60708899185858500000,0x14d7d0b76420a1b2d622ec0212b76367d9476a0d9772871378b8589e1f85ec6e
0x238a358808379702088667322f80ac48bad5e6c4,1782777625,107153316,-513379535093689283565714,2334540856558555000598,0x14d7d0b76420a1b2d622ec0212b76367d9476a0d9772871378b8589e1f85ec6e
0x238a358808379702088667322f80ac48bad5e6c4,1782777625,107153316,-21492148400011418211691,28861862347196352911,0xab828ab784c5aefcdc1c2368e080266934242c34f6ee2eaef00a98b9ef681e82
0x238a358808379702088667322f80ac48bad5e6c4,1782777625,107153316,952270842448154638609,306835068586768664033,0xc8cf1841c11705f0de69d52e6d763324adcbb5a054cf36866466f153f2ff1fd7
0x238a358808379702088667322f80ac48bad5e6c4,1782777625,107153316,-21572733719693035877437,80585319681617665746,0x4a936d98f6ec42601d6ae2965986061ce678764916d6a2d83a2371354cba8a82
0x238a358808379702088667322f80ac48bad5e6c4,1782777625,107153316,962765149678219158512,10494307230064519903,0xab828ab784c5aefcdc1c2368e080266934242c34f6ee2eaef00a98b9ef681e82
0x238a358808379702088667322f80ac48bad5e6c4,1782777625,107153316,-22417182961851669258607,844449242158633381170,0xc8cf1841c11705f0de69d52e6d763324adcbb5a054cf36866466f153f2ff1fd7
0x238a358808379702088667322f80ac48bad5e6c4,1782777625,107153316,-22480816452256060548971,63633490404391290364,0x56abeb726a7ec8769d820e775fcc0d5d65016b77bead868442abf9ee89a7322f
0x238a358808379702088667322f80ac48bad5e6c4,1782777625,107153316,-22828055003305249948432,347238551049189399461,0x6db7590b82a92e5addfba3dc68bc28cb4c67f811a8171b947ee4de9e357ce92d
0x238a358808379702088667322f80ac48bad5e6c4,1782777625,107153316,3903132809509420048897,878290161783879000000,0x6db7590b82a92e5addfba3dc68bc28cb4c67f811a8171b947ee4de9e357ce92d
0x238a358808379702088667322f80ac48bad5e6c4,1782777625,107153316,985904264454464816283,23139114776245657771,0x56abeb726a7ec8769d820e775fcc0d5d65016b77bead868442abf9ee89a7322f
0x238a358808379702088667322f80ac48bad5e6c4,1782777625,107153316,1573284515803615539881,281000000000000000000,0x4a936d98f6ec42601d6ae2965986061ce678764916d6a2d83a2371354cba8a82
0x238a358808379702088667322f80ac48bad5e6c4,1782777625,107153316,-22790956976143549948432,37098027161700000000,0x1247672bab8aa16439200a98f293c36ae2c21b12adef77bdd197065af5f668ad
0x238a358808379702088667322f80ac48bad5e6c4,1782777625,107153316,45385123971241991329,9958038429687491109,0x1247672bab8aa16439200a98f293c36ae2c21b12adef77bdd197065af5f668ad
0x238a358808379702088667322f80ac48bad5e6c4,1782777625,107153316,-22810856490703804973063,19899514560255024631,0x4687d1deacf295b95a955ef47ab4dfff602b3df14183abcfe06cd293c4f013dd
0x238a358808379702088667322f80ac48bad5e6c4,1782777625,107153317,-22835982679340472735086,25126188636667762023,0x61e7b2a8ec462083241eef5d63f0589b127ca7c934d849581ffeee2e8ac84d56
0x238a358808379702088667322f80ac48bad5e6c4,1782777625,107153317,-450601304046729880604,8497723344831392935,0x435a27d4679b8a5918e2b997f25dddb5e31f89c664cc1af036ab193f056b2c31
0x238a358808379702088667322f80ac48bad5e6c4,1782777625,107153317,-22785982679340472735086,50000000000000000000,0x435a27d4679b8a5918e2b997f25dddb5e31f89c664cc1af036ab193f056b2c31
0x238a358808379702088667322f80ac48bad5e6c4,1782777625,107153317,-518543624592152858215739,5164089498463574650025,0x3f578128c22effe3a190600b9600469a34ca8f44cc6e0b9a9449d869acb34878
0x238a358808379702088667322f80ac48bad5e6c4,1782777625,107153317,-23611586225699544155166,825603546359071420080,0xa3e0730ef40c5a431d15f7ffc6c54bce794d4fed5bc389cee2769639e0945f14
0x238a358808379702088667322f80ac48bad5e6c4,1782777625,107153317,76490524307021436375,39072190197561500000,0x61e7b2a8ec462083241eef5d63f0589b127ca7c934d849581ffeee2e8ac84d56
0x238a358808379702088667322f80ac48bad5e6c4,1782777626,107153318,1395457773536014647208,820064000721194515062,0x0cd0ae0fca461815d875c9ec320840c11e938ca4422da9fc8456bd699c86b2c2
0x238a358808379702088667322f80ac48bad5e6c4,1782777626,107153318,-23546068023343734223117,65518202355809932049,0x0cd0ae0fca461815d875c9ec320840c11e938ca4422da9fc8456bd699c86b2c2
0x238a358808379702088667322f80ac48bad5e6c4,1782777626,107153318,-23539298894986728909069,6769128357005314048,0x86d27588a455976f7725d49a8c0757ab27887eb6480b3971d515291ea12f32d9
0x238a358808379702088667322f80ac48bad5e6c4,1782777626,107153318,636842246130588893249,758615527405425753959,0x21795be82385310e832c04f26b0826ecdef09ad38a38ad32a303e99ed8ce8f56
0x238a358808379702088667322f80ac48bad5e6c4,1782777626,107153318,-374637349,51379137,0xe9cf930a233b41cd0d784811cd4169e8a6d0553fda1d9a2bd592ffc9af973a92
0x238a358808379702088667322f80ac48bad5e6c4,1782777626,107153318,-3339639386050332908517,28005876454117400000,0xe9cf930a233b41cd0d784811cd4169e8a6d0553fda1d9a2bd592ffc9af973a92
0x238a358808379702088667322f80ac48bad5e6c4,1782777626,107153318,-23478703393237855673109,60595501748873235960,0x21795be82385310e832c04f26b0826ecdef09ad38a38ad32a303e99ed8ce8f56
0x238a358808379702088667322f80ac48bad5e6c4,1782777626,107153319,-478388312262152373228,941858442540829244377,0x3ebb504df80f5dc3609c9af7762bba9bd5edd42f2e08fd2a5e82cc500f7cc0df
0x238a358808379702088667322f80ac48bad5e6c4,1782777626,107153319,-275779086387245868193,30124984990383546368,0xd674e31696feb34c2e8284962d23920d9a5fff4106ce8479ac261656e85d549c
0x238a358808379702088667322f80ac48bad5e6c4,1782777626,107153319,-3306800293387863408517,32839092662469500000,0xcf3004f7486525892a11fcd763972e928e226211077c39a5d2ea106808322e75
0x238a358808379702088667322f80ac48bad5e6c4,1782777626,107153319,-23368136572981597673109,110566820256258000000,0x3ebb504df80f5dc3609c9af7762bba9bd5edd42f2e08fd2a5e82cc500f7cc0df
0x238a358808379702088667322f80ac48bad5e6c4,1782777626,107153319,-3318265957886948960904,11465664499085552387,0x99a8ee648a6fbe3ccd70e2005e11e309267c7d9bc98a240452a1d5be3826b446
0x238a358808379702088667322f80ac48bad5e6c4,1782777626,107153319,-23263199748910395673109,104936824071202000000,0xf618b583080467f634916d90402b86df441899c2a19371bbd5bbe5e3c4624bae
0x238a358808379702088667322f80ac48bad5e6c4,1782777626,107153319,-522576641356747593754972,4033016764594735539233,0xf618b583080467f634916d90402b86df441899c2a19371bbd5bbe5e3c4624bae
0x238a358808379702088667322f80ac48bad5e6c4,1782777626,107153319,4091590982054199386233,1146317651613002607,0xd49654498c4ea1a229184d1a10e97c5fdb05ccb9d6f7ae48812a150f9d7c40ca
0x238a358808379702088667322f80ac48bad5e6c4,1782777626,107153319,849798125955360912851,320333539666099000000,0x99a8ee648a6fbe3ccd70e2005e11e309267c7d9bc98a240452a1d5be3826b446
0x238a358808379702088667322f80ac48bad5e6c4,1782777626,107153319,-434856982,60219633,0xcf3004f7486525892a11fcd763972e928e226211077c39a5d2ea106808322e75
0x238a358808379702088667322f80ac48bad5e6c4,1782777626,107153319,-23293333367921285887063,30133619010890213954,0xd674e31696feb34c2e8284962d23920d9a5fff4106ce8479ac261656e85d549c
0x238a358808379702088667322f80ac48bad5e6c4,1782777626,107153319,-3223325889636344750753,94940068250604210151,0xdce8be61864d9d52dc11d5fae29e9968948e8ea2c587662d55acc049feeac002
0x238a358808379702088667322f80ac48bad5e6c4,1782777626,107153319,-23293449409198285887063,116041277000000000,0x5117d9214e7ba615e83e8ad6f2fdbceb22c5c0c349c1ec5ef2f3b67b166b6cea
0x238a358808379702088667322f80ac48bad5e6c4,1782777626,107153319,-23388490294140336036622,95040884942050149559,0xdce8be61864d9d52dc11d5fae29e9968948e8ea2c587662d55acc049feeac002
0x238a358808379702088667322f80ac48bad5e6c4,1782777626,107153319,-6107764750176360356294,3718224895280181336104,0x5117d9214e7ba615e83e8ad6f2fdbceb22c5c0c349c1ec5ef2f3b67b166b6cea
0x238a358808379702088667322f80ac48bad5e6c4,1782777626,107153319,-23272449017140336036622,116041277000000000000,0x5117d9214e7ba615e83e8ad6f2fdbceb22c5c0c349c1ec5ef2f3b67b166b6cea
0x238a358808379702088667322f80ac48bad5e6c4,1782777626,107153319,3940512755717298679801,151078226336900706432,0xc8aa2a59061e6dacff845b272e2a93a5300c3a650bad0cb924b2f2fcc9ceacfc
0x238a358808379702088667322f80ac48bad5e6c4,1782777627,107153320,-3197719001481626675942,25606888154718074811,0xa558402c946a4cb6354203418d619e65fe3eaf21d17ffd56f619b384b8ed7b06
0x238a358808379702088667322f80ac48bad5e6c4,1782777627,107153320,-1538052115254725743189,459968808795682922983,0x666fbce291c3e9f9ae7ca72d096c67d38091fba79627e895a268f01fca474504
0x238a358808379702088667322f80ac48bad5e6c4,1782777627,107153320,-23126139031322284570987,146309985818051465635,0x257bacb842b91d9459b0abfbb4ef27689263302f3d8ab975a65203aafd839a2a
0x238a358808379702088667322f80ac48bad5e6c4,1782777627,107153320,3788105620042150315566,152407135675148364235,0x257bacb842b91d9459b0abfbb4ef27689263302f3d8ab975a65203aafd839a2a
0x238a358808379702088667322f80ac48bad5e6c4,1782777627,107153320,-522151013374177697245393,425627982569896509579,0x1ed6dc853e3506f5d041d2aa5ae27360ff59febe2f235c5feafe7a4f43e08e1d
0x238a358808379702088667322f80ac48bad5e6c4,1782777627,107153320,-23137232190964898032513,11093159642613461526,0x1ed6dc853e3506f5d041d2aa5ae27360ff59febe2f235c5feafe7a4f43e08e1d
0x238a358808379702088667322f80ac48bad5e6c4,1782777627,107153320,-547813304697278694963888,25662291323100997718495,0x0ca71d7cb60c75dd7891f36eb66b0d8f7c3c5b271868668c0a168ba26f6bb9b2
0x238a358808379702088667322f80ac48bad5e6c4,1782777627,107153320,-22468837629959521366245,668394561005376666268,0x0ca71d7cb60c75dd7891f36eb66b0d8f7c3c5b271868668c0a168ba26f6bb9b2
0x238a358808379702088667322f80ac48bad5e6c4,1782777627,107153320,-12436929410889289073814,1798162140472817034701,0x257bacb842b91d9459b0abfbb4ef27689263302f3d8ab975a65203aafd839a2a
0x238a358808379702088667322f80ac48bad5e6c4,1782777627,107153320,-481794555,46937573,0xa558402c946a4cb6354203418d619e65fe3eaf21d17ffd56f619b384b8ed7b06
0x238a358808379702088667322f80ac48bad5e6c4,1782777627,107153320,3690226679761316704433,97878940280833611133,0x6e71c8de4e02d9065035116b436cb78ef573580506f3cff73b101a5672e0c272
0x238a358808379702088667322f80ac48bad5e6c4,1782777627,107153320,-459092583598788122963,8491279552058242359,0x277d20c178656d730577e002f6c8142cfd38933802b67ba96c02fe50a97287ec
0x238a358808379702088667322f80ac48bad5e6c4,1782777627,107153320,-22418837629959521366245,50000000000000000000,0x277d20c178656d730577e002f6c8142cfd38933802b67ba96c02fe50a97287ec
0x238a358808379702088667322f80ac48bad5e6c4,1782777627,107153320,14092235249823639643706,20200000000000000000000,0x1e3b5a9b8199aef7d895af325d609bc16f36a6a43c6446a8ded331abf44a4bb3
0x238a358808379702088667322f80ac48bad5e6c4,1782777627,107153320,-23047169944868411169671,628332314908889803426,0x1e3b5a9b8199aef7d895af325d609bc16f36a6a43c6446a8ded331abf44a4bb3
0x238a358808379702088667322f80ac48bad5e6c4,1782777627,107153320,-23047798906144596244549,628961276185074878,0x1e3b5a9b8199aef7d895af325d609bc16f36a6a43c6446a8ded331abf44a4bb3
0x238a358808379702088667322f80ac48bad5e6c4,1782777627,107153320,-22920106562200093400095,127692343944502844454,0x666fbce291c3e9f9ae7ca72d096c67d38091fba79627e895a268f01fca474504
0x238a358808379702088667322f80ac48bad5e6c4,1782777627,107153321,-22851600688427186100095,68505873772907300000,0xdc08f4fce1639dc768b6e3fe93a39e397de845b79b6eb4ca92797b5930f52b8f
0x238a358808379702088667322f80ac48bad5e6c4,1782777627,107153321,-23069225335684066261906,217624647256880161811,0x1f8c2ecbb625d56d146e95caa7031347e27375dcf2f3afbf120916f5817e82fa
0x238a358808379702088667322f80ac48bad5e6c4,1782777627,107153321,-13278758646700604171215,841829235811315097401,0xdc08f4fce1639dc768b6e3fe93a39e397de845b79b6eb4ca92797b5930f52b8f
0x238a358808379702088667322f80ac48bad5e6c4,1782777627,107153321,-528250320,46455765,0x8ecd77dcd770c59cc57924a5afb49f0adf76a4022c4480efd03eee0d772f2c3a
0x238a358808379702088667322f80ac48bad5e6c4,1782777627,107153321,7766943175459295993926,6325292074364343649780,0xa82ed4462458ffc998dba610d173dfb9b22bbc0cdcad3342ea3622499266243d
0x238a358808379702088667322f80ac48bad5e6c4,1782777627,107153321,-22872225335684066261906,197000000000000000000,0xa82ed4462458ffc998dba610d173dfb9b22bbc0cdcad3342ea3622499266243d
0x238a358808379702088667322f80ac48bad5e6c4,1782777627,107153321,3536617140744716760602,153609539016599943831,0x9ba008b7250fdf50b3818ee9d6f4c7a273792540de36ad33290ebecb79dce5d9
0x238a358808379702088667322f80ac48bad5e6c4,1782777627,107153321,-1487981588538102325746,1009593276275949952518,0xf70e09198da7736243e03c0c85fa2ba7ba86f63361d2da2da2167cbe3a743714
0x238a358808379702088667322f80ac48bad5e6c4,1782777627,107153321,-3172365646872985734298,25353354608640941644,0x8ecd77dcd770c59cc57924a5afb49f0adf76a4022c4480efd03eee0d772f2c3a
0x238a358808379702088667322f80ac48bad5e6c4,1782777627,107153321,-22861131077709913359241,11094257974152902665,0x9fd77f7acf199a18116608fe1ea870e98288c557e8a8cea963c036bc2d5e0052
0x238a358808379702088667322f80ac48bad5e6c4,1782777627,107153321,-22861328077709913359241,197000000000000000,0xa82ed4462458ffc998dba610d173dfb9b22bbc0cdcad3342ea3622499266243d
0x238a358808379702088667322f80ac48bad5e6c4,1782777627,107153321,-548238890542678317053711,425585845399622089823,0x9fd77f7acf199a18116608fe1ea870e98288c557e8a8cea963c036bc2d5e0052
0x238a358808379702088667322f80ac48bad5e6c4,1782777627,107153321,-22742785480943117359241,118542596766796000000,0xf70e09198da7736243e03c0c85fa2ba7ba86f63361d2da2da2167cbe3a743714
0x238a358808379702088667322f80ac48bad5e6c4,1782777627,107153322,-634060036,105809716,0x05a355cf42a0d62f7fca4353027d23ba1e4c099dd88ab7653d73633711b76c09
0x238a358808379702088667322f80ac48bad5e6c4,1782777627,107153322,-3454888892512159123294,1817905286556077100992,0x407a9d393667afb3023c07a0715e2d26493d69183e0018b9ff4e86ff84c4dbc8
0x238a358808379702088667322f80ac48bad5e6c4,1782777627,107153322,-22406483246272409215803,336302234670708143438,0x407a9d393667afb3023c07a0715e2d26493d69183e0018b9ff4e86ff84c4dbc8
0x238a358808379702088667322f80ac48bad5e6c4,1782777627,107153322,-467570997534234239722,8478413935446116759,0x04a30653d366530a8426be74a63836ceeb85baab35362f8c094fdee69940f90a
0x238a358808379702088667322f80ac48bad5e6c4,1782777627,107153322,-22356483246272409215803,50000000000000000000,0x04a30653d366530a8426be74a63836ceeb85baab35362f8c094fdee69940f90a
0x238a358808379702088667322f80ac48bad5e6c4,1782777627,107153322,-476055840620198446314,8484843085964206592,0xb48c2e7fa649b56579ca86cf36c2aab482f1557c7b669ea5f6efe33de618c49a
0x238a358808379702088667322f80ac48bad5e6c4,1782777627,107153322,3468623965842028611720,434508843667391437177,0x1ee872a76f680b81258b08f15c14a1a59c55f20eafcc9d7907e443b0bd647782
0x238a358808379702088667322f80ac48bad5e6c4,1782777627,107153322,-22184587847139263256320,171895399133145959483,0x1ee872a76f680b81258b08f15c14a1a59c55f20eafcc9d7907e443b0bd647782
0x238a358808379702088667322f80ac48bad5e6c4,1782777627,107153322,-22134587847139263256320,50000000000000000000,0xb48c2e7fa649b56579ca86cf36c2aab482f1557c7b669ea5f6efe33de618c49a
0x238a358808379702088667322f80ac48bad5e6c4,1782777627,107153322,-3114585092220546413387,57780554652439320911,0x05a355cf42a0d62f7fca4353027d23ba1e4c099dd88ab7653d73633711b76c09
0x238a358808379702088667322f80ac48bad5e6c4,1782777628,107153323,-550785659881441458261685,2546769338763141207974,0xce255b6d642e2f50406ea438478e606254b4a59eeac1d724636b8ebdec826fc9
0x238a358808379702088667322f80ac48bad5e6c4,1782777628,107153323,-22133904619980135882547,683227159127373773,0xfdaca46ff496b9fec894004c19242660a6ac5b7a5eb3d8a10bbfdb6d15caa8a3
0x238a358808379702088667322f80ac48bad5e6c4,1782777628,107153323,2938724532094509815905,529899433747518795815,0xf300885599adb43811b6f7c1f1ba583deae93c34b69e61ae3698037c39e1958d
0x238a358808379702088667322f80ac48bad5e6c4,1782777628,107153323,-21924159566044948882547,209745053935187000000,0xf300885599adb43811b6f7c1f1ba583deae93c34b69e61ae3698037c39e1958d
0x238a358808379702088667322f80ac48bad5e6c4,1782777628,107153323,-22013262563702737949362,89102997657789066815,0x515e7a312f875f0ef916344aac82a45fd87d8fafb4c416c30d0886419bb5a307
0x238a358808379702088667322f80ac48bad5e6c4,1782777628,107153323,-22458499206630069551288,445236642927331601926,0x090ea7f6883d6325333b8fe0646964fb7ad58cb69b38a7beae76b845fcd4ad56
0x238a358808379702088667322f80ac48bad5e6c4,1782777628,107153323,-22392102777669616551288,66396428960453000000,0xce255b6d642e2f50406ea438478e606254b4a59eeac1d724636b8ebdec826fc9
0x238a358808379702088667322f80ac48bad5e6c4,1782777628,107153323,296944782064474382793037,19342590234093100000000,0x515e7a312f875f0ef916344aac82a45fd87d8fafb4c416c30d0886419bb5a307
0x238a358808379702088667322f80ac48bad5e6c4,1782777628,107153323,1147870921397841832489,161966656943377016206,0x090ea7f6883d6325333b8fe0646964fb7ad58cb69b38a7beae76b845fcd4ad56
0x238a358808379702088667322f80ac48bad5e6c4,1782777628,107153324,-550207369340279584487102,578290541161873774583,0xbaa54842651d44e482fa4c31f18d6bbed4a874b91dbff3f7b2a63c760740e69c
0x238a358808379702088667322f80ac48bad5e6c4,1782777628,107153324,-22466565761571135082723,74462983901518531435,0xe5058ab791e289334a54a2a711d18b2deb5d58c573698691f0cb978ec608d6d5
0x238a358808379702088667322f80ac48bad5e6c4,1782777628,107153324,-3453045090466337037283,1843802045822086011,0xa6afc0b4a425020a170b2df6857fb77f08f1fa348a6db4a2beec310e67066d94
0x238a358808379702088667322f80ac48bad5e6c4,1782777628,107153324,-22466906880176334823169,341118605199740446,0xa6afc0b4a425020a170b2df6857fb77f08f1fa348a6db4a2beec310e67066d94
0x238a358808379702088667322f80ac48bad5e6c4,1782777628,107153324,-22946993867356391384890,480086987180056561721,0x90c23325481ffc2fb71c39fae2d03fd419d7bd32cbfe76cc033a931e58dd7e28
0x238a358808379702088667322f80ac48bad5e6c4,1782777628,107153324,1322642423455044402118,174771502057202569629,0x90c23325481ffc2fb71c39fae2d03fd419d7bd32cbfe76cc033a931e58dd7e28
0x238a358808379702088667322f80ac48bad5e6c4,1782777628,107153324,-23759758573534819509093,812764706178428124203,0x72ace04daf5ef1b547c5ce95e538ceb273e4122b57e46204c4d9f1ce5db63039
0x238a358808379702088667322f80ac48bad5e6c4,1782777628,107153324,4993514482343025744906,2054789950248515929001,0x72ace04daf5ef1b547c5ce95e538ceb273e4122b57e46204c4d9f1ce5db63039
0x238a358808379702088667322f80ac48bad5e6c4,1782777628,107153324,-566766031208771480383911,16558661868491895896809,0x4ad121e997834df0de878bae0ce5e64472bd6fbf72d8ade7113e5531fc3a7619
0x238a358808379702088667322f80ac48bad5e6c4,1782777628,107153324,-23327778806917309123171,431979766617510385922,0x4ad121e997834df0de878bae0ce5e64472bd6fbf72d8ade7113e5531fc3a7619
0x238a358808379702088667322f80ac48bad5e6c4,1782777628,107153324,-25540996813332570369681,3455617008294013571881,0xc236adab4f2643ab5a9fc4008e90b57ffd36f3a36f242a0397299598c4164173
0x238a358808379702088667322f80ac48bad5e6c4,1782777628,107153324,-23216537356042759123171,111241450874550000000,0xc236adab4f2643ab5a9fc4008e90b57ffd36f3a36f242a0397299598c4164173
0x238a358808379702088667322f80ac48bad5e6c4,1782777628,107153324,313115522401479482793037,16170740337005100000000,0xe5058ab791e289334a54a2a711d18b2deb5d58c573698691f0cb978ec608d6d5
0x238a358808379702088667322f80ac48bad5e6c4,1782777628,107153324,-23231628947129312368727,15091591086553245556,0xbaa54842651d44e482fa4c31f18d6bbed4a874b91dbff3f7b2a63c760740e69c
0x238a358808379702088667322f80ac48bad5e6c4,1782777629,107153325,-23238859703441662846202,7230756312350477475,0x374b7fa4c3ae14633a58d2916b483efa1a9f410197f4e24db7a1e091eae77e78
0x238a358808379702088667322f80ac48bad5e6c4,1782777629,107153325,-564390756288355984188241,2375274920415496195670,0x374b7fa4c3ae14633a58d2916b483efa1a9f410197f4e24db7a1e091eae77e78
0x238a358808379702088667322f80ac48bad5e6c4,1782777629,107153325,-564113629917344118232740,277126371011865955501,0x374b7fa4c3ae14633a58d2916b483efa1a9f410197f4e24db7a1e091eae77e78
0x238a358808379702088667322f80ac48bad5e6c4,1782777629,107153325,-567344001911441927824135,3230371994097809591395,0x7e7ffc4740c46645250164476a1a9fd0eda5e94ab0dd75814367128dfc9e0c99
0x238a358808379702088667322f80ac48bad5e6c4,1782777629,107153325,-23154547940914346715791,84311762527316130411,0x7e7ffc4740c46645250164476a1a9fd0eda5e94ab0dd75814367128dfc9e0c99
0x238a358808379702088667322f80ac48bad5e6c4,1782777629,107153325,-23216529009178268918873,61981068263922203082,0x374b7fa4c3ae14633a58d2916b483efa1a9f410197f4e24db7a1e091eae77e78
0x238a358808379702088667322f80ac48bad5e6c4,1782777629,107153325,-23262245226320847010287,45716217142578091414,0x67e5c4e4747a9fd19f0d0c7b39cd108ce8cd6edd4fc63651d6d0008f1c387bf6
0x238a358808379702088667322f80ac48bad5e6c4,1782777629,107153325,323046284729830842793037,9930762328351360000000,0x67e5c4e4747a9fd19f0d0c7b39cd108ce8cd6edd4fc63651d6d0008f1c387bf6
0x238a358808379702088667322f80ac48bad5e6c4,1782777629,107153325,-23295742623650887400134,33497397330040389847,0x3bea4e201aa311628de566375e75939f9a59dd03fa8715a5ae921ca301e07cff
0x238a358808379702088667322f80ac48bad5e6c4,1782777629,107153325,5078259696024440211377,84745213681414466471,0x3bea4e201aa311628de566375e75939f9a59dd03fa8715a5ae921ca301e07cff
0x238a358808379702088667322f80ac48bad5e6c4,1782777629,107153326,-3147633797825495302980,33048705604948889593,0x81267c1982f0d6a607f3aa38af205da21152fca8200fdce71b0f4a4872bd9dba
0x238a358808379702088667322f80ac48bad5e6c4,1782777629,107153326,-555026728,79033308,0xbd444db51a353425eaae692b493c9ca819e89a1ee2ec07317d67a9bb83d7067e
0x238a358808379702088667322f80ac48bad5e6c4,1782777629,107153326,-3190788299719339637876,43154501893844334896,0xbd444db51a353425eaae692b493c9ca819e89a1ee2ec07317d67a9bb83d7067e
0x238a358808379702088667322f80ac48bad5e6c4,1782777629,107153326,-494467941,60558787,0x81267c1982f0d6a607f3aa38af205da21152fca8200fdce71b0f4a4872bd9dba
0x238a358808379702088667322f80ac48bad5e6c4,1782777629,107153326,297584911487362195918112,25461373242468646874925,0x64dd357553743d9c5cc5df822846ae65d7cec7267f48ad89f9280cd468d9906f
0x238a358808379702088667322f80ac48bad5e6c4,1782777629,107153326,-23317188947388717684302,21446323737830284168,0xd76074194b8d374690513cbdddc9f221798d01cccf57dc25de131504fa40de33
0x238a358808379702088667322f80ac48bad5e6c4,1782777630,107153327,313927911487362196180256,16343000000000000262144,0xaa33e079ab1f7f0930ac1f2a64ae58ee5fd37a58000c2496c11b13a7e74e9129
0x238a358808379702088667322f80ac48bad5e6c4,1782777630,107153327,-23738645239876764406281,421456292488046721979,0x4b2c1d1dd5661ef7acb53fbc31d83c9fc2e840783c532df3f2c0f7df70dad1f7
0x238a358808379702088667322f80ac48bad5e6c4,1782777630,107153327,-551184842043787990135567,16159159867653937688568,0x4b2c1d1dd5661ef7acb53fbc31d83c9fc2e840783c532df3f2c0f7df70dad1f7
0x238a358808379702088667322f80ac48bad5e6c4,1782777630,107153327,-23649489839467634722710,89155400409129683571,0xd68d166759594ba1a7c2f3f17cdbb1c9c8db487a962ffb4379eec1ab46016880
0x238a358808379702088667322f80ac48bad5e6c4,1782777630,107153327,-478640142375372153401,1115482388505961046650,0xd68d166759594ba1a7c2f3f17cdbb1c9c8db487a962ffb4379eec1ab46016880
0x238a358808379702088667322f80ac48bad5e6c4,1782777630,107153327,-23724744863814683878794,75255024347049156084,0xaa33e079ab1f7f0930ac1f2a64ae58ee5fd37a58000c2496c11b13a7e74e9129
0x238a358808379702088667322f80ac48bad5e6c4,1782777630,107153328,-1822327378824817836790,3057106893364440000000,0xb85e8c91e387c425fdcb10731d28a6daa14ad63d8a2470e81586c9fefb246f05
0x238a358808379702088667322f80ac48bad5e6c4,1782777630,107153328,-22224940055933081437166,3316056757399488932515,0x9f2d654817b1626b714d566bf10db5e38972bd1f60649865baffd4912ce3c014
0x238a358808379702088667322f80ac48bad5e6c4,1782777630,107153328,-23729470992518039516719,4726128703355637925,0xb85e8c91e387c425fdcb10731d28a6daa14ad63d8a2470e81586c9fefb246f05
0x238a358808379702088667322f80ac48bad5e6c4,1782777630,107153328,31176680352538080865,14208443618703910464,0xab22e99d8d191b9672f99cb920aa714e27a41e8951216c57a613869a135aa2df
0x238a358808379702088667322f80ac48bad5e6c4,1782777630,107153328,-484527832709620275117,8471992089421828803,0x9be385e11f7374c18f57af9781dff3458c3baa60f71703e870614c773e0bdfcf
0x238a358808379702088667322f80ac48bad5e6c4,1782777630,107153328,-23679470992518039516719,50000000000000000000,0x9be385e11f7374c18f57af9781dff3458c3baa60f71703e870614c773e0bdfcf
0x238a358808379702088667322f80ac48bad5e6c4,1782777630,107153328,-23786198962499476323727,106727969981436807008,0x9f2d654817b1626b714d566bf10db5e38972bd1f60649865baffd4912ce3c014
0x238a358808379702088667322f80ac48bad5e6c4,1782777631,107153329,-3214897416496079602096,24109116776739964220,0x06b3fc5ec9db848821500020daf1425302dde259f7a1e55949a418648ff9c596
0x238a358808379702088667322f80ac48bad5e6c4,1782777631,107153329,-3256322985704904741688,41425569208825139592,0x39f0d1db2fd9ff95a6ef6ffd2170e22874a1da5277ee6b25ac5557343afd1b3c
0x238a358808379702088667322f80ac48bad5e6c4,1782777631,107153329,5924315894595982106398,846056198571541895021,0xf76a498235b51977ab7c100a4201e7a4c0ce5676f4370e9e644d9802b257e4ed
0x238a358808379702088667322f80ac48bad5e6c4,1782777631,107153329,-24120520214170579616182,334321251671103292455,0xf76a498235b51977ab7c100a4201e7a4c0ce5676f4370e9e644d9802b257e4ed
0x238a358808379702088667322f80ac48bad5e6c4,1782777631,107153329,-418518513,75949428,0x39f0d1db2fd9ff95a6ef6ffd2170e22874a1da5277ee6b25ac5557343afd1b3c
0x238a358808379702088667322f80ac48bad5e6c4,1782777631,107153329,-24088970390216809073473,31549823953770542709,0x39f0d1db2fd9ff95a6ef6ffd2170e22874a1da5277ee6b25ac5557343afd1b3c
0x238a358808379702088667322f80ac48bad5e6c4,1782777631,107153329,72402562053401300000,72402562053401300000,0x06b3fc5ec9db848821500020daf1425302dde259f7a1e55949a418648ff9c596
0x238a358808379702088667322f80ac48bad5e6c4,1782777631,107153329,-24109294667014443973199,20324276797634899726,0x7d8f1d0bae866c3bbbee0c4fa5edf29be2461801bb368f104a648042911be852
0x238a358808379702088667322f80ac48bad5e6c4,1782777631,107153329,-195089974914506792462,572551228435153559003,0x39f0d1db2fd9ff95a6ef6ffd2170e22874a1da5277ee6b25ac5557343afd1b3c
0x238a358808379702088667322f80ac48bad5e6c4,1782777631,107153329,-24099294667014443973199,10000000000000000000,0xe95cf0186f48e4b3213fd476b194f6c50458fc0af17d8c5d12858c277bac27d9
0x238a358808379702088667322f80ac48bad5e6c4,1782777631,107153329,-9993513067731262036,9993513067731262036,0xe95cf0186f48e4b3213fd476b194f6c50458fc0af17d8c5d12858c277bac27d9
0x238a358808379702088667322f80ac48bad5e6c4,1782777631,107153330,-455495796,36977283,0x24d3e1a34c3f9b89a91b5173f5146b58bd24e445d1ae4d87d1bf6d6c4d7c906a
0x238a358808379702088667322f80ac48bad5e6c4,1782777631,107153330,-24167689825326932516618,68395158312488543419,0x0ec7aaeb4dc9264b60c7188a874fe7a61996645199c4ad077c537676158d5b05
0x238a358808379702088667322f80ac48bad5e6c4,1782777631,107153330,-24117689825326932516618,50000000000000000000,0xe9f9a1b54d1c7f3d06def1ec162b5fd864bb2e5058caf826f9fc9fc4a199eff3
0x238a358808379702088667322f80ac48bad5e6c4,1782777631,107153330,-24206260985789011837174,88571160462079320556,0x74842b2b0dedd186dafc14f8fbf880994e3847ca3eb97a83fd396867d1f00f6d
0x238a358808379702088667322f80ac48bad5e6c4,1782777631,107153330,-1219143907218510261411,318908208036215481778,0x74842b2b0dedd186dafc14f8fbf880994e3847ca3eb97a83fd396867d1f00f6d
0x238a358808379702088667322f80ac48bad5e6c4,1782777631,107153330,-1510501331243614403321,291357424025104141910,0x00805e6d45adce406d2d2ae5b0c9af96f29ba097b076d9197702c10144897ae9
0x238a358808379702088667322f80ac48bad5e6c4,1782777631,107153330,-24125323613044805073774,80937372744206763400,0x00805e6d45adce406d2d2ae5b0c9af96f29ba097b076d9197702c10144897ae9
0x238a358808379702088667322f80ac48bad5e6c4,1782777631,107153330,-492993410246450450845,8465577536830175728,0xe9f9a1b54d1c7f3d06def1ec162b5fd864bb2e5058caf826f9fc9fc4a199eff3
0x238a358808379702088667322f80ac48bad5e6c4,1782777631,107153330,-2121951994707483338395,611450663463868935074,0x7f8b348ad490357caa78af710ebd29ff7ffea8565f5754e7546b95c325ec172e
0x238a358808379702088667322f80ac48bad5e6c4,1782777631,107153330,-23954193734364042772187,171129878680762301587,0x52a006662477f88bc5f60aa1d9b948dde9fdf616d60d34ec8d62475785441d1e
0x238a358808379702088667322f80ac48bad5e6c4,1782777631,107153330,-2738391697585705598881,616439702878222260486,0x52a006662477f88bc5f60aa1d9b948dde9fdf616d60d34ec8d62475785441d1e
0x238a358808379702088667322f80ac48bad5e6c4,1782777631,107153330,-23886838625053127355085,67355109310915417102,0x85ae8744dabec0db72137dc97ecb651c4801a113bc2fe87a11d13ffae607618d
0x238a358808379702088667322f80ac48bad5e6c4,1782777631,107153330,-2980834458679671452711,242442761093965853830,0x85ae8744dabec0db72137dc97ecb651c4801a113bc2fe87a11d13ffae607618d
0x238a358808379702088667322f80ac48bad5e6c4,1782777631,107153330,-23717117623691704991139,169721001361422363946,0x7f8b348ad490357caa78af710ebd29ff7ffea8565f5754e7546b95c325ec172e
0x238a358808379702088667322f80ac48bad5e6c4,1782777631,107153330,-3393642403245072771396,412807944565401318685,0x31f63ac8c11ac2c8f83f21106c1153860dc1dc5fd844c4e44516fdaee2036e99
0x238a358808379702088667322f80ac48bad5e6c4,1782777631,107153330,-4048107640416552511389,654465237171479739993,0x2d81b0b34a90b792de1df59c016bfb2f59fb74d23b971b5fed451ec67ecc7154
0x238a358808379702088667322f80ac48bad5e6c4,1782777631,107153330,-3392856934757185338874,655250705659367172515,0x16ffe8d2186208a186aacf631f89881dde1733dee1ce398912b94960c72084a2
0x238a358808379702088667322f80ac48bad5e6c4,1782777631,107153330,-23899071877418608191556,181954253726903200417,0x16ffe8d2186208a186aacf631f89881dde1733dee1ce398912b94960c72084a2
0x238a358808379702088667322f80ac48bad5e6c4,1782777631,107153330,-3064642618315688249268,328214316441497089606,0xd08ca98082a26b199e7b5d48f0b5ccc6a00b17e6a694be0b968529a32f1120f5
0x238a358808379702088667322f80ac48bad5e6c4,1782777631,107153330,-23990133796969304526371,91061919550696334815,0xd08ca98082a26b199e7b5d48f0b5ccc6a00b17e6a694be0b968529a32f1120f5
0x238a358808379702088667322f80ac48bad5e6c4,1782777631,107153330,144088267056768900000,71685705003367600000,0x0dc263f6bd4058b3addb873c4ecdd8bde1b64283467badaa781c875c96da334e
0x238a358808379702088667322f80ac48bad5e6c4,1782777631,107153330,-3280192289744194430607,23869304039289688919,0x0dc263f6bd4058b3addb873c4ecdd8bde1b64283467badaa781c875c96da334e
0x238a358808379702088667322f80ac48bad5e6c4,1782777631,107153330,-23875452128352836316317,114681668616468210054,0x31f63ac8c11ac2c8f83f21106c1153860dc1dc5fd844c4e44516fdaee2036e99
0x238a358808379702088667322f80ac48bad5e6c4,1782777631,107153330,-3260009894204626721150,20182395539567709457,0x24d3e1a34c3f9b89a91b5173f5146b58bd24e445d1ae4d87d1bf6d6c4d7c906a
0x238a358808379702088667322f80ac48bad5e6c4,1782777631,107153330,-125331476469755795661244,176706546486132395661244,0xea70bd810d535f8998f81c4d9e82833474b6144340f7398fed6e4eccc194eca8
0x238a358808379702088667322f80ac48bad5e6c4,1782777631,107153330,-23693679884762094366030,181772243590741950287,0x2d81b0b34a90b792de1df59c016bfb2f59fb74d23b971b5fed451ec67ecc7154
0x238a358808379702088667322f80ac48bad5e6c4,1782777631,107153330,-23862227462804049742750,168547578041955376720,0x18b4931526b805ff3ee1c014b507ccfd8069a67fc5b6f0ee6720f146930716e8
0x238a358808379702088667322f80ac48bad5e6c4,1782777631,107153330,-2457647984930054620288,606994633385633628980,0x18b4931526b805ff3ee1c014b507ccfd8069a67fc5b6f0ee6720f146930716e8
0x238a358808379702088667322f80ac48bad5e6c4,1782777631,107153330,-3216230119265503332113,43779774939123389037,0x38566b5a67a6b613c76d0d71a5066f16e7754d23df85520193a83e7e160b9443
0x238a358808379702088667322f80ac48bad5e6c4,1782777631,107153330,-535744160,80248364,0x38566b5a67a6b613c76d0d71a5066f16e7754d23df85520193a83e7e160b9443
0x238a358808379702088667322f80ac48bad5e6c4,1782777631,107153330,-23966886952097245289498,104659489293195546748,0xea57f6683676284d2a133e0d529bc17ffc3cad85ff864f53ad91842a10c7caef
0x238a358808379702088667322f80ac48bad5e6c4,1782777631,107153330,-2163271177512009560187,294376807418045060101,0x4156e0808dbd9266d70e04c40e846dd61b3f9f146fa8c1a5b6764bdb0cee939c
0x238a358808379702088667322f80ac48bad5e6c4,1782777631,107153330,-24048659424363554916663,81772472266309627165,0x4156e0808dbd9266d70e04c40e846dd61b3f9f146fa8c1a5b6764bdb0cee939c
0x238a358808379702088667322f80ac48bad5e6c4,1782777631,107153330,-1922138458937135358553,241132718574874201634,0xccd812ce3a2cc6e15089f589a18e8a5d1e231f465d3f08badaa595a5b6678404
0x238a358808379702088667322f80ac48bad5e6c4,1782777631,107153330,-24115610978296414740766,66951553932859824103,0xccd812ce3a2cc6e15089f589a18e8a5d1e231f465d3f08badaa595a5b6678404
0x238a358808379702088667322f80ac48bad5e6c4,1782777631,107153330,-1593924142495638268947,328214316441497089606,0xa7cbddd0e422351d0fbe551f20285816a74480671b6f2d91eff9de1039a4a1f2
0x238a358808379702088667322f80ac48bad5e6c4,1782777631,107153330,-24206695212215608470338,91084233919193729572,0xa7cbddd0e422351d0fbe551f20285816a74480671b6f2d91eff9de1039a4a1f2
0x238a358808379702088667322f80ac48bad5e6c4,1782777631,107153330,-24119084934571939938458,87610277643668531880,0x36d1afc9254b47161c151362332cbff2387382c138a2905651ef1d19cec309a5
0x238a358808379702088667322f80ac48bad5e6c4,1782777631,107153330,-1909561351856167756017,315637209360529487070,0x36d1afc9254b47161c151362332cbff2387382c138a2905651ef1d19cec309a5
0x238a358808379702088667322f80ac48bad5e6c4,1782777631,107153330,-1532405048444185030384,377156303411982725633,0xea57f6683676284d2a133e0d529bc17ffc3cad85ff864f53ad91842a10c7caef
0x238a358808379702088667322f80ac48bad5e6c4,1782777631,107153331,-23980432856831668938458,138652077740271000000,0x53bcce4c35f83dfe0830cd0f3e272163d427674d6063c21de9f0176d155a17f9
0x238a358808379702088667322f80ac48bad5e6c4,1782777631,107153331,-556501849262319877283407,5317007218531887147840,0x53bcce4c35f83dfe0830cd0f3e272163d427674d6063c21de9f0176d155a17f9
0x238a358808379702088667322f80ac48bad5e6c4,1782777631,107153331,-74968698294701436686957,50362778175054358974287,0xbdb4f183c2380c7206f2ad3deca0a88603598bef9a2b705bb95bf9ef6c8cc973
0x238a358808379702088667322f80ac48bad5e6c4,1782777631,107153331,-23871927824277673620023,108505032553995318435,0x2d905e47845f32bbbde01ac6fb7f266d06c5434684682d53e460c98d30d19e00
0x238a358808379702088667322f80ac48bad5e6c4,1782777631,107153331,-14611966062916957534287,1333207416216353363072,0x2d905e47845f32bbbde01ac6fb7f266d06c5434684682d53e460c98d30d19e00
0x238a358808379702088667322f80ac48bad5e6c4,1782777631,107153331,-23880068425903947188576,8140601626273568553,0xbdb4f183c2380c7206f2ad3deca0a88603598bef9a2b705bb95bf9ef6c8cc973
0x238a358808379702088667322f80ac48bad5e6c4,1782777631,107153331,-23817456048541831833392,62612377362115355184,0x8278465c07c91e919c09dd3bbe8f1bad44a9aee535a5023641ff2537494b4b43
0x238a358808379702088667322f80ac48bad5e6c4,1782777631,107153331,-15381205055063082281387,769238992146124747100,0x8278465c07c91e919c09dd3bbe8f1bad44a9aee535a5023641ff2537494b4b43
0x238a358808379702088667322f80ac48bad5e6c4,1782777631,107153331,5818142240662674101057,106173653933308005341,0x1db1052f28a12269ed0688a9dc94da524ec8430ad9fe10f2fbe85310a4a72bc1
0x238a358808379702088667322f80ac48bad5e6c4,1782777632,107153332,-23596562155701673961489,220893892840157871903,0x75f37631544284ade5e423ee3a18fff0ad88db4768ce3ae04e383ff5afa80ca4
0x238a358808379702088667322f80ac48bad5e6c4,1782777632,107153332,1476559728685536783644,153917305230492381526,0x2344ac7f65167ca6801880fabee55f8bfc05d0fd4795500a417fd3a288f57ea6
0x238a358808379702088667322f80ac48bad5e6c4,1782777632,107153332,-1562304768327868980528,1890740322138468056755,0xe1a6752457176eb24ff14485259a30dce7ad4cb490b6eaea0fcde7d7139c557c
0x238a358808379702088667322f80ac48bad5e6c4,1782777632,107153332,-1840367594415329561235,278062826087460580707,0xb1d2152f14b6bba484c4ecce0974ec828311ec587cd4b1719b3092a2d143ee87
0x238a358808379702088667322f80ac48bad5e6c4,1782777632,107153332,-23545568465831255705667,50993689870418255822,0xb1d2152f14b6bba484c4ecce0974ec828311ec587cd4b1719b3092a2d143ee87
0x238a358808379702088667322f80ac48bad5e6c4,1782777632,107153332,-3044610231716089275002,1204242637300759713767,0x75f37631544284ade5e423ee3a18fff0ad88db4768ce3ae04e383ff5afa80ca4
0x238a358808379702088667322f80ac48bad5e6c4,1782777632,107153332,3267643422289285140658,6312253654005374415660,0x1e9357f1627285f6b53765796430d47fa583ee2414e0e37cf2feb7608f8d9ffa
0x238a358808379702088667322f80ac48bad5e6c4,1782777632,107153332,-23393713361105609235577,151855104725646470090,0xf8f243fdf0211df2b49f1f0a752053e5dcf2ce8f75701855a683bccc23dfa81c
0x238a358808379702088667322f80ac48bad5e6c4,1782777632,107153332,-23740427109923142998016,346713748817533762439,0xe1a6752457176eb24ff14485259a30dce7ad4cb490b6eaea0fcde7d7139c557c
0x238a358808379702088667322f80ac48bad5e6c4,1782777632,107153332,-24900736610473745229024,1160309500550602231008,0x1e9357f1627285f6b53765796430d47fa583ee2414e0e37cf2feb7608f8d9ffa
0x238a358808379702088667322f80ac48bad5e6c4,1782777632,107153332,-25903982987591758792481,1003246377118013563457,0x09e7225f01e5953209ce81a0dfaa7fd73096709dfc6bd1a0be8056f91e9d92a1
0x238a358808379702088667322f80ac48bad5e6c4,1782777632,107153332,-554029712803890245528180,2472136458429631755227,0xd7da2398306659d924a25d245f190b8e050ff6f054d9b90777d67fde2b466dc8
0x238a358808379702088667322f80ac48bad5e6c4,1782777632,107153332,-26326484686354179143233,422501698762420350752,0x2344ac7f65167ca6801880fabee55f8bfc05d0fd4795500a417fd3a288f57ea6
0x238a358808379702088667322f80ac48bad5e6c4,1782777632,107153332,-29715765939975190307978,3389281253621011164745,0xa56d56494a0916bf7f0ef4bfa7846e0a1f5681d7d9bc665d41ead3ffab12db54
0x238a358808379702088667322f80ac48bad5e6c4,1782777632,107153332,21637778601407421600267,18370135179118136459609,0xa56d56494a0916bf7f0ef4bfa7846e0a1f5681d7d9bc665d41ead3ffab12db54
0x238a358808379702088667322f80ac48bad5e6c4,1782777632,107153332,-29587540452645427307978,128225487329763000000,0xdfc2752161769215564ddf29cf9f06fface24f02639f330f9094f1e68ea62332
0x238a358808379702088667322f80ac48bad5e6c4,1782777632,107153332,27105208471917176524270,5467429870509754924003,0x09e7225f01e5953209ce81a0dfaa7fd73096709dfc6bd1a0be8056f91e9d92a1
0x238a358808379702088667322f80ac48bad5e6c4,1782777632,107153332,-29652074182509922641115,64533729864495333137,0xd7da2398306659d924a25d245f190b8e050ff6f054d9b90777d67fde2b466dc8
0x238a358808379702088667322f80ac48bad5e6c4,1782777632,107153332,26277126783536716060701,828081688380460463569,0xf8f243fdf0211df2b49f1f0a752053e5dcf2ce8f75701855a683bccc23dfa81c
0x238a358808379702088667322f80ac48bad5e6c4,1782777632,107153332,-29728329181973127842806,76254999463205201691,0xf3bcdfeea58cd89256829a4d2fcdfe899516e0f0336e101ca93cbbfd1c7e08e8
0x238a358808379702088667322f80ac48bad5e6c4,1782777632,107153332,-501452580513081370812,8459170266630919967,0x65e6bd0dc76c36c413defc053d3315235c592ff4b3c239e18c0a4e9c6ba58637
0x238a358808379702088667322f80ac48bad5e6c4,1782777632,107153332,-29678329181973127842806,50000000000000000000,0x65e6bd0dc76c36c413defc053d3315235c592ff4b3c239e18c0a4e9c6ba58637
0x238a358808379702088667322f80ac48bad5e6c4,1782777632,107153332,-570868732859874416151454,16839020055984170623274,0xb5cdd26b6b64a607c2f380d8b78665077de3c0955de28cf4f984f5b0ce1e66d5
0x238a358808379702088667322f80ac48bad5e6c4,1782777632,107153332,-16956360171751036344439,1575155116687954063052,0xdfc2752161769215564ddf29cf9f06fface24f02639f330f9094f1e68ea62332
0x238a358808379702088667322f80ac48bad5e6c4,1782777632,107153333,6156165881590986990892,338023640928312889835,0xf789f7535d65ef2316d2070a013f162e8e3806f3695d90c81917cf84a0879cb0
0x238a358808379702088667322f80ac48bad5e6c4,1782777632,107153333,-30104603318648427069334,426274136675299226528,0x83e8b1d856557d8d141237c34bfd57f7e708391c2e14405bdf9fec377b75fde2
0x238a358808379702088667322f80ac48bad5e6c4,1782777632,107153333,-30369468248073770714189,264864929425343644855,0x8728169c3f6f50b3b7c0ea113453683caffe48c63533c4adb647e5c6b27c887e
0x238a358808379702088667322f80ac48bad5e6c4,1782777632,107153333,-560718005092909929549897,10150727766964486601557,0x8728169c3f6f50b3b7c0ea113453683caffe48c63533c4adb647e5c6b27c887e
0x238a358808379702088667322f80ac48bad5e6c4,1782777632,107153333,-3168699145655895496199,47530973609607835914,0xcdf30392fffd314bbb07ce51c19431cb0cef750444671ce12b9691211946fb83
0x238a358808379702088667322f80ac48bad5e6c4,1782777632,107153333,-30319468248073770714189,50000000000000000000,0x91f28ff263a1833f39eb6c23478519e88616353429b8b0f9d1ff780734ca32ab
0x238a358808379702088667322f80ac48bad5e6c4,1782777632,107153333,-509905350780886076692,8452770267804705880,0x91f28ff263a1833f39eb6c23478519e88616353429b8b0f9d1ff780734ca32ab
0x238a358808379702088667322f80ac48bad5e6c4,1782777632,107153333,-30269468248073770714189,50000000000000000000,0x71c7187caa6faa97bcde5bc37443c5aa9dd2802c5092c57913537e16f9b4d561
0x238a358808379702088667322f80ac48bad5e6c4,1782777632,107153333,-518351728310239089067,8446377529353012375,0x71c7187caa6faa97bcde5bc37443c5aa9dd2802c5092c57913537e16f9b4d561
0x238a358808379702088667322f80ac48bad5e6c4,1782777632,107153333,-30219468248073770714189,50000000000000000000,0x91db389595c08524ec310ce8f6be256158b13b00c3957f227429af3dde9cc137
0x238a358808379702088667322f80ac48bad5e6c4,1782777632,107153333,-526791720350537194720,8439992040298105653,0x91db389595c08524ec310ce8f6be256158b13b00c3957f227429af3dde9cc137
0x238a358808379702088667322f80ac48bad5e6c4,1782777632,107153333,-622744160,87000000,0xcdf30392fffd314bbb07ce51c19431cb0cef750444671ce12b9691211946fb83
0x238a358808379702088667322f80ac48bad5e6c4,1782777632,107153333,-30155998429671395833608,63469818402374880581,0xefeccfc2dab9dda96e98883cf295c6caafffd141c6ee6f0ffcb8efdd42b1d253
0x238a358808379702088667322f80ac48bad5e6c4,1782777632,107153333,-30210974056837483210217,54975627166087376609,0xc30390158d7fe12a1e18bc7082a6f55fcc6e61c0004a38f8f09652cc573a41e4
0x238a358808379702088667322f80ac48bad5e6c4,1782777632,107153333,7037815080361867250914,881649198770880260022,0x675dc30e981087238ef817a45b715ce0cb1d24b7812d9fde80f38f16f4f946d8
0x238a358808379702088667322f80ac48bad5e6c4,1782777632,107153333,-30559073406081800617435,348099349244317407218,0x675dc30e981087238ef817a45b715ce0cb1d24b7812d9fde80f38f16f4f946d8
0x238a358808379702088667322f80ac48bad5e6c4,1782777632,107153333,-30687330711129258251698,128257305047457634263,0x21d58c61f591a5f07b350bbe34246d453adb49dab9fdef7d2616d28808a30bd0
0x238a358808379702088667322f80ac48bad5e6c4,1782777632,107153333,-3135531662066801296199,33167483589094200000,0x3e978261265911c70462b7c498bdd256584031341f6acba8f7e9fe95c104475f
0x238a358808379702088667322f80ac48bad5e6c4,1782777632,107153333,-683488768,60744608,0x3e978261265911c70462b7c498bdd256584031341f6acba8f7e9fe95c104475f
0x238a358808379702088667322f80ac48bad5e6c4,1782777632,107153333,-1772224895594241457404,479158474886919984249,0xefeccfc2dab9dda96e98883cf295c6caafffd141c6ee6f0ffcb8efdd42b1d253
0x238a358808379702088667322f80ac48bad5e6c4,1782777632,107153333,26577126783536716060701,300000000000000000000,0xc30390158d7fe12a1e18bc7082a6f55fcc6e61c0004a38f8f09652cc573a41e4
0x238a358808379702088667322f80ac48bad5e6c4,1782777632,107153333,-30622071015377042626456,65259695752215625242,0x84c2a5fcaabb65e5b75b4a41b807971abfe7c891eb997af9e5adc5cef3aae5c1
0x238a358808379702088667322f80ac48bad5e6c4,1782777632,107153333,26221074520285751574675,356052263250964486026,0x84c2a5fcaabb65e5b75b4a41b807971abfe7c891eb997af9e5adc5cef3aae5c1
0x238a358808379702088667322f80ac48bad5e6c4,1782777632,107153333,28546572169662648574675,2325497649376897000000,0x83e8b1d856557d8d141237c34bfd57f7e708391c2e14405bdf9fec377b75fde2
0x238a358808379702088667322f80ac48bad5e6c4,1782777632,107153333,-30755584831635324948683,133513816258282322227,0xf789f7535d65ef2316d2070a013f162e8e3806f3695d90c81917cf84a0879cb0
0x238a358808379702088667322f80ac48bad5e6c4,1782777633,107153334,-30705584831635324948683,50000000000000000000,0x1ff12cfb2e59dba5cdfe4c3ddf1f3a5cda65cac9a817e42dd9e394aace8abc49
0x238a358808379702088667322f80ac48bad5e6c4,1782777633,107153334,-30655584831635324948683,50000000000000000000,0xb7c1e80a4921e80891347442555d7f012bc61de24841b11b99aab648b4f52d74
0x238a358808379702088667322f80ac48bad5e6c4,1782777633,107153334,-481138492274967997533,479239060175486393588,0x44250c90bb4bf210f93da9ed29429eabbeaff2cf0019f1323de0de03fcff6587
0x238a358808379702088667322f80ac48bad5e6c4,1782777633,107153334,-4178492274967997533,476960000000000000000,0x1d99b67af1abf582373773c186665bc471cb15a1e18b44d003d70989d32e14b9
0x238a358808379702088667322f80ac48bad5e6c4,1782777633,107153334,24372841460548521725875,4173730709114126848800,0x2bf1ec1ac75236529fe3d9f673e17b9cb26b1f1eb475291c4c3f76343ba75c7d
0x238a358808379702088667322f80ac48bad5e6c4,1782777633,107153334,-30829718222822101420925,174133391186776472242,0xf5c68907e480e9de32e7a9beb38d2e51d9c8b90502b6b6c19ae4a3b592c30bdc
0x238a358808379702088667322f80ac48bad5e6c4,1782777633,107153334,-30781206483206322996730,48511739615778424195,0x44250c90bb4bf210f93da9ed29429eabbeaff2cf0019f1323de0de03fcff6587
0x238a358808379702088667322f80ac48bad5e6c4,1782777633,107153334,-30829477990635683804794,48271507429360808064,0x1d99b67af1abf582373773c186665bc471cb15a1e18b44d003d70989d32e14b9
0x238a358808379702088667322f80ac48bad5e6c4,1782777633,107153334,-24803118640163125912228,1671144193599745917128,0xf5c68907e480e9de32e7a9beb38d2e51d9c8b90502b6b6c19ae4a3b592c30bdc
0x238a358808379702088667322f80ac48bad5e6c4,1782777633,107153334,-31012977694546893001438,183499703911209196644,0x76c033b4be583e348ace982e561db91f57beb8012dcca06982b10193b539930d
0x238a358808379702088667322f80ac48bad5e6c4,1782777633,107153334,-31196516274613886466668,183538580066993465230,0x2a7723aa5fc934b56b68fb4a4ef96afc1113c63e56b6942fd05be9cd14718fa2
0x238a358808379702088667322f80ac48bad5e6c4,1782777633,107153334,-31380132644064884876616,183616369450998409948,0xd0a047f9fca50cd590c46db9c2177980df44f602ae9e5b228396c7fda4498f1e
0x238a358808379702088667322f80ac48bad5e6c4,1782777633,107153334,-31563710112643395923483,183577468578511046867,0x44f477e76e1a082f4b19d671b259a691b1599e383674dc0a62dbc42c6ee28bb2
0x238a358808379702088667322f80ac48bad5e6c4,1782777633,107153334,-31389582282074374383483,174127830569021540000,0xf5c68907e480e9de32e7a9beb38d2e51d9c8b90502b6b6c19ae4a3b592c30bdc
0x238a358808379702088667322f80ac48bad5e6c4,1782777633,107153334,-31729307433155462754441,339725151081088370958,0xcae90b9e6798ceeaf8bb926f98fabecde011fc0a28651084d1141f9afacb9e48
0x238a358808379702088667322f80ac48bad5e6c4,1782777633,107153334,-535225334140220186805,8433613789682992085,0xb7c1e80a4921e80891347442555d7f012bc61de24841b11b99aab648b4f52d74
0x238a358808379702088667322f80ac48bad5e6c4,1782777633,107153334,-32007616604118329381925,278309170962866627484,0x04c249291f050ed9e6122e62f96b4d48c526cc2e901239056b81d092f861efa3
0x238a358808379702088667322f80ac48bad5e6c4,1782777633,107153334,-543652576906791558007,8427242766571371202,0x1ff12cfb2e59dba5cdfe4c3ddf1f3a5cda65cac9a817e42dd9e394aace8abc49
0x238a358808379702088667322f80ac48bad5e6c4,1782777633,107153334,2473849402649548408187,636901745464760860453,0x7e3ace6b5a89667b80b03e36870c65ad94e488f238d0b9ce2194b1f5384bc91b
0x238a358808379702088667322f80ac48bad5e6c4,1782777633,107153334,-32378242334313284821210,370625730194955439285,0x70532a7cee7a0c46558704901bb5495830e031878717cbef68b2fa0295dbc948
0x238a358808379702088667322f80ac48bad5e6c4,1782777633,107153334,-32346272629882362189079,31969704430922632131,0x7e3ace6b5a89667b80b03e36870c65ad94e488f238d0b9ce2194b1f5384bc91b
0x238a358808379702088667322f80ac48bad5e6c4,1782777633,107153334,-23131590105045526712228,1671528535117599200000,0xf5c68907e480e9de32e7a9beb38d2e51d9c8b90502b6b6c19ae4a3b592c30bdc
0x238a358808379702088667322f80ac48bad5e6c4,1782777633,107153335,-1812475477706824006304,280070429262638975920,0xd0b750559e50701ec2648026da083263d36b87a35ade8b17cbcf339d09905c92
0x238a358808379702088667322f80ac48bad5e6c4,1782777633,107153335,1361932517296470779665,114627211389066003979,0xddeb6496024197624e2c38e54217d0a77930d73ed5c26428a7d2be169da52d2f
0x238a358808379702088667322f80ac48bad5e6c4,1782777633,107153335,-32624137878663136787742,277865248780774598663,0xde0b7debe3a0e46199b276f8691a55590c0ddd1318b96a6e75834c1341eac99b
0x238a358808379702088667322f80ac48bad5e6c4,1782777633,107153335,-32309269335840963323825,314868542822173463917,0xddeb6496024197624e2c38e54217d0a77930d73ed5c26428a7d2be169da52d2f
0x238a358808379702088667322f80ac48bad5e6c4,1782777633,107153335,-32233728268236114356201,75541067604848967624,0x1b53dd1767d0ffc7cd4760cb401bda58a5a6b65d5822aff0cc117d8807b38ab1
0x238a358808379702088667322f80ac48bad5e6c4,1782777633,107153335,-552073455866839146830,8420878960047588823,0x1fadd90a2a973aa48b5778dbcc15de6ed36c67ca45c7cd18bc034e21c45540f6
0x238a358808379702088667322f80ac48bad5e6c4,1782777633,107153335,-32183728268236114356201,50000000000000000000,0x1fadd90a2a973aa48b5778dbcc15de6ed36c67ca45c7cd18bc034e21c45540f6
0x238a358808379702088667322f80ac48bad5e6c4,1782777633,107153335,23960410363466001192313,412431097082520533562,0x1b53dd1767d0ffc7cd4760cb401bda58a5a6b65d5822aff0cc117d8807b38ab1
0x238a358808379702088667322f80ac48bad5e6c4,1782777633,107153335,1457750523708207028838,1016098878941341379349,0x5f128c8c8a8addd3821a03059d422776b29e606b54adda76f4a907944b8c2d39
0x238a358808379702088667322f80ac48bad5e6c4,1782777633,107153335,-32132696197761530948327,51032070474583407874,0x5f128c8c8a8addd3821a03059d422776b29e606b54adda76f4a907944b8c2d39
0x238a358808379702088667322f80ac48bad5e6c4,1782777633,107153335,27715741307509876477213,3755330944043875284900,0x1862b8a4f997a70a6203cc70b396cf23297bb783d074b08e62135daa662791d3
0x238a358808379702088667322f80ac48bad5e6c4,1782777633,107153335,1271030197822700589685,90902319473770189980,0xd34c102643b066fef4ee205f18303f0fb5dac03661bcde5c1c194d73028f8f63
0x238a358808379702088667322f80ac48bad5e6c4,1782777633,107153335,-3179366480087535526010,43834818020734229811,0xec5e83af16d9e5ef0fdf40c73545d31a9dbe97fdc7c4ccf28b49ef1f8cc97ae2
0x238a358808379702088667322f80ac48bad5e6c4,1782777633,107153335,-603240404,80248364,0xec5e83af16d9e5ef0fdf40c73545d31a9dbe97fdc7c4ccf28b49ef1f8cc97ae2
0x238a358808379702088667322f80ac48bad5e6c4,1782777633,107153335,-32820731585363537251833,688035387602006303506,0x1862b8a4f997a70a6203cc70b396cf23297bb783d074b08e62135daa662791d3
0x238a358808379702088667322f80ac48bad5e6c4,1782777633,107153335,-32942683212664382738354,121951627300845486521,0x99b6bc77db0bb51ed293d5f15c4a032f2aede720fb2502d44c94f35cbd19ef51
0x238a358808379702088667322f80ac48bad5e6c4,1782777633,107153335,7346769043703094250914,308953963341227000000,0x99b6bc77db0bb51ed293d5f15c4a032f2aede720fb2502d44c94f35cbd19ef51
0x238a358808379702088667322f80ac48bad5e6c4,1782777634,107153336,-3262982148048673682960,83615667961138156950,0x0ba44a40dc066582134fc81dc954171567b8f7d1d5b702af1a4a1f80f88392a0
0x238a358808379702088667322f80ac48bad5e6c4,1782777634,107153336,-32892683212664382738354,50000000000000000000,0x69bf06d897c2db7d7ba8de5a31f1c5f825522ae9e28b2d22c179b1b0e20db5b1
0x238a358808379702088667322f80ac48bad5e6c4,1782777634,107153336,-560487978226055737123,8414522359216590293,0x69bf06d897c2db7d7ba8de5a31f1c5f825522ae9e28b2d22c179b1b0e20db5b1
0x238a358808379702088667322f80ac48bad5e6c4,1782777634,107153336,-32961514357357146869755,68831144692764131401,0x1a5b02ad0af3de21c45ecd3a802f1ae597369758b77d99547b844dbf9fda846a
0x238a358808379702088667322f80ac48bad5e6c4,1782777634,107153336,-1564651254858749032889,247824222848074973415,0x1a5b02ad0af3de21c45ecd3a802f1ae597369758b77d99547b844dbf9fda846a
0x238a358808379702088667322f80ac48bad5e6c4,1782777634,107153336,395233915341424900000,251145648284656000000,0x0ba44a40dc066582134fc81dc954171567b8f7d1d5b702af1a4a1f80f88392a0
0x238a358808379702088667322f80ac48bad5e6c4,1782777634,107153336,-32860672132012269869755,100842225344877000000,0xb624b16cb34d143464da65f0c49992aaed4b363efc67dd5c8d21273cc2391827
0x238a358808379702088667322f80ac48bad5e6c4,1782777634,107153336,-32787152012174114807416,73520119838155062339,0x967f9b1f05eb75784b0ac03f69961839653c9e25aa7c748f8f32e866b445ba03
0x238a358808379702088667322f80ac48bad5e6c4,1782777634,107153336,-564582762995297529886859,3864757902387600336962,0xb624b16cb34d143464da65f0c49992aaed4b363efc67dd5c8d21273cc2391827
0x238a358808379702088667322f80ac48bad5e6c4,1782777634,107153336,27314078248185748839401,401663059324127637812,0x967f9b1f05eb75784b0ac03f69961839653c9e25aa7c748f8f32e866b445ba03
0x238a358808379702088667322f80ac48bad5e6c4,1782777634,107153336,1399814864914849526729,128784667092148937044,0xb0543f40f716b8027f71fc79898b696829ff605f390dafed8013780c34541ecb
0x238a358808379702088667322f80ac48bad5e6c4,1782777634,107153336,-33140967644140032292975,353815631965917485559,0xb0543f40f716b8027f71fc79898b696829ff605f390dafed8013780c34541ecb
0x238a358808379702088667322f80ac48bad5e6c4,1782777634,107153337,-33042112409021047092975,98855235118985200000,0x8eb51cabbcb6a474c1e7bed5353e6ccc9083395e30bb179c5d62360c4126ec7d
0x238a358808379702088667322f80ac48bad5e6c4,1782777634,107153337,-32815813800362785776153,226298608658261316822,0xb77dbb98b16d85774ecb8d504dede49b961b960224593aa002f6090a46919962
0x238a358808379702088667322f80ac48bad5e6c4,1782777634,107153337,6576498479777593304033,520044473937384408268,0x7bff995255fe21b71a2df4233b0f6411cee3c52dfdc2c7ac40a043c6d76a6b95
0x238a358808379702088667322f80ac48bad5e6c4,1782777634,107153337,-3330326115005987439424,67343966957313756464,0x7bff995255fe21b71a2df4233b0f6411cee3c52dfdc2c7ac40a043c6d76a6b95
0x238a358808379702088667322f80ac48bad5e6c4,1782777634,107153337,-568370380795641154077866,3787617800343624191007,0x8eb51cabbcb6a474c1e7bed5353e6ccc9083395e30bb179c5d62360c4126ec7d
0x238a358808379702088667322f80ac48bad5e6c4,1782777634,107153337,-3419958393776374993504,89632278770387554080,0x997e0c6a3ef3dec459490c11f17efe6cc4cf1ff9d59a9f5d505cae5b6d554ba3
0x238a358808379702088667322f80ac48bad5e6c4,1782777634,107153337,664496043395236900000,269262128053812000000,0x997e0c6a3ef3dec459490c11f17efe6cc4cf1ff9d59a9f5d505cae5b6d554ba3
0x238a358808379702088667322f80ac48bad5e6c4,1782777634,107153337,-3579985471582088165589,160027077805713172085,0x37480e43bb3523c0d1642487a91b10e276986a6a8dfea2e151c61de486a7fad2
0x238a358808379702088667322f80ac48bad5e6c4,1782777634,107153337,7812498479777593304033,1236000000000000000000,0x37480e43bb3523c0d1642487a91b10e276986a6a8dfea2e151c61de486a7fad2
0x238a358808379702088667322f80ac48bad5e6c4,1782777634,107153337,-32815907216514785776153,93416152000000000,0x344e41f6632342153978846095bbcbea979b01b191e61b544bb85a0bc0c0463e
0x238a358808379702088667322f80ac48bad5e6c4,1782777634,107153337,-32841613097980582393506,25705881465796617353,0xbeff5d7def7a2756c3bc762615cb9308da11f10c2269d9bba4053f6b029d5427
0x238a358808379702088667322f80ac48bad5e6c4,1782777634,107153337,1969594670090151028838,511844146381944000000,0xbeff5d7def7a2756c3bc762615cb9308da11f10c2269d9bba4053f6b029d5427
0x238a358808379702088667322f80ac48bad5e6c4,1782777634,107153337,3310154977744050108064,226462163000666652538,0x141993a5761b62d6f94f0f6919b58134fa3fc53b44e749f4ccfb64f038f09f7f
0x238a358808379702088667322f80ac48bad5e6c4,1782777634,107153337,-32748196945980582393506,93416152000000000000,0x344e41f6632342153978846095bbcbea979b01b191e61b544bb85a0bc0c0463e
0x238a358808379702088667322f80ac48bad5e6c4,1782777634,107153337,4769418920233921290118,2997524255225374703808,0x344e41f6632342153978846095bbcbea979b01b191e61b544bb85a0bc0c0463e
0x238a358808379702088667322f80ac48bad5e6c4,1782777634,107153337,-3599792172851953706717,19806701269865541128,0x48211073eb730b4242b2e8535183fb7c98a7c03af8610824e3d1979086c823c1
0x238a358808379702088667322f80ac48bad5e6c4,1782777634,107153337,1403502520975541912851,553704395020181000000,0x48211073eb730b4242b2e8535183fb7c98a7c03af8610824e3d1979086c823c1
0x238a358808379702088667322f80ac48bad5e6c4,1782777634,107153337,26078041502083127285721,1236036746102621553680,0xb77dbb98b16d85774ecb8d504dede49b961b960224593aa002f6090a46919962
0x238a358808379702088667322f80ac48bad5e6c4,1782777635,107153338,25613905315266942935094,464136186816184350627,0x36a82015f7da4a394efe9eff58a85ee4a35a931e8169dfc00bc1349baaec43bd
0x238a358808379702088667322f80ac48bad5e6c4,1782777635,107153338,-32777912894326658210959,29715948346075817453,0xc1bbb883e527f2a31161762d489affbbbd0ea77c7635369e91ef98c360830f98
0x238a358808379702088667322f80ac48bad5e6c4,1782777635,107153338,-32874196741931533855253,96283847604875644294,0xe47a008a1f5357a479ff59ba6e4c92122250b0e602b2a532d3fcc3a42eb4ba7b
0x238a358808379702088667322f80ac48bad5e6c4,1782777635,107153338,-564684248050875486330113,3686132744765667747753,0xe47a008a1f5357a479ff59ba6e4c92122250b0e602b2a532d3fcc3a42eb4ba7b
0x238a358808379702088667322f80ac48bad5e6c4,1782777635,107153338,-32492386595131086158319,381810146800447696934,0xdb4f427dd9fbf4607da8eefc4089b4ecb62d5bfaeb413a7980f5fe4d69239742
0x238a358808379702088667322f80ac48bad5e6c4,1782777635,107153338,24299975856593407573517,1313929458673535361577,0xd17497f7905ff54402086f8ea6f4bb20c6c48cc05f09cc4b779ddf9ba8700fef
0x238a358808379702088667322f80ac48bad5e6c4,1782777635,107153338,-3574689841556254806717,25102331295698900000,0x1a4a9db01472fad831a153264c1fc1a4ea7b39fe5c1e4b5dd828637bd0850f7d
0x238a358808379702088667322f80ac48bad5e6c4,1782777635,107153338,-32442386595131086158319,50000000000000000000,0x1cd5118418422aa8e8c0d6538f8968cb1b8e94259d72bd17a220d63cd7dc2d19
0x238a358808379702088667322f80ac48bad5e6c4,1782777635,107153338,-563546414736303921994902,1137833314571564335211,0xc1bbb883e527f2a31161762d489affbbbd0ea77c7635369e91ef98c360830f98
0x238a358808379702088667322f80ac48bad5e6c4,1782777635,107153338,-32357386595131086158319,85000000000000000000,0x36a82015f7da4a394efe9eff58a85ee4a35a931e8169dfc00bc1349baaec43bd
0x238a358808379702088667322f80ac48bad5e6c4,1782777635,107153338,-32339386595131086158319,18000000000000000000,0xc787f368cdaa980256db3fe0c2a0d730bdceda29e295f94a1bf2da8c504ebb92
0x238a358808379702088667322f80ac48bad5e6c4,1782777635,107153338,-649192327,45951923,0x1a4a9db01472fad831a153264c1fc1a4ea7b39fe5c1e4b5dd828637bd0850f7d
0x238a358808379702088667322f80ac48bad5e6c4,1782777635,107153338,-578166203022588510879085,14619788286284588884183,0xdb4f427dd9fbf4607da8eefc4089b4ecb62d5bfaeb413a7980f5fe4d69239742
0x238a358808379702088667322f80ac48bad5e6c4,1782777635,107153338,-4042728381695579533146,468038540139324726429,0x2407c152587a89f8bb63523011e76c148227a6c1af56f01c41a8b163344bc1cc
0x238a358808379702088667322f80ac48bad5e6c4,1782777635,107153338,-568896151179259610979,8408172953203873856,0x1cd5118418422aa8e8c0d6538f8968cb1b8e94259d72bd17a220d63cd7dc2d19
0x238a358808379702088667322f80ac48bad5e6c4,1782777635,107153338,24201679938590341098574,98295918003066474943,0xc787f368cdaa980256db3fe0c2a0d730bdceda29e295f94a1bf2da8c504ebb92
0x238a358808379702088667322f80ac48bad5e6c4,1782777635,107153339,1500952615155336172295,101137750240486645566,0x4bedf6a8e6624ac722b082e549927ec1c884bff85bee52b7b6b4befda7c20ebf
0x238a358808379702088667322f80ac48bad5e6c4,1782777635,107153339,-32216030693579745158319,123355901551341000000,0x123dc3e0375db3cb3886f2508b5f9789bc036f8535fe5f327cbc967f2431ecd0
0x238a358808379702088667322f80ac48bad5e6c4,1782777635,107153339,-2538341639488677519810,1050360050950575194064,0x123dc3e0375db3cb3886f2508b5f9789bc036f8535fe5f327cbc967f2431ecd0
0x238a358808379702088667322f80ac48bad5e6c4,1782777635,107153339,7503819916251356250914,157050872548262000000,0xc856ef1faf96ed28a0c45af1127ddfc43400adae07971cdd37a6abcee5c0d7ab
0x238a358808379702088667322f80ac48bad5e6c4,1782777635,107153339,-32278013120796723150943,61982427216977992624,0xc856ef1faf96ed28a0c45af1127ddfc43400adae07971cdd37a6abcee5c0d7ab
0x238a358808379702088667322f80ac48bad5e6c4,1782777635,107153339,-32555735228285642307672,277722107488919156729,0x4bedf6a8e6624ac722b082e549927ec1c884bff85bee52b7b6b4befda7c20ebf
0x238a358808379702088667322f80ac48bad5e6c4,1782777635,107153339,-577297981910415055122,8401830731155444143,0xa9901f30e5ad6ef7392e5bc82c65c19a89702696ca39718416d3187a644113b3
0x238a358808379702088667322f80ac48bad5e6c4,1782777635,107153339,-32824979398912804826301,269244170627162518629,0xa0ab1705b02085e40bb66668535be434786e835316d578f13f574d07c8809453
0x238a358808379702088667322f80ac48bad5e6c4,1782777635,107153339,25650047380952801895952,1448367442362460797378,0x2758fa2b65f548a3dfe2598782a8ba42c08104adf6379c2619246755ad8b242e
0x238a358808379702088667322f80ac48bad5e6c4,1782777635,107153339,-33090240070810349771252,265260671897544944951,0x2758fa2b65f548a3dfe2598782a8ba42c08104adf6379c2619246755ad8b242e
0x238a358808379702088667322f80ac48bad5e6c4,1782777635,107153339,-33040240070810349771252,50000000000000000000,0xa9901f30e5ad6ef7392e5bc82c65c19a89702696ca39718416d3187a644113b3
0x238a358808379702088667322f80ac48bad5e6c4,1782777636,107153340,-33048820704849845633029,8580634039495861777,0x66e7a8fd42b2b2772445df0a4d4f6bdb661b572af8c4b91131c96fa4d199a6b1
0x238a358808379702088667322f80ac48bad5e6c4,1782777636,107153340,-4112211893005136959543,69483511309557426397,0xd115da49e0be16fe6cb75ae4c3fb6f3ded6fcb3494f45b9b706e7ff1ce93d928
0x238a358808379702088667322f80ac48bad5e6c4,1782777636,107153340,-227143416200200606261,36590802303558400000,0x66e7a8fd42b2b2772445df0a4d4f6bdb661b572af8c4b91131c96fa4d199a6b1
0x238a358808379702088667322f80ac48bad5e6c4,1782777636,107153340,873261912716111478445,208765869320874578445,0xd115da49e0be16fe6cb75ae4c3fb6f3ded6fcb3494f45b9b706e7ff1ce93d928
0x238a358808379702088667322f80ac48bad5e6c4,1782777636,107153341,-580784928306643499254690,2618725284054988375605,0xd1528d31672369d49f57aac412089f13856ec506449a9f1553883a4f050632e5
0x238a358808379702088667322f80ac48bad5e6c4,1782777636,107153341,-32828657604136513123002,220163100713332510027,0x78d5279ad631d589ae8be341cd8da3022e284c1d55b2cb4484e29c40eb7a2e92
0x238a358808379702088667322f80ac48bad5e6c4,1782777636,107153341,1420849260745221102670,80103354410115069625,0x78d5279ad631d589ae8be341cd8da3022e284c1d55b2cb4484e29c40eb7a2e92
0x238a358808379702088667322f80ac48bad5e6c4,1782777636,107153341,-32778657604136513123002,50000000000000000000,0x2d3a5a17bfd545609b4ff32518f431fc24136bb84dfaf9a636a3644aec5588bd
0x238a358808379702088667322f80ac48bad5e6c4,1782777636,107153341,-585693477592652820913,8395495682237765791,0x2d3a5a17bfd545609b4ff32518f431fc24136bb84dfaf9a636a3644aec5588bd
0x238a358808379702088667322f80ac48bad5e6c4,1782777636,107153341,1416786834293770069133,4062426451451033537,0x80efefbe06fb0afa7f84a45d8b9aff35fdb1a815f231726e603ff63dd0c918e3
0x238a358808379702088667322f80ac48bad5e6c4,1782777636,107153341,-32710249296982129423002,68408307154383700000,0xd1528d31672369d49f57aac412089f13856ec506449a9f1553883a4f050632e5
0x238a358808379702088667322f80ac48bad5e6c4,1782777636,107153341,-31988991058125261255070,721258238856868167932,0xabcfe953f092fad7affbf20e8cc98dfeeada8aaec90fdb33ffac6173b14f241d
0x238a358808379702088667322f80ac48bad5e6c4,1782777636,107153341,5678120827825257846446,1825699088426098404468,0xabcfe953f092fad7affbf20e8cc98dfeeada8aaec90fdb33ffac6173b14f241d
0x238a358808379702088667322f80ac48bad5e6c4,1782777636,107153341,-31977827558565586332838,11163499559674922232,0x80efefbe06fb0afa7f84a45d8b9aff35fdb1a815f231726e603ff63dd0c918e3
0x238a358808379702088667322f80ac48bad5e6c4,1782777636,107153342,-32040278471129338671302,62450912563752338464,0x3e353353c5e13389419337cbbaebe16d670a8b1faba4e32eb0f5e7c59b0b58ff
0x238a358808379702088667322f80ac48bad5e6c4,1782777636,107153342,5836146745416776708770,158025917591518862324,0x3e353353c5e13389419337cbbaebe16d670a8b1faba4e32eb0f5e7c59b0b58ff
0x238a358808379702088667322f80ac48bad5e6c4,1782777637,107153343,0,9993513067731262036,0x4edd5a9e365e535a8d04f5df66972b55d8f34d3dc9ecd65e77eafe1f1f0c32a2
0x238a358808379702088667322f80ac48bad5e6c4,1782777637,107153343,-4200051144875296416874,87839251870159457331,0x173ba679c84859f431a6eec12e0be50996b576f97c78d5ab745dfe23d4fedd00
0x238a358808379702088667322f80ac48bad5e6c4,1782777637,107153343,6216745337275264872768,380598591858488163998,0x113da9d72c5b32457fe6579e6556d126bf820cab1f477ed831224c0b8a45e578
0x238a358808379702088667322f80ac48bad5e6c4,1782777637,107153343,-32190662520931431769896,150384049802093098594,0x113da9d72c5b32457fe6579e6556d126bf820cab1f477ed831224c0b8a45e578
0x238a358808379702088667322f80ac48bad5e6c4,1782777637,107153343,-579959487499519016192045,825440807124483062645,0x61865e38f575a937b13ab50218181e9a4329bb76293dfca74cc9b7c159228c2c
0x238a358808379702088667322f80ac48bad5e6c4,1782777637,107153343,-32212230023139227341724,21567502207795571828,0x61865e38f575a937b13ab50218181e9a4329bb76293dfca74cc9b7c159228c2c
0x238a358808379702088667322f80ac48bad5e6c4,1782777637,107153343,1137218513102164478445,263956600386053000000,0x173ba679c84859f431a6eec12e0be50996b576f97c78d5ab745dfe23d4fedd00
0x238a358808379702088667322f80ac48bad5e6c4,1782777637,107153343,-31999870847172164126807,212359175967063214917,0xaa1393b451688c5166a58c9d9facf1f9edb9c65ee8060cdf63b47bf46156c7a1
0x238a358808379702088667322f80ac48bad5e6c4,1782777637,107153343,-32056381542361452659207,56510695189288532400,0xb6c7269a6b1296846e9ad4fa728f6957baf2aafde4395f17c89f0844929bb8bc
0x238a358808379702088667322f80ac48bad5e6c4,1782777637,107153343,77212881,26129306,0xb6c7269a6b1296846e9ad4fa728f6957baf2aafde4395f17c89f0844929bb8bc
0x238a358808379702088667322f80ac48bad5e6c4,1782777637,107153343,-588085786542485880449132,8126299042966864257087,0xaa1393b451688c5166a58c9d9facf1f9edb9c65ee8060cdf63b47bf46156c7a1
0x238a358808379702088667322f80ac48bad5e6c4,1782777637,107153343,-32066375543460901290848,9994001099448631641,0x4edd5a9e365e535a8d04f5df66972b55d8f34d3dc9ecd65e77eafe1f1f0c32a2
0x238a358808379702088667322f80ac48bad5e6c4,1782777637,107153343,23349654825922633073460,2300392555030168822492,0xd815a755129534ffc52308586f3cae523f2c112eabb3136d316d0989a8e7bdf5
0x238a358808379702088667322f80ac48bad5e6c4,1782777637,107153343,-31645296345769282476675,421079197691618814173,0xd815a755129534ffc52308586f3cae523f2c112eabb3136d316d0989a8e7bdf5
0x238a358808379702088667322f80ac48bad5e6c4,1782777637,107153343,-585166275916796013453723,2919510625689866995409,0x61865e38f575a937b13ab50218181e9a4329bb76293dfca74cc9b7c159228c2c
0x238a358808379702088667322f80ac48bad5e6c4,1782777637,107153343,-31721588435030609828964,76292089261327352289,0x61865e38f575a937b13ab50218181e9a4329bb76293dfca74cc9b7c159228c2c
0x238a358808379702088667322f80ac48bad5e6c4,1782777637,107153344,-31540768025030609828964,180820410000000000000,0x3eddc526e7f00f42561ee57f1583fb3ce76f3528501bb637c1644b81513a4091
0x238a358808379702088667322f80ac48bad5e6c4,1782777637,107153344,-4156874271121024736852,43176873754271680022,0x82e853fece1f3ff60d54b630316fe024dd6570ba1133f1c279bfebb494da976d
0x238a358808379702088667322f80ac48bad5e6c4,1782777637,107153344,-31456250313749366828964,84517711281243000000,0x156c363f89649a81793eca41748cd78f7c247de213ccae9bc83bf02ea6f87d56
0x238a358808379702088667322f80ac48bad5e6c4,1782777637,107153344,-3257865891273158373567,719524251784480853757,0x156c363f89649a81793eca41748cd78f7c247de213ccae9bc83bf02ea6f87d56
0x238a358808379702088667322f80ac48bad5e6c4,1782777637,107153344,-31477737858858495113670,21487545109128284706,0x1b636ecc2557ebc8721836a39ee19df391a78bd57054196c6743c1078d11761f
0x238a358808379702088667322f80ac48bad5e6c4,1782777637,107153344,87157007,9944126,0x1b636ecc2557ebc8721836a39ee19df391a78bd57054196c6743c1078d11761f
0x238a358808379702088667322f80ac48bad5e6c4,1782777637,107153344,-31477918679268495113670,180820410000000000,0x3eddc526e7f00f42561ee57f1583fb3ce76f3528501bb637c1644b81513a4091
0x238a358808379702088667322f80ac48bad5e6c4,1782777637,107153344,-728192327,79000000,0x82e853fece1f3ff60d54b630316fe024dd6570ba1133f1c279bfebb494da976d
0x238a358808379702088667322f80ac48bad5e6c4,1782777637,107153344,-30414222533122687147518,1063696146145807966152,0x387ea05a5e42bbc91db8eaa387ac122a7c039066e7738b127f36039786173620
0x238a358808379702088667322f80ac48bad5e6c4,1782777637,107153344,-625813111721951354297546,40646835805155340843823,0x387ea05a5e42bbc91db8eaa387ac122a7c039066e7738b127f36039786173620
0x238a358808379702088667322f80ac48bad5e6c4,1782777637,107153344,-1029271268501250740194,5798690188735172030312,0x3eddc526e7f00f42561ee57f1583fb3ce76f3528501bb637c1644b81513a4091
0x238a358808379702088667322f80ac48bad5e6c4,1782777637,107153344,89975753,2818746,0x78a68ac8f09acb54d8964bfca483781e432b2893ff0a961c5fa21a252d306d11
0x238a358808379702088667322f80ac48bad5e6c4,1782777637,107153344,-30420314998214138707667,6092465091451560149,0x78a68ac8f09acb54d8964bfca483781e432b2893ff0a961c5fa21a252d306d11
0x238a358808379702088667322f80ac48bad5e6c4,1782777637,107153344,-624685953352078473864107,1127158369872880433439,0xe489794e70af268209bd9ed732ef81404e647fb4b61885f80c226e009a79ea6f
0x238a358808379702088667322f80ac48bad5e6c4,1782777637,107153344,-30449811781140172520877,29496782926033813210,0xe489794e70af268209bd9ed732ef81404e647fb4b61885f80c226e009a79ea6f
0x238a358808379702088667322f80ac48bad5e6c4,1782777637,107153344,-30766002146631101164641,316190365490928643764,0xe489794e70af268209bd9ed732ef81404e647fb4b61885f80c226e009a79ea6f
0x238a358808379702088667322f80ac48bad5e6c4,1782777637,107153344,-612612824386402586918376,12073128965675886945731,0xe489794e70af268209bd9ed732ef81404e647fb4b61885f80c226e009a79ea6f
0x238a358808379702088667322f80ac48bad5e6c4,1782777637,107153344,-30854570262352605577966,88568115721504413325,0xe489794e70af268209bd9ed732ef81404e647fb4b61885f80c226e009a79ea6f
0x238a358808379702088667322f80ac48bad5e6c4,1782777637,107153344,-609229231870262336730095,3383592516140250188281,0xe489794e70af268209bd9ed732ef81404e647fb4b61885f80c226e009a79ea6f
0x238a358808379702088667322f80ac48bad5e6c4,1782777637,107153344,-30874450375007747386810,19880112655141808844,0xe489794e70af268209bd9ed732ef81404e647fb4b61885f80c226e009a79ea6f
0x238a358808379702088667322f80ac48bad5e6c4,1782777637,107153344,-608469638823557455575971,759593046704881154124,0xe489794e70af268209bd9ed732ef81404e647fb4b61885f80c226e009a79ea6f
0x238a358808379702088667322f80ac48bad5e6c4,1782777637,107153344,-30892218214534329212093,17767839526581825283,0xe489794e70af268209bd9ed732ef81404e647fb4b61885f80c226e009a79ea6f
0x238a358808379702088667322f80ac48bad5e6c4,1782777637,107153344,-607790719593429048516225,678919230128407059746,0xe489794e70af268209bd9ed732ef81404e647fb4b61885f80c226e009a79ea6f
0x238a358808379702088667322f80ac48bad5e6c4,1782777638,107153345,-31010284426701232248097,118066212166903036004,0x0e7568704ac8d0c7bf715cd1dec74982909c3d5f8208ac2c79725d6d7d6a8c5d
0x238a358808379702088667322f80ac48bad5e6c4,1782777638,107153345,-603284610973819578777417,4506108619609469738808,0x0e7568704ac8d0c7bf715cd1dec74982909c3d5f8208ac2c79725d6d7d6a8c5d
0x238a358808379702088667322f80ac48bad5e6c4,1782777638,107153345,-31028909273929439338225,18624847228207090128,0x0862dbdb9782530df45aeb55844f84a6d5c6037b42965fa0ea4d1be37119acdf
0x238a358808379702088667322f80ac48bad5e6c4,1782777638,107153345,-601978221772286798622048,1306389201532780155369,0x098526df0e4947e406f4c3eeda57eb55c23b278ffb93f1d1cd640010d192afe0
0x238a358808379702088667322f80ac48bad5e6c4,1782777638,107153345,-31063131657251629879773,34222383322190541548,0x098526df0e4947e406f4c3eeda57eb55c23b278ffb93f1d1cd640010d192afe0
0x238a358808379702088667322f80ac48bad5e6c4,1782777638,107153345,-594082645388290538085,8389167795637717172,0x7eaa212e0137b902fc3d964543d3a13cc5b3c1b78ec546ebf20a68c2b7ac4881
0x238a358808379702088667322f80ac48bad5e6c4,1782777638,107153345,-601267196558429364828384,711025213857433793664,0x0862dbdb9782530df45aeb55844f84a6d5c6037b42965fa0ea4d1be37119acdf
0x238a358808379702088667322f80ac48bad5e6c4,1782777638,107153345,-31138604729049874342772,75473071798244462999,0x0be5867cf75b44e80bcb37f7fdf7ebaac3317b7d5f6996893ace661b68b9d072
0x238a358808379702088667322f80ac48bad5e6c4,1782777638,107153345,-622077748269719390681209,20810551711290025852825,0xd8ab059d11ae20e05deda6c85bb85a5db99e20113ce1f43042e4637e65832451
0x238a358808379702088667322f80ac48bad5e6c4,1782777638,107153345,-30593535678986312753314,545069050063561589458,0xd8ab059d11ae20e05deda6c85bb85a5db99e20113ce1f43042e4637e65832451
0x238a358808379702088667322f80ac48bad5e6c4,1782777638,107153345,-23031590105045526712228,100000000000000000000,0x6b1226a315f7d4e704dee8318d0b93cc54d059faf4ac8b0c96d987a6a6f40870
0x238a358808379702088667322f80ac48bad5e6c4,1782777638,107153345,-30543535678986312753314,50000000000000000000,0x7eaa212e0137b902fc3d964543d3a13cc5b3c1b78ec546ebf20a68c2b7ac4881
0x238a358808379702088667322f80ac48bad5e6c4,1782777638,107153345,-30553951842852029302053,10416163865716548739,0x6b1226a315f7d4e704dee8318d0b93cc54d059faf4ac8b0c96d987a6a6f40870
0x238a358808379702088667322f80ac48bad5e6c4,1782777638,107153345,-1202224895594241457404,570000000000000000000,0x0be5867cf75b44e80bcb37f7fdf7ebaac3317b7d5f6996893ace661b68b9d072
0x238a358808379702088667322f80ac48bad5e6c4,1782777638,107153346,-2058371483495993622354,493720228637244589465,0xc0f8f500924eed2e391f425d0d6396209fba02a193bc8e638f9dee536d215a84
0x238a358808379702088667322f80ac48bad5e6c4,1782777638,107153346,-610852835558940195075722,11224912710779195605487,0x034c466aac270c0b04116e5ab85412bee8b9f39858e7ac49a8ba18e126ed9933
0x238a358808379702088667322f80ac48bad5e6c4,1782777638,107153346,-30847861270898471821816,293909428046442519763,0x034c466aac270c0b04116e5ab85412bee8b9f39858e7ac49a8ba18e126ed9933
0x238a358808379702088667322f80ac48bad5e6c4,1782777638,107153346,-30710680217943621377440,137181052954850444376,0xc0f8f500924eed2e391f425d0d6396209fba02a193bc8e638f9dee536d215a84
0x238a358808379702088667322f80ac48bad5e6c4,1782777639,107153347,-602465492448853082343,8382847060562544258,0xfbe4361ecf643914165ff19d1206fb121d165e48418d9e785db5418467bc0a15
0x238a358808379702088667322f80ac48bad5e6c4,1782777639,107153347,-4893057759022960310625,2141299589841520580277,0x8159b453ff9dee8a4bd77b93702f7b62839858ea5bb2f0e5079a7b35af82a4fe
0x238a358808379702088667322f80ac48bad5e6c4,1782777639,107153347,-30752895736864633467935,42215518921012090495,0x0fcb58303ec6a644e0e1a94ba90d20d16e530418dba7ee0b84db1d00cfb0c88d
0x238a358808379702088667322f80ac48bad5e6c4,1782777639,107153347,-1906447607272726507278,151923876223267115076,0x0fcb58303ec6a644e0e1a94ba90d20d16e530418dba7ee0b84db1d00cfb0c88d
0x238a358808379702088667322f80ac48bad5e6c4,1782777639,107153347,-30702895736864633467935,50000000000000000000,0xfbe4361ecf643914165ff19d1206fb121d165e48418d9e785db5418467bc0a15
0x238a358808379702088667322f80ac48bad5e6c4,1782777639,107153347,-1766023309253698648277,140424298019027859001,0x926d30d91251c602b1e3ad215529d9101f6e08432586d893ed3414340eb9793a
0x238a358808379702088667322f80ac48bad5e6c4,1782777639,107153347,-30665143904282293552688,37751832582339915247,0x8159b453ff9dee8a4bd77b93702f7b62839858ea5bb2f0e5079a7b35af82a4fe
0x238a358808379702088667322f80ac48bad5e6c4,1782777639,107153347,-30704154989028542268442,39011084746248715754,0x926d30d91251c602b1e3ad215529d9101f6e08432586d893ed3414340eb9793a
0x238a358808379702088667322f80ac48bad5e6c4,1782777639,107153347,-1473469771678022316448,292553537575676331829,0x3e46812f3e43634b92f9dd10088ba34927c6642ac59e4035f5635201a5ebfb8d
0x238a358808379702088667322f80ac48bad5e6c4,1782777639,107153347,1447157380817520924683,30370546523750855550,0xc522dc169ad82baecb1d070c36bc017da2d9229f8b9a1572be3cd9cdecfe8a36
0x238a358808379702088667322f80ac48bad5e6c4,1782777639,107153347,-30787620511035892263540,83465522007349995098,0xc522dc169ad82baecb1d070c36bc017da2d9229f8b9a1572be3cd9cdecfe8a36
0x238a358808379702088667322f80ac48bad5e6c4,1782777639,107153347,-30868865236339859647537,81244725303967383997,0x3e46812f3e43634b92f9dd10088ba34927c6642ac59e4035f5635201a5ebfb8d
0x238a358808379702088667322f80ac48bad5e6c4,1782777639,107153348,-903994987324050755966,780343627078826113530,0xbd7fbe18ac714f18a90151e2b7732cc3bbe3a2b1ff8f5257355e6f24e7ffe6b4
0x238a358808379702088667322f80ac48bad5e6c4,1782777639,107153348,-31216605843109986140752,347740606770126493215,0x75a8151de00236478d3ce15c8ada9e9f43886ca069b327521c6a654f744cc55a
0x238a358808379702088667322f80ac48bad5e6c4,1782777639,107153348,-31205957664708048873752,10648178401937267000,0xe238d8a0207764aa2619830b77ecee98178e61ea72b6899397b0c235bb442168
0x238a358808379702088667322f80ac48bad5e6c4,1782777639,107153348,-611259577875906049046768,406742316965853971046,0xe238d8a0207764aa2619830b77ecee98178e61ea72b6899397b0c235bb442168
0x238a358808379702088667322f80ac48bad5e6c4,1782777639,107153348,-31207838563291197939968,1880898583149066216,0xda61135d5a4eb0e4873dfd388d988284595e37b8a0b137396c15fc32e291d16f
0x238a358808379702088667322f80ac48bad5e6c4,1782777640,107153349,58985131,30990622,0xaf1799fcbde156b0eb548a9c32dd03c0b0178992763f567aa4b850d38851bd8a
0x238a358808379702088667322f80ac48bad5e6c4,1782777640,107153349,-30972749402470476449858,235089160820721490110,0x402f3fd80f2d15bf177671c754c6a3f0180752e8b15ed1fb769522a30fdfc214
0x238a358808379702088667322f80ac48bad5e6c4,1782777640,107153349,6706796149558780327183,490050812283515454415,0x9d25d0534bd753aae78156a0fc97e6fa60100864409fba0c086ca69934104ff9
0x238a358808379702088667322f80ac48bad5e6c4,1782777640,107153349,-31166396437451470971214,193647034980994521356,0x9d25d0534bd753aae78156a0fc97e6fa60100864409fba0c086ca69934104ff9
0x238a358808379702088667322f80ac48bad5e6c4,1782777640,107153349,-144808789876210520446,759186197447840235520,0x2668c4c9b7949072afd6941b5fa3c4dc0b15fd35d884cffc00b6ba0d8b286258
0x238a358808379702088667322f80ac48bad5e6c4,1782777640,107153349,-31099387985526243893582,67008451925227077632,0xaf1799fcbde156b0eb548a9c32dd03c0b0178992763f567aa4b850d38851bd8a
0x238a358808379702088667322f80ac48bad5e6c4,1782777640,107153349,-30814525726933918617305,284862258592325276277,0x9d135dc73af3768ccfd263e296d9b13abaed6ad0f450a13cfe61a465a113f14f
0x238a358808379702088667322f80ac48bad5e6c4,1782777640,107153349,753942675237518360973,819341840566097178908,0x402f3fd80f2d15bf177671c754c6a3f0180752e8b15ed1fb769522a30fdfc214
0x238a358808379702088667322f80ac48bad5e6c4,1782777640,107153349,727231318837657191933,727231318837657191933,0x402f3fd80f2d15bf177671c754c6a3f0180752e8b15ed1fb769522a30fdfc214
0x238a358808379702088667322f80ac48bad5e6c4,1782777640,107153349,47565848,11419283,0x0398eb589e8bbc94e5e55ff456e5ee63d5aa83e74ce92409544a114bf169e607
0x238a358808379702088667322f80ac48bad5e6c4,1782777640,107153349,-30789812630158564686754,24713096775353930551,0x0398eb589e8bbc94e5e55ff456e5ee63d5aa83e74ce92409544a114bf169e607
0x238a358808379702088667322f80ac48bad5e6c4,1782777640,107153349,469146223945527296311,145723371780296000000,0x3bfc60df9d51aac392311b913909be8d94f3472fc15dc90c29f78f51222939ce
0x238a358808379702088667322f80ac48bad5e6c4,1782777640,107153349,21793440559172784117310,1556214266749848956150,0x9d135dc73af3768ccfd263e296d9b13abaed6ad0f450a13cfe61a465a113f14f
0x238a358808379702088667322f80ac48bad5e6c4,1782777640,107153349,-30965148879076060401606,175336248917495714852,0x402f3fd80f2d15bf177671c754c6a3f0180752e8b15ed1fb769522a30fdfc214
0x238a358808379702088667322f80ac48bad5e6c4,1782777640,107153350,-30787155949020708934285,177992930055351467321,0xe1eef43c362f9c0b94dabb35d25a70e8b9137841d7e8452d6334110415ab1822
0x238a358808379702088667322f80ac48bad5e6c4,1782777640,107153350,1382408840298518012931,64748540519002911752,0xe1eef43c362f9c0b94dabb35d25a70e8b9137841d7e8452d6334110415ab1822
0x238a358808379702088667322f80ac48bad5e6c4,1782777640,107153350,-30782350629526540270221,4805319494168664064,0x6b3a41091394e8a76a72bf475842b642df6517a129be4be8a02beb6c3b5e2275
0x238a358808379702088667322f80ac48bad5e6c4,1782777640,107153350,-820291797923395789705,1008968880489236449659,0x343e9e672cb17f2b3e4a09909b1ef9924c76742ab24d16d4f8a720fb68c389d9
0x238a358808379702088667322f80ac48bad5e6c4,1782777640,107153350,-30836490524321624811891,54139894795084541670,0xee5bea1afbe4538cb36f583be7b734b5b5c5722fb1e08ccbe2f639832ca885d3
0x238a358808379702088667322f80ac48bad5e6c4,1782777640,107153350,634556736003454545538,779365525879665065984,0xd300703bbf199c3c4cb0a60d8a0629a11a96780c285f0dc5f68f4653631922c5
0x238a358808379702088667322f80ac48bad5e6c4,1782777640,107153350,-43429293151922091002424,21204353095989009565258,0x73c351cc3faa3deb0b26bdabdd0f1eb16677dc6ad05b933b5dd62c3a63e02572
0x238a358808379702088667322f80ac48bad5e6c4,1782777640,107153350,325688957319740096180256,11761045832377900000000,0xee5bea1afbe4538cb36f583be7b734b5b5c5722fb1e08ccbe2f639832ca885d3
0x238a358808379702088667322f80ac48bad5e6c4,1782777640,107153351,-347532801106018624303,663591543836667938616,0x1bd3bf9f89cbe97b00662a66c6ca308f7266b20415d839dec802eaad77404b86
0x238a358808379702088667322f80ac48bad5e6c4,1782777640,107153351,1667818137280838281271,301776532809312747567,0x6690eb96adde8de4aa7320c8cc99d16e90a7aa214a7405c158c65eb107925ca2
0x238a358808379702088667322f80ac48bad5e6c4,1782777640,107153351,-30329292755724559726798,507197768597065085093,0x1bd3bf9f89cbe97b00662a66c6ca308f7266b20415d839dec802eaad77404b86
0x238a358808379702088667322f80ac48bad5e6c4,1782777640,107153351,-4495509300438334743690,338635029317310006838,0xe16b82511bd7669e911abdd44947d8f3406b39654ab69c2e0b25b5e674297ae3
0x238a358808379702088667322f80ac48bad5e6c4,1782777640,107153351,-29990296923150777144397,338995832573782582401,0xe16b82511bd7669e911abdd44947d8f3406b39654ab69c2e0b25b5e674297ae3
0x238a358808379702088667322f80ac48bad5e6c4,1782777640,107153351,-30232035037768605400288,241738114617828255891,0x4d797412abfc91abea11d39f35b178cf9b09c784be62490b5d76b55fbca0d3c1
0x238a358808379702088667322f80ac48bad5e6c4,1782777640,107153351,186463318801562053941,448093417201892491597,0x1bd3bf9f89cbe97b00662a66c6ca308f7266b20415d839dec802eaad77404b86
0x238a358808379702088667322f80ac48bad5e6c4,1782777640,107153351,-30216877258187809200288,15157779580796200000,0x6690eb96adde8de4aa7320c8cc99d16e90a7aa214a7405c158c65eb107925ca2
0x238a358808379702088667322f80ac48bad5e6c4,1782777640,107153351,-35775407249964032904,222238726051526086845,0xc84bc29ab19ef5368b1aa03207c60e6078cf30ccd515d44131b094a8a6909ec6
0x238a358808379702088667322f80ac48bad5e6c4,1782777641,107153352,-30375552906584815301782,158675648397006101494,0x37819529c0ccd1d7dc6188069ed421c455b214f362f935e3a66cf5c4cbfd47e0
0x238a358808379702088667322f80ac48bad5e6c4,1782777641,107153352,-296224895594241457404,906000000000000000000,0x64ff0e0eb5adc6414538ccac2ef95a7174e484ba3ad48d25ff659d5a1f80ea6f
0x238a358808379702088667322f80ac48bad5e6c4,1782777641,107153352,-30495477216937402191994,119924310352586890212,0x64ff0e0eb5adc6414538ccac2ef95a7174e484ba3ad48d25ff659d5a1f80ea6f
0x238a358808379702088667322f80ac48bad5e6c4,1782777641,107153352,-831335038,103142711,0xb9e0f0b64e4f8ef67a1e8c677cbcb938e1a4c0308b531bd6bc1747b388e0dbb7
0x238a358808379702088667322f80ac48bad5e6c4,1782777641,107153352,-30846841154001202509677,351363937063800317683,0x53580bbd34355ec03845f822030ecf2db466486ff86de4cd3aa32668c6973993
0x238a358808379702088667322f80ac48bad5e6c4,1782777641,107153352,-4396994024243031914883,98515276195302828807,0x37819529c0ccd1d7dc6188069ed421c455b214f362f935e3a66cf5c4cbfd47e0
0x238a358808379702088667322f80ac48bad5e6c4,1782777641,107153352,-30877002164580538962630,30161010579336452953,0x201452be406231a2b4d03f7dc7078986c5c886ddfecd5cf75a9fac11c6402a6e
0x238a358808379702088667322f80ac48bad5e6c4,1782777641,107153352,-1011402866,180067828,0x37819529c0ccd1d7dc6188069ed421c455b214f362f935e3a66cf5c4cbfd47e0
0x238a358808379702088667322f80ac48bad5e6c4,1782777641,107153352,1449223412838981885433,66814572540463872502,0xb9e0f0b64e4f8ef67a1e8c677cbcb938e1a4c0308b531bd6bc1747b388e0dbb7
0x238a358808379702088667322f80ac48bad5e6c4,1782777641,107153352,-605196035880667420516448,6063541995238628530320,0x37819529c0ccd1d7dc6188069ed421c455b214f362f935e3a66cf5c4cbfd47e0
0x238a358808379702088667322f80ac48bad5e6c4,1782777641,107153352,-4340526036949795646155,56467987293236268728,0xb9e0f0b64e4f8ef67a1e8c677cbcb938e1a4c0308b531bd6bc1747b388e0dbb7
0x238a358808379702088667322f80ac48bad5e6c4,1782777641,107153352,-31060637408363984875032,183635243783445912402,0xb9e0f0b64e4f8ef67a1e8c677cbcb938e1a4c0308b531bd6bc1747b388e0dbb7
0x238a358808379702088667322f80ac48bad5e6c4,1782777641,107153353,-556877061628473218487,175139490019164000000,0x0758a708febbdb66d7f8357f26ecc7a48bfd0523ccfc68fda00db9fb914dae18
0x238a358808379702088667322f80ac48bad5e6c4,1782777641,107153353,19885348746702219237771,1908091812470564879539,0xc5bfba1f58c389fc6afd98b31f98419fe113950b969e51a0c2730fb003854333
0x238a358808379702088667322f80ac48bad5e6c4,1782777641,107153353,-31244229776374284480539,183592368010299605507,0x2306a9bad27192efd114248915835a05e62a7f98cc27e7ff1a197c0a2fb70fb7
0x238a358808379702088667322f80ac48bad5e6c4,1782777641,107153353,1489111103636567016675,761879784798909824742,0x2306a9bad27192efd114248915835a05e62a7f98cc27e7ff1a197c0a2fb70fb7
0x238a358808379702088667322f80ac48bad5e6c4,1782777641,107153353,-648114325813437040739,351889430219195583335,0x6ce108eae7ac501dfc262171e0bb223a0e7903514fdd34ccae9e7deb5b618260
0x238a358808379702088667322f80ac48bad5e6c4,1782777641,107153353,-612612356991020764961115,7416321110353344444667,0x9b9c3e070ff822da6fecbbb6a0082de18d7d0938a8735127db3bad32d879cb9f
0x238a358808379702088667322f80ac48bad5e6c4,1782777641,107153353,-31197646138946174172262,46583637428110308277,0x6ce108eae7ac501dfc262171e0bb223a0e7903514fdd34ccae9e7deb5b618260
0x238a358808379702088667322f80ac48bad5e6c4,1782777641,107153353,-30848392886821097411549,349253252125076760713,0xc5bfba1f58c389fc6afd98b31f98419fe113950b969e51a0c2730fb003854333
0x238a358808379702088667322f80ac48bad5e6c4,1782777642,107153354,1772935259359661675516,283824155723094658841,0xc68ee108a70c7f3a019126f1503b52f8b8b4511dbf9bc03be0f5b082d1a73e2e
0x238a358808379702088667322f80ac48bad5e6c4,1782777642,107153354,-1438947176368507405445,790832850555070364706,0xa0df13ffcc78184e7df61d1eb3c5d63828c3208da5ba86dfcc268a057397bae7
0x238a358808379702088667322f80ac48bad5e6c4,1782777642,107153354,-4292899259264313375925,47626777685482270230,0x39f131950dbba8961143ac12a75ae688a37de49777aef44e8084a39ad73c7454
0x238a358808379702088667322f80ac48bad5e6c4,1782777642,107153354,-617226943831331364248004,4614586840310599286889,0x34b78c6c7759fb356fa983b708e8ac3d075758c7cd75f4a5f13c11fbe3631f51
0x238a358808379702088667322f80ac48bad5e6c4,1782777642,107153354,-30727555489581258622322,120837397239838789227,0x34b78c6c7759fb356fa983b708e8ac3d075758c7cd75f4a5f13c11fbe3631f51
0x238a358808379702088667322f80ac48bad5e6c4,1782777642,107153354,-30857836772180361617287,130281282599102994965,0x34b78c6c7759fb356fa983b708e8ac3d075758c7cd75f4a5f13c11fbe3631f51
0x238a358808379702088667322f80ac48bad5e6c4,1782777642,107153354,7036578768206982217884,329782618648201890701,0x34b78c6c7759fb356fa983b708e8ac3d075758c7cd75f4a5f13c11fbe3631f51
0x238a358808379702088667322f80ac48bad5e6c4,1782777642,107153354,-30753126340938372467700,104710431241989149587,0xa0df13ffcc78184e7df61d1eb3c5d63828c3208da5ba86dfcc268a057397bae7
0x238a358808379702088667322f80ac48bad5e6c4,1782777642,107153354,-30821494733021340388473,68368392082967920773,0xc68ee108a70c7f3a019126f1503b52f8b8b4511dbf9bc03be0f5b082d1a73e2e
0x238a358808379702088667322f80ac48bad5e6c4,1782777642,107153354,-1098402866,87000000,0x39f131950dbba8961143ac12a75ae688a37de49777aef44e8084a39ad73c7454
0x238a358808379702088667322f80ac48bad5e6c4,1782777642,107153355,-1880578519930924811345,441631343562417405900,0x5859a0508e437af051e7a9915d9e06edb950bec97ceea5c3e1dce8de50cf2f37
0x238a358808379702088667322f80ac48bad5e6c4,1782777642,107153355,-619135938104950173681709,1908994273618809433705,0x9adaed073174d80dcd7006d10bbb5082f7b16e6190792e5f46dc8197cdaf6bbd
0x238a358808379702088667322f80ac48bad5e6c4,1782777642,107153355,-30771494733021340388473,50000000000000000000,0x9adaed073174d80dcd7006d10bbb5082f7b16e6190792e5f46dc8197cdaf6bbd
0x238a358808379702088667322f80ac48bad5e6c4,1782777642,107153355,-30713009079887056611208,58485653134283777265,0x5859a0508e437af051e7a9915d9e06edb950bec97ceea5c3e1dce8de50cf2f37
0x238a358808379702088667322f80ac48bad5e6c4,1782777643,107153356,-30555843726097607612183,157165353789448999025,0x972c61bb224a54dc626a467d7c5faf221ea3a21da68cdd0afd292d5aa2b9b82f
0x238a358808379702088667322f80ac48bad5e6c4,1782777643,107153356,-625134871289836459062090,5998933184886285380381,0x972c61bb224a54dc626a467d7c5faf221ea3a21da68cdd0afd292d5aa2b9b82f
0x238a358808379702088667322f80ac48bad5e6c4,1782777643,107153356,-610835719450770453762,8370227001917371419,0x18d06a48c0c1f2f191afa07df076cc62ec2cdbd122b314d163f674b7ccd1d170
0x238a358808379702088667322f80ac48bad5e6c4,1782777643,107153356,-30505843726097607612183,50000000000000000000,0x5be146c95aa6a66ca2afbddf14d01afd52bcbcfc493432d17ee5de34673b9d9c
0x238a358808379702088667322f80ac48bad5e6c4,1782777643,107153356,-619212252917010268360,8376533466239814598,0x5be146c95aa6a66ca2afbddf14d01afd52bcbcfc493432d17ee5de34673b9d9c
0x238a358808379702088667322f80ac48bad5e6c4,1782777643,107153356,-30871842176747097843723,365998450649490231540,0xb6cf7a0f4e57855500a8a107d7c10320ef1d4f088df649ab6c46b8cc4ea99278
0x238a358808379702088667322f80ac48bad5e6c4,1782777643,107153356,-30821842176747097843723,50000000000000000000,0x18d06a48c0c1f2f191afa07df076cc62ec2cdbd122b314d163f674b7ccd1d170
0x238a358808379702088667322f80ac48bad5e6c4,1782777643,107153357,-30771842176747097843723,50000000000000000000,0x55f11f0436b70579f7258eb175a2678096698f39def86ad3dd3c44d92460a343
0x238a358808379702088667322f80ac48bad5e6c4,1782777643,107153357,-1142445393,44042527,0x865205a9f95ed2f83f8da4f85d1c44fdf27f1e7c4abd8d827311034414a2d79f
0x238a358808379702088667322f80ac48bad5e6c4,1782777643,107153357,-30690319106979818685832,81523069767279157891,0x4c76aca0b83d417626e93940cb97ecffccda7f8b651b3a4bab3c713f0269a3cb
0x238a358808379702088667322f80ac48bad5e6c4,1782777643,107153357,-32764036668409090763181,2073717561429272077349,0x6e9f943d6ce2631bc8cbe2461e9925cd13db0b99effd2307f80e33aac691b169
0x238a358808379702088667322f80ac48bad5e6c4,1782777643,107153357,-32772178031783609220735,8141363374518457554,0x0236b1b0c2a2b020acfdbd8ab66e96d326825b17a48af7e17fce503887cdd1e6
0x238a358808379702088667322f80ac48bad5e6c4,1782777643,107153357,-624824183991933319018473,310687297903140043617,0x0236b1b0c2a2b020acfdbd8ab66e96d326825b17a48af7e17fce503887cdd1e6
0x238a358808379702088667322f80ac48bad5e6c4,1782777643,107153357,-32722178031783609220735,50000000000000000000,0x3fbd2f1a394942b81d0e97255c57b5b1161699b057a43d26c9e3675e563d6947
0x238a358808379702088667322f80ac48bad5e6c4,1782777643,107153357,-627576180573873556211,8363927656863287851,0x3fbd2f1a394942b81d0e97255c57b5b1161699b057a43d26c9e3675e563d6947
0x238a358808379702088667322f80ac48bad5e6c4,1782777643,107153357,-635933815994239377476,8357635420365821265,0x55f11f0436b70579f7258eb175a2678096698f39def86ad3dd3c44d92460a343
0x238a358808379702088667322f80ac48bad5e6c4,1782777643,107153357,-1267952539,125507146,0xc7c2600b7e30107d14f2270f5875b71eb6b0bccede64ac51ad5760be2b6e12b8
0x238a358808379702088667322f80ac48bad5e6c4,1782777643,107153357,-4224110858357991816633,68788400906321559292,0xc7c2600b7e30107d14f2270f5875b71eb6b0bccede64ac51ad5760be2b6e12b8
0x238a358808379702088667322f80ac48bad5e6c4,1782777643,107153357,32251920420943657126,1075240068405576261,0x367966104b3ce0619afc3cb308d542fdc2fa6168cdeb462b2227736413ee06cc
0x238a358808379702088667322f80ac48bad5e6c4,1782777643,107153357,-32726184807274861642211,4006775491252421476,0x367966104b3ce0619afc3cb308d542fdc2fa6168cdeb462b2227736413ee06cc
0x238a358808379702088667322f80ac48bad5e6c4,1782777643,107153357,-627934915084313720730651,3110731092380401712178,0x4c76aca0b83d417626e93940cb97ecffccda7f8b651b3a4bab3c713f0269a3cb
0x238a358808379702088667322f80ac48bad5e6c4,1782777643,107153357,-4199988011382129316633,24122846975862500000,0x865205a9f95ed2f83f8da4f85d1c44fdf27f1e7c4abd8d827311034414a2d79f
0x238a358808379702088667322f80ac48bad5e6c4,1782777643,107153357,-356122720388258978430,1757737362840380000000,0x9ec7cdd135f7f3279d4181c498e6cba66cd850b856afab70aa95862a80ba1a3b
0x238a358808379702088667322f80ac48bad5e6c4,1782777644,107153358,69886232154,30005892106,0x4ddcfee0974a46b3bec282e27dba7fc582558e38fbb6d6f1fc655fb464c994f5
0x238a358808379702088667322f80ac48bad5e6c4,1782777644,107153358,-81051223211183034446,194727863176062833747,0xc92061f86eaf517d0af9305eb32b3e620f920f3e8aab884d4fa35e820f24766a
0x238a358808379702088667322f80ac48bad5e6c4,1782777644,107153358,-32785831547630727599206,59646740355865956995,0x4ddcfee0974a46b3bec282e27dba7fc582558e38fbb6d6f1fc655fb464c994f5
0x238a358808379702088667322f80ac48bad5e6c4,1782777644,107153358,-32854617472857781294542,68785925227053695336,0x9c5b661927566e3c4973f15ddcd1534321b43ff103c69ea43f53063c16b46887
0x238a358808379702088667322f80ac48bad5e6c4,1782777644,107153358,-33060089338330188913006,205471865472407618464,0xb8a5ca60846a68626529d74d0aa73af34a2da17728216a7dbfa08ac02b438ce5
0x238a358808379702088667322f80ac48bad5e6c4,1782777644,107153358,-4240570449064222162107,40582437682092845474,0xa0363c8c95aef56266dfb4de024bf4d747380c5ccaaf4addfa8fac01e30e9d4b
0x238a358808379702088667322f80ac48bad5e6c4,1782777644,107153358,-1208008301,59944238,0xb30dae18e2998ffecb8cd9cbaa030e8e8e5cea1417b1a4676c84e87f81ca6f5c
0x238a358808379702088667322f80ac48bad5e6c4,1782777644,107153358,-625313707630770251613595,2621207453543469117056,0x9c5b661927566e3c4973f15ddcd1534321b43ff103c69ea43f53063c16b46887
0x238a358808379702088667322f80ac48bad5e6c4,1782777644,107153358,-4273426889797241334033,32856440733019171926,0xb30dae18e2998ffecb8cd9cbaa030e8e8e5cea1417b1a4676c84e87f81ca6f5c
0x238a358808379702088667322f80ac48bad5e6c4,1782777644,107153358,-33090060268815268695908,29970930485079782902,0xe5e3b2819f6def3cebfd433e28a5801e3f6e3ec4e447acb166d1aa7cd4d9c611
0x238a358808379702088667322f80ac48bad5e6c4,1782777644,107153358,-4243309974538034948177,30116915259206385856,0xc92061f86eaf517d0af9305eb32b3e620f920f3e8aab884d4fa35e820f24766a
0x238a358808379702088667322f80ac48bad5e6c4,1782777644,107153358,-111190571649652985380,30139348438469950934,0xc92061f86eaf517d0af9305eb32b3e620f920f3e8aab884d4fa35e820f24766a
0x238a358808379702088667322f80ac48bad5e6c4,1782777644,107153358,-625064553470256817279380,249154160513434334215,0xc92061f86eaf517d0af9305eb32b3e620f920f3e8aab884d4fa35e820f24766a
0x238a358808379702088667322f80ac48bad5e6c4,1782777644,107153358,-4573529635896151106571,330219661358116158394,0xc92061f86eaf517d0af9305eb32b3e620f920f3e8aab884d4fa35e820f24766a
0x238a358808379702088667322f80ac48bad5e6c4,1782777644,107153358,219280585160296498305,330471156809949483685,0xc92061f86eaf517d0af9305eb32b3e620f920f3e8aab884d4fa35e820f24766a
0x238a358808379702088667322f80ac48bad5e6c4,1782777644,107153358,-617237489323427278567830,7827064146829538711550,0xb8a5ca60846a68626529d74d0aa73af34a2da17728216a7dbfa08ac02b438ce5
0x238a358808379702088667322f80ac48bad5e6c4,1782777644,107153358,-616095247754991986852151,1142241568435291715679,0xe5e3b2819f6def3cebfd433e28a5801e3f6e3ec4e447acb166d1aa7cd4d9c611
0x238a358808379702088667322f80ac48bad5e6c4,1782777644,107153358,24552721984233664558,194727863176062833747,0xc92061f86eaf517d0af9305eb32b3e620f920f3e8aab884d4fa35e820f24766a
0x238a358808379702088667322f80ac48bad5e6c4,1782777644,107153358,-33096602737442062254247,6542468626793558339,0xc92061f86eaf517d0af9305eb32b3e620f920f3e8aab884d4fa35e820f24766a
0x238a358808379702088667322f80ac48bad5e6c4,1782777644,107153358,-32288074511558552385578,808528225883509868669,0x01a8f1dc8e49c7e1ea4f66c06935c29b26552111686a9ce889f5d8bc6f40cd69
0x238a358808379702088667322f80ac48bad5e6c4,1782777644,107153358,-1133929384,74078917,0xa0363c8c95aef56266dfb4de024bf4d747380c5ccaaf4addfa8fac01e30e9d4b
0x238a358808379702088667322f80ac48bad5e6c4,1782777644,107153358,-615839911818801595288910,255335936190391563241,0xc92061f86eaf517d0af9305eb32b3e620f920f3e8aab884d4fa35e820f24766a
0x238a358808379702088667322f80ac48bad5e6c4,1782777644,107153358,-646656338421486430234582,30816426602684834945672,0x01a8f1dc8e49c7e1ea4f66c06935c29b26552111686a9ce889f5d8bc6f40cd69
0x238a358808379702088667322f80ac48bad5e6c4,1782777644,107153358,-4768112938779887676830,194583302883736570259,0xc92061f86eaf517d0af9305eb32b3e620f920f3e8aab884d4fa35e820f24766a
0x238a358808379702088667322f80ac48bad5e6c4,1782777644,107153358,-32294779421459332754403,6704909900780368825,0xc92061f86eaf517d0af9305eb32b3e620f920f3e8aab884d4fa35e820f24766a
0x238a358808379702088667322f80ac48bad5e6c4,1782777644,107153358,-4573533312755489772524,194579626024397904306,0xc92061f86eaf517d0af9305eb32b3e620f920f3e8aab884d4fa35e820f24766a
0x238a358808379702088667322f80ac48bad5e6c4,1782777644,107153359,-4516840728927218388318,56692583828271384206,0xe712e6bf2ec250b4435cfd1d0de44571f99587689c02c04ade581c2302c70fa1
0x238a358808379702088667322f80ac48bad5e6c4,1782777644,107153359,-645202031655264451718499,1454306766221978516083,0x5e4b6f73f1fb825ef3370a09ae9e1343bbedd1f5ccbe85e32c81086e9232988b
0x238a358808379702088667322f80ac48bad5e6c4,1782777644,107153359,184154011821428581010,4700994740748646969328,0x72024b9640c46265d82132ed20f87943b544d90abe3f6c10854d766fa1d4a456
0x238a358808379702088667322f80ac48bad5e6c4,1782777644,107153359,-47686741005611522777530,15391961584152190023127,0x1f99f91dca0d87a1aaa66b75823ea9b26227768fa66cf95f57b4c6ad0e74a9c3
0x238a358808379702088667322f80ac48bad5e6c4,1782777644,107153359,-33399846970211778173214,14286894035399744604316,0x476f1effb99ae429bc77867007436ffc00999d471bfaec8838ad5d7f61d1aec4
0x238a358808379702088667322f80ac48bad5e6c4,1782777644,107153359,912232101388472025088,912232101388472025088,0xc16a2ed17c1ce2eb4280f6214bde72928d5428b719f7f15e21e470c0f3bacc92
0x238a358808379702088667322f80ac48bad5e6c4,1782777644,107153359,4095015509611736092896,3182783408223264067808,0x44e7b6d95dde157627cf1d89e97fc14f97e487f2a85b30d59fdc183f3132bca1
0x238a358808379702088667322f80ac48bad5e6c4,1782777644,107153359,15559691140277087010031,15375537128455658429021,0x1f99f91dca0d87a1aaa66b75823ea9b26227768fa66cf95f57b4c6ad0e74a9c3
0x238a358808379702088667322f80ac48bad5e6c4,1782777644,107153359,10769120858613815774892,4790570281663271235139,0x4fa8c05038e0f74aaeabe08a332c02117b3d8248cb0fc086ffdb07bddc46f53e
0x238a358808379702088667322f80ac48bad5e6c4,1782777644,107153359,-28604224911924769730937,4795622058287008442277,0x4fa8c05038e0f74aaeabe08a332c02117b3d8248cb0fc086ffdb07bddc46f53e
0x238a358808379702088667322f80ac48bad5e6c4,1782777644,107153359,-28642412234243631382014,38187322318861651077,0x5e4b6f73f1fb825ef3370a09ae9e1343bbedd1f5ccbe85e32c81086e9232988b
0x238a358808379702088667322f80ac48bad5e6c4,1782777644,107153359,-28661886191105183414953,19473956861552032939,0xb757cfb90f881fd87e1886059339e8f3ad08ef19cf170221686bd70ff9ae6a20
0x238a358808379702088667322f80ac48bad5e6c4,1782777644,107153359,-28676354356374470611633,14468165269287196680,0x6803005e385392ed4ea4426142a8ff1dc3cbb2a9fdb2382538c7e1298729e655
0x238a358808379702088667322f80ac48bad5e6c4,1782777644,107153359,-644650995510456382467851,551036144808069250648,0x6803005e385392ed4ea4426142a8ff1dc3cbb2a9fdb2382538c7e1298729e655
0x238a358808379702088667322f80ac48bad5e6c4,1782777644,107153359,-28977059032308056660833,300704675933586049200,0x746e16a83537afe35c555d7e1c1a900936f2f486323c2d8915dbd71553b75fd2
0x238a358808379702088667322f80ac48bad5e6c4,1782777644,107153359,-3502011986955250258626,14271132845569066033518,0x476f1effb99ae429bc77867007436ffc00999d471bfaec8838ad5d7f61d1aec4
0x238a358808379702088667322f80ac48bad5e6c4,1782777644,107153359,-28659551499350178807056,317507532957877853777,0x76de5df9be44143f38f9901d5999f462ba302dc5ab9d140f04e653f22da62db7
0x238a358808379702088667322f80ac48bad5e6c4,1782777644,107153359,6898093475825955005112,2803077966214218912216,0x32ae00c863fa3dce2ac87765e72bd029883a400465cd464ee939fbdee9857d7c
0x238a358808379702088667322f80ac48bad5e6c4,1782777644,107153359,-1237383175,103453791,0xe712e6bf2ec250b4435cfd1d0de44571f99587689c02c04ade581c2302c70fa1
0x238a358808379702088667322f80ac48bad5e6c4,1782777644,107153359,422488032620950893711,1245330104659887387560,0xeeeb0e2b77d76837a11397b673237bd5b830f018b1b107e173bca3cf5a0eb85c
0x238a358808379702088667322f80ac48bad5e6c4,1782777644,107153359,-656744801370645222209170,12093805860188839741319,0x76de5df9be44143f38f9901d5999f462ba302dc5ab9d140f04e653f22da62db7
0x238a358808379702088667322f80ac48bad5e6c4,1782777644,107153359,-33365934371643857907727,4706382872293679100671,0x72024b9640c46265d82132ed20f87943b544d90abe3f6c10854d766fa1d4a456
0x238a358808379702088667322f80ac48bad5e6c4,1782777644,107153359,-656003081276329921557922,741720094315300651248,0xb757cfb90f881fd87e1886059339e8f3ad08ef19cf170221686bd70ff9ae6a20
0x238a358808379702088667322f80ac48bad5e6c4,1782777644,107153359,-33303350808483143041592,62583563160714866135,0xeeeb0e2b77d76837a11397b673237bd5b830f018b1b107e173bca3cf5a0eb85c
0x238a358808379702088667322f80ac48bad5e6c4,1782777645,107153360,1970728731498749259806,3000000000000000000000,0x7a8e8ca0949f8eb2de889f1fc4bfdb8956bcef6766408a536ada0b7967063ad7
0x238a358808379702088667322f80ac48bad5e6c4,1782777645,107153360,-33318454072467014784153,15103263983871742561,0x6b9449821199c69b03c408ba35331b2e33d0bf5a2027fde12e66c30ca3e9cb71
0x238a358808379702088667322f80ac48bad5e6c4,1782777645,107153360,-33318547527022549941082,93454555535156929,0x7a8e8ca0949f8eb2de889f1fc4bfdb8956bcef6766408a536ada0b7967063ad7
0x238a358808379702088667322f80ac48bad5e6c4,1782777645,107153360,-654467454562064759790448,1535626714265161767474,0xc280a35470f99e8fc771f36e9f236730921fbe05de6e381f1a8d6accda5fa297
0x238a358808379702088667322f80ac48bad5e6c4,1782777645,107153360,-33358862462455542414748,40314935432992473666,0xc280a35470f99e8fc771f36e9f236730921fbe05de6e381f1a8d6accda5fa297
0x238a358808379702088667322f80ac48bad5e6c4,1782777645,107153360,77486991135,7600758981,0x6b9449821199c69b03c408ba35331b2e33d0bf5a2027fde12e66c30ca3e9cb71
0x238a358808379702088667322f80ac48bad5e6c4,1782777645,107153360,-33452223563435164187675,93361100979621772927,0x7a8e8ca0949f8eb2de889f1fc4bfdb8956bcef6766408a536ada0b7967063ad7
0x238a358808379702088667322f80ac48bad5e6c4,1782777645,107153361,-33481010397521376047410,28786834086211859735,0x0e2482b024485c4bfec26d030b939b6ff2e15fd6f68055eb7adcf6ff1a811e39
0x238a358808379702088667322f80ac48bad5e6c4,1782777645,107153361,-33314892270792772907314,166118126728603140096,0x7f3d0b2d60d6dba829a1b14ce09c13029dcdbdf2094f823033629adb9d222e0b
0x238a358808379702088667322f80ac48bad5e6c4,1782777645,107153361,7636484306301126817884,599905538094144600000,0xdd08d6d01ce90ed1aca5751e24fb273e82f187e0d72955c61c3fea6f149dad9e
0x238a358808379702088667322f80ac48bad5e6c4,1782777645,107153361,162819318554104654555,259668714066846239156,0x8a1d67bbaf767c7d1e17b6fc9641b1f8ee5e6c7cf15f18295be43b3df5dced65
0x238a358808379702088667322f80ac48bad5e6c4,1782777645,107153361,-33301836125311289707314,13056145481483200000,0x8a1d67bbaf767c7d1e17b6fc9641b1f8ee5e6c7cf15f18295be43b3df5dced65
0x238a358808379702088667322f80ac48bad5e6c4,1782777645,107153361,8357485065982173496425,721000759681046678541,0xced67408ea087defcf0c46668e60c594908250985ef5145a81a87d5034bfc60d
0x238a358808379702088667322f80ac48bad5e6c4,1782777645,107153361,-33586340740887208586997,284504615575918879683,0xced67408ea087defcf0c46668e60c594908250985ef5145a81a87d5034bfc60d
0x238a358808379702088667322f80ac48bad5e6c4,1782777645,107153361,-3772898590008953250549,270886603053702991923,0xe20eef41a839e6c14cdf783cd56a1eac4042ceb666006931e6a85a3b58809d76
0x238a358808379702088667322f80ac48bad5e6c4,1782777645,107153361,10183184154408271900893,1825699088426098404468,0x2b5ebce57926ff0ef7c53e0affdb3706a896ddb938cd8504f38a2078d249acf5
0x238a358808379702088667322f80ac48bad5e6c4,1782777645,107153361,-34307384981114270556237,721044240227061969240,0x2b5ebce57926ff0ef7c53e0affdb3706a896ddb938cd8504f38a2078d249acf5
0x238a358808379702088667322f80ac48bad5e6c4,1782777645,107153361,-646750254500308254882577,7717200061756504907871,0x9a230505887c198967abe68b1042ebb9ddde2bb11e8b84cf1225c64b2df056d3
0x238a358808379702088667322f80ac48bad5e6c4,1782777645,107153361,-34509921136456038704056,202536155341768147819,0x9a230505887c198967abe68b1042ebb9ddde2bb11e8b84cf1225c64b2df056d3
0x238a358808379702088667322f80ac48bad5e6c4,1782777645,107153361,-3678035889551785988737,94862700457167261812,0xa61963c8f9aa5368f4f27ebc2622521f61fbcfb705ed86e5c36af38ec66be88f
0x238a358808379702088667322f80ac48bad5e6c4,1782777645,107153361,-24630897763481167048932,1599307658435640336704,0x7f3d0b2d60d6dba829a1b14ce09c13029dcdbdf2094f823033629adb9d222e0b
0x238a358808379702088667322f80ac48bad5e6c4,1782777645,107153361,-34604884141687777383704,94963005231738679648,0xa61963c8f9aa5368f4f27ebc2622521f61fbcfb705ed86e5c36af38ec66be88f
0x238a358808379702088667322f80ac48bad5e6c4,1782777645,107153361,-34841503653131900496387,236619511444123112683,0xdd08d6d01ce90ed1aca5751e24fb273e82f187e0d72955c61c3fea6f149dad9e
0x238a358808379702088667322f80ac48bad5e6c4,1782777645,107153361,10256117906330269312538,72933751921997411645,0x0e2482b024485c4bfec26d030b939b6ff2e15fd6f68055eb7adcf6ff1a811e39
0x238a358808379702088667322f80ac48bad5e6c4,1782777645,107153362,10339714847349601495991,83596941019332183453,0x94f318ffcb349a496ca98eca9a7e0c3621dbaa8bfe3c816283fee21dfbc2a53b
0x238a358808379702088667322f80ac48bad5e6c4,1782777645,107153362,60358689001,17128302134,0x94f318ffcb349a496ca98eca9a7e0c3621dbaa8bfe3c816283fee21dfbc2a53b
0x238a358808379702088667322f80ac48bad5e6c4,1782777645,107153362,2818278360431520275843,2818278360431520275843,0xc69133cff9f3691ad19c19d1bec1d426c2986ddbdc48356e06228c2d5b6b32ce
0x238a358808379702088667322f80ac48bad5e6c4,1782777645,107153362,-34827683263033424179866,13820390098476316521,0x0959b25130c428afcb0fc876ed8b38f8bc7b418da8793f5db435a5908d8d294e
0x238a358808379702088667322f80ac48bad5e6c4,1782777645,107153362,-34788122065099071399866,39561197934352780000,0x6a3b9ac26af1bab4775169ebd1dc70dac9d94ac5c659c35eed143f9b6ae6eadc
0x238a358808379702088667322f80ac48bad5e6c4,1782777645,107153362,-1969050504696967165564,4787328865128487441407,0xd344e3fa463ef971b49a1d292b9a64ad7543bf484bf7cfb0d96b1bdeddca07fe
0x238a358808379702088667322f80ac48bad5e6c4,1782777645,107153362,-7702602792435658904984,5733552287738691739420,0xaff7e32997596524c8bde01702a98451262ee84a1ac7084ddc423b6bac021312
0x238a358808379702088667322f80ac48bad5e6c4,1782777645,107153362,-34753015210169963345850,35106854929108054016,0x5af97aef188131f5b5794fad8ea358aa3c64074e337cd3346c50c5798de52166
0x238a358808379702088667322f80ac48bad5e6c4,1782777645,107153362,-1123404600106157106700,350065171571865209748,0xdb59e768c22aeabc64d34c2a458d014e14668ca1a466ef7ef26152ddec317c20
0x238a358808379702088667322f80ac48bad5e6c4,1782777645,107153362,-34850176280814840299645,97161070644876953795,0xdb59e768c22aeabc64d34c2a458d014e14668ca1a466ef7ef26152ddec317c20
0x238a358808379702088667322f80ac48bad5e6c4,1782777645,107153362,-535182922827403389138,698002241381508043693,0x5af97aef188131f5b5794fad8ea358aa3c64074e337cd3346c50c5798de52166
0x238a358808379702088667322f80ac48bad5e6c4,1782777645,107153362,-1257717017,20333842,0x20303332d66eb059c8a7c23ffd38e8860335d6329ab5b6fb670760fb41c6a632
0x238a358808379702088667322f80ac48bad5e6c4,1782777645,107153362,-34816131048421132757441,34045232393707542204,0x94f318ffcb349a496ca98eca9a7e0c3621dbaa8bfe3c816283fee21dfbc2a53b
0x238a358808379702088667322f80ac48bad5e6c4,1782777645,107153362,-34759524876474054328498,56606171947078428943,0xb1b8749d5f66a1dd44e38cd8e50d0d73207bdecc6c0159476a06cff4fbbd7893
0x238a358808379702088667322f80ac48bad5e6c4,1782777645,107153362,-34954509202490605736390,194984326016551407892,0xd7690ddcbeec3e5f447a8f9d9c017aec68d68d23cf228058237da1a0070a0a25
0x238a358808379702088667322f80ac48bad5e6c4,1782777645,107153362,-34987474870498201322659,32965668007595586269,0x94f318ffcb349a496ca98eca9a7e0c3621dbaa8bfe3c816283fee21dfbc2a53b
0x238a358808379702088667322f80ac48bad5e6c4,1782777645,107153362,-8850073859190238032327,1147471066754579127343,0x2d64458d168c39b2830e42fe9a5bf808642adfbd270d67ada3da0588c973be5b
0x238a358808379702088667322f80ac48bad5e6c4,1782777645,107153362,-34970474830658938728394,17000039839262594265,0x2d64458d168c39b2830e42fe9a5bf808642adfbd270d67ada3da0588c973be5b
0x238a358808379702088667322f80ac48bad5e6c4,1782777645,107153362,-654710887346929373459968,7960632846621118577391,0xd61340d9bb00162e00417242ec774c2178fe152eb94d66ab8d02709aacb60800
0x238a358808379702088667322f80ac48bad5e6c4,1782777645,107153362,-3666894608226923889494,11141281324862099243,0x20303332d66eb059c8a7c23ffd38e8860335d6329ab5b6fb670760fb41c6a632
0x238a358808379702088667322f80ac48bad5e6c4,1782777645,107153362,-3440163228010715575254,226731380216208314240,0x53fdaf44cebf1ee232cb66ec4260e2d83684182a441c095fed058c0cdd4b4026
0x238a358808379702088667322f80ac48bad5e6c4,1782777645,107153362,-35012230776675138990086,41755946016200261692,0xc69133cff9f3691ad19c19d1bec1d426c2986ddbdc48356e06228c2d5b6b32ce
0x238a358808379702088667322f80ac48bad5e6c4,1782777645,107153362,-1672231950,414514933,0x53fdaf44cebf1ee232cb66ec4260e2d83684182a441c095fed058c0cdd4b4026
0x238a358808379702088667322f80ac48bad5e6c4,1782777645,107153362,40474317400,19884371601,0x6a3b9ac26af1bab4775169ebd1dc70dac9d94ac5c659c35eed143f9b6ae6eadc
0x238a358808379702088667322f80ac48bad5e6c4,1782777645,107153362,10578333032818096149669,238618185468494653678,0xbcc3298a96ee0a42313f66186ed88f740253cb1a33935617601e066bc3c3ffaf
0x238a358808379702088667322f80ac48bad5e6c4,1782777645,107153362,-35106287649149753221434,94056872474614231348,0xbcc3298a96ee0a42313f66186ed88f740253cb1a33935617601e066bc3c3ffaf
0x238a358808379702088667322f80ac48bad5e6c4,1782777645,107153362,-35035365572686785915855,70922076462967305579,0xd344e3fa463ef971b49a1d292b9a64ad7543bf484bf7cfb0d96b1bdeddca07fe
0x238a358808379702088667322f80ac48bad5e6c4,1782777645,107153362,12008731564,28465585836,0xb1b8749d5f66a1dd44e38cd8e50d0d73207bdecc6c0159476a06cff4fbbd7893
0x238a358808379702088667322f80ac48bad5e6c4,1782777646,107153363,-1298560659429409559426,175156059323252452726,0x9d41da5343d5d48facd963ef9cc6dd05085537dee9bcc906f7727587b636e784
0x238a358808379702088667322f80ac48bad5e6c4,1782777646,107153363,-3501507215911631239701,61343987900915664447,0xbd030b9991f7898fdc00a384c86faaeb7e0e619c0c6413b77f31731957e97e38
0x238a358808379702088667322f80ac48bad5e6c4,1782777646,107153363,-35000945740818826826747,34419831867959089108,0x92cc11c6f31c6b6f2862d441dcdf4ebe579dfdbfd6d95fd23c3e000a4219354e
0x238a358808379702088667322f80ac48bad5e6c4,1782777646,107153363,-35024797462718441907040,23851721899615080293,0x643775abad2e86874903376f19d79d35a9d435ee24b74278ffd0871d5c29a066
0x238a358808379702088667322f80ac48bad5e6c4,1782777646,107153363,-11171596878305301980392,2321523019115063948065,0x92cc11c6f31c6b6f2862d441dcdf4ebe579dfdbfd6d95fd23c3e000a4219354e
0x238a358808379702088667322f80ac48bad5e6c4,1782777646,107153363,-9562367829269687518521,1609229049035614461871,0x643775abad2e86874903376f19d79d35a9d435ee24b74278ffd0871d5c29a066
0x238a358808379702088667322f80ac48bad5e6c4,1782777646,107153363,-34976180555758598867040,48616906959843040000,0x9d41da5343d5d48facd963ef9cc6dd05085537dee9bcc906f7727587b636e784
0x238a358808379702088667322f80ac48bad5e6c4,1782777646,107153363,-34943668263307040845117,32512292451558021923,0x7d24b2f6e3ebdf8935832a15c376f6356dd09c90e30c1a063c663b8ad351b3ca
0x238a358808379702088667322f80ac48bad5e6c4,1782777646,107153363,-11754360474888283298758,2191992645618595780237,0x7d24b2f6e3ebdf8935832a15c376f6356dd09c90e30c1a063c663b8ad351b3ca
0x238a358808379702088667322f80ac48bad5e6c4,1782777646,107153363,-34972336294797584931377,28668031490544086260,0xe8a274ba39ba33b76a605af677a45af9efbc1e422c6214b1cd23712671e9aacb
0x238a358808379702088667322f80ac48bad5e6c4,1782777646,107153363,-1719204611021654131145,420643951592244571719,0xa93bb00a5678d54df7c9c25041848a881e2d342137765347a7ae92ba2951eb02
0x238a358808379702088667322f80ac48bad5e6c4,1782777646,107153363,-8073517174056019639531,3680843300832263659227,0x409f59136e06b5f4570bb69b2f38fa4ab7186b1769c15a191094b3425dd3b7c4
0x238a358808379702088667322f80ac48bad5e6c4,1782777646,107153363,9882486505126598825068,695846527691497324601,0x0b09e0f8ce0dc18129467d4db699a81f864bc43edad49b07ac39f01d678733b6
0x238a358808379702088667322f80ac48bad5e6c4,1782777646,107153363,-1560210983,112020967,0xbd030b9991f7898fdc00a384c86faaeb7e0e619c0c6413b77f31731957e97e38
0x238a358808379702088667322f80ac48bad5e6c4,1782777646,107153363,-35026933436701895017615,54597141904310086238,0x409f59136e06b5f4570bb69b2f38fa4ab7186b1769c15a191094b3425dd3b7c4
0x238a358808379702088667322f80ac48bad5e6c4,1782777646,107153363,-6140400987755230458627,1933116186300789180904,0xe8a274ba39ba33b76a605af677a45af9efbc1e422c6214b1cd23712671e9aacb
0x238a358808379702088667322f80ac48bad5e6c4,1782777646,107153364,-631072834395778591167710,23638052951150782292258,0x72ecf8f576f35031948379abca796b3ec97c1758d4c1b89ef28cac93b06d955d
0x238a358808379702088667322f80ac48bad5e6c4,1782777646,107153364,-1580193925251251690807,139010685770402440338,0xbe8757a04d23ef371b6c7b96d285ec14a2dfbc696772d600a40ca581c64b706a
0x238a358808379702088667322f80ac48bad5e6c4,1782777646,107153364,246730848998769798603,473874265198970404864,0xd69ffd62a9a1d9c0a059c90012248db9ab74759337cb08dd82522977bbf2b659
0x238a358808379702088667322f80ac48bad5e6c4,1782777646,107153364,4054247300,7954484264,0x961b514e08fbf133106445073af29ce7e7fb46421918e2a7c703f1750003dd02
0x238a358808379702088667322f80ac48bad5e6c4,1782777646,107153364,-35011103004439856412559,15830432262038605056,0x961b514e08fbf133106445073af29ce7e7fb46421918e2a7c703f1750003dd02
0x238a358808379702088667322f80ac48bad5e6c4,1782777646,107153364,-35129468409962067223695,118365405522210811136,0xf27e25403ce860bc6202d8cad7aea1761051700011771f4f3c912e85ade74a95
0x238a358808379702088667322f80ac48bad5e6c4,1782777646,107153364,-1153782671854153335943,426411253397098354864,0xf27e25403ce860bc6202d8cad7aea1761051700011771f4f3c912e85ade74a95
0x238a358808379702088667322f80ac48bad5e6c4,1782777646,107153364,-625770491739797758247773,5302342655980832919937,0x0dfac59a389df9fb283df9da7f34370e4930099454aca51eee291ed4516c16cf
0x238a358808379702088667322f80ac48bad5e6c4,1782777646,107153364,-1035581005111031913126,500398082283628523988,0xd7d5ebee194cf5868e9220af6a176f469aafe44953586906689be856e84f1d67
0x238a358808379702088667322f80ac48bad5e6c4,1782777646,107153364,-35104290153648523523695,25178256313543700000,0xd7d5ebee194cf5868e9220af6a176f469aafe44953586906689be856e84f1d67
0x238a358808379702088667322f80ac48bad5e6c4,1782777646,107153364,-35215357252792286625544,111067099143763101849,0xd69ffd62a9a1d9c0a059c90012248db9ab74759337cb08dd82522977bbf2b659
0x238a358808379702088667322f80ac48bad5e6c4,1782777646,107153364,-3623290668634355058493,121783452722723818792,0x18d29bf0cec43d7a8e0376d77eef2ba184cdd5cc08ee4524583fa1cbc9f33508
0x238a358808379702088667322f80ac48bad5e6c4,1782777646,107153364,-35253963853865519856179,38606601073233230635,0xbe8757a04d23ef371b6c7b96d285ec14a2dfbc696772d600a40ca581c64b706a
0x238a358808379702088667322f80ac48bad5e6c4,1782777646,107153364,-1337847403,222363580,0x18d29bf0cec43d7a8e0376d77eef2ba184cdd5cc08ee4524583fa1cbc9f33508
0x238a358808379702088667322f80ac48bad5e6c4,1782777646,107153364,-35874011781896587911929,620047928031068055750,0x72ecf8f576f35031948379abca796b3ec97c1758d4c1b89ef28cac93b06d955d
0x238a358808379702088667322f80ac48bad5e6c4,1782777646,107153364,-36012959502431081387799,138947720534493475870,0x0dfac59a389df9fb283df9da7f34370e4930099454aca51eee291ed4516c16cf
0x238a358808379702088667322f80ac48bad5e6c4,1782777647,107153365,-35019324141096298135066,993635361334783252733,0x25d61bde5bff005a07b230dfec6fad7924aa6b2c13600de98c6f3b38ceb4721c
0x238a358808379702088667322f80ac48bad5e6c4,1782777647,107153365,58813960222589846889,187916888776179951714,0x87b74ea6543e172d5ded573296885a6c0e6157d86db50a241b342270620354cc
0x238a358808379702088667322f80ac48bad5e6c4,1782777647,107153365,-34975277768018256587209,44046373078041547857,0x87b74ea6543e172d5ded573296885a6c0e6157d86db50a241b342270620354cc
0x238a358808379702088667322f80ac48bad5e6c4,1782777647,107153365,-3513941827505608899148,109348841128746159345,0x079f6e8b5c897e662ea8cb6a984260fededee85d46862e77240449ce4270cb83
0x238a358808379702088667322f80ac48bad5e6c4,1782777647,107153365,7365772486665258173811,2516714018461340651257,0x25d61bde5bff005a07b230dfec6fad7924aa6b2c13600de98c6f3b38ceb4721c
0x238a358808379702088667322f80ac48bad5e6c4,1782777647,107153365,-34925277768018256587209,50000000000000000000,0x51db92cdf7960546a8660e01d17dd7865ed0d093a35ec4422efa92febacfb319
0x238a358808379702088667322f80ac48bad5e6c4,1782777647,107153365,-644285166275972745217,8351350281733367741,0x51db92cdf7960546a8660e01d17dd7865ed0d093a35ec4422efa92febacfb319
0x238a358808379702088667322f80ac48bad5e6c4,1782777647,107153365,-1537485060,199637657,0x079f6e8b5c897e662ea8cb6a984260fededee85d46862e77240449ce4270cb83
0x238a358808379702088667322f80ac48bad5e6c4,1782777647,107153366,-34875277768018256587209,50000000000000000000,0x3b9ad61f7db929a50999d62276bfab1f341e3eca938982c82c6cdad3d9a68d18
0x238a358808379702088667322f80ac48bad5e6c4,1782777647,107153366,-3448011764059730742661,65930063445878156487,0x6820fcb70721693942767a7a7d9b67cc6d88422aeda88d54f22681ae5b0c0f25
0x238a358808379702088667322f80ac48bad5e6c4,1782777647,107153366,-15947973841385706344439,1008386330365330000000,0xf3d1e08cb3667322dcac5f58b1c0ddc49de3f6aab13d6917272b75eb18957d80
0x238a358808379702088667322f80ac48bad5e6c4,1782777647,107153366,-34956574329189848717031,81296561171592129822,0x32596645b28b91d66aa6a93089dd5adf3e726fb932ff835d4950e2c51f3abdf3
0x238a358808379702088667322f80ac48bad5e6c4,1782777647,107153366,-622668024427304558247773,3102467312493200000000,0x32596645b28b91d66aa6a93089dd5adf3e726fb932ff835d4950e2c51f3abdf3
0x238a358808379702088667322f80ac48bad5e6c4,1782777647,107153366,-35038656979970568517186,82082650780719800155,0xf3d1e08cb3667322dcac5f58b1c0ddc49de3f6aab13d6917272b75eb18957d80
0x238a358808379702088667322f80ac48bad5e6c4,1782777647,107153366,-35037973893066145550025,683086904422967161,0x3b1aff3b441a6495b57b0c054795f3bf0baf2b0556121b3bb1f7b6d99b085e6a
0x238a358808379702088667322f80ac48bad5e6c4,1782777647,107153366,-626241316229595202781913,3573291802290644534140,0xf8b7417e939c57034a7e4682a78d41ec96e475b40fbf8d5d58b98dd62ae98906
0x238a358808379702088667322f80ac48bad5e6c4,1782777647,107153366,-34944322888052853874808,93651005013291675217,0xf8b7417e939c57034a7e4682a78d41ec96e475b40fbf8d5d58b98dd62ae98906
0x238a358808379702088667322f80ac48bad5e6c4,1782777647,107153366,-3482392765993095094269,34381001933364351608,0xf8b7417e939c57034a7e4682a78d41ec96e475b40fbf8d5d58b98dd62ae98906
0x238a358808379702088667322f80ac48bad5e6c4,1782777647,107153366,-1474737276,62747784,0xf8b7417e939c57034a7e4682a78d41ec96e475b40fbf8d5d58b98dd62ae98906
0x238a358808379702088667322f80ac48bad5e6c4,1782777647,107153366,-34894322888052853874808,50000000000000000000,0xc836f00ec928ebf85d3bbdbf1bab1870bb21019776291c1bc6f71e4c36a863ac
0x238a358808379702088667322f80ac48bad5e6c4,1782777647,107153366,-652630238506267161865,8345072230294416648,0xc836f00ec928ebf85d3bbdbf1bab1870bb21019776291c1bc6f71e4c36a863ac
0x238a358808379702088667322f80ac48bad5e6c4,1782777647,107153366,-660969039761664667211,8338801255397505346,0x3b9ad61f7db929a50999d62276bfab1f341e3eca938982c82c6cdad3d9a68d18
0x238a358808379702088667322f80ac48bad5e6c4,1782777647,107153366,-1595013219,120275943,0x6820fcb70721693942767a7a7d9b67cc6d88422aeda88d54f22681ae5b0c0f25
0x238a358808379702088667322f80ac48bad5e6c4,1782777648,107153367,19353250595583800439693,532098151118418798078,0x435cd0832674b7ffc15518f7ef855472d7d58db7325eba56f7ec1b5fc013765e
0x238a358808379702088667322f80ac48bad5e6c4,1782777648,107153367,-34843785170990525565240,50537717062328309568,0xcf6f112c73682a0e17c778ec889780c8d767bbc8392c5cc9ec52d018b9bdd6fe
0x238a358808379702088667322f80ac48bad5e6c4,1782777648,107153367,-35199622177793742987437,355837006803217422197,0x05f7c67c792aca78e14aae9fbd14c64262e3ff3b5e312471b3b5342d3e0eaa2b
0x238a358808379702088667322f80ac48bad5e6c4,1782777648,107153367,21300121992255531994884,1946871396671731555191,0x05f7c67c792aca78e14aae9fbd14c64262e3ff3b5e312471b3b5342d3e0eaa2b
0x238a358808379702088667322f80ac48bad5e6c4,1782777648,107153367,-3416462632078966722946,65930133914128371323,0xdfe177e218ef2e27f431dccdf5f8dc447f8ae09a136eeb2863c574d442e46f4e
0x238a358808379702088667322f80ac48bad5e6c4,1782777648,107153367,-35260689181772410485501,61067003978667498064,0xb98d56895a274b5b2cc272cb8c1a23ce54678eba87f239217ef4bc073e8cc712
0x238a358808379702088667322f80ac48bad5e6c4,1782777648,107153367,7520427100674367571018,154654614009109397207,0xb98d56895a274b5b2cc272cb8c1a23ce54678eba87f239217ef4bc073e8cc712
0x238a358808379702088667322f80ac48bad5e6c4,1782777648,107153367,444781222508394471904,24365001437132824407,0x69b84cce3edace7340695f83880581ea7b2c649e021f28564fbf3e9bc34878f1
0x238a358808379702088667322f80ac48bad5e6c4,1782777648,107153367,-35726260788658443271710,465571606886032786209,0x8ef7dc7ad721cf9e4c21ed4f7a86f3d7b19d65ff616bf919f96da1666fe418eb
0x238a358808379702088667322f80ac48bad5e6c4,1782777648,107153367,-608461325995747989789169,17779990233847212992744,0x8ef7dc7ad721cf9e4c21ed4f7a86f3d7b19d65ff616bf919f96da1666fe418eb
0x238a358808379702088667322f80ac48bad5e6c4,1782777648,107153367,-35678768697310548396653,47492091347894875057,0x5d5f6fa67f3ee4503e1cf5983facb1edd13d6b9c53e32580f142864bd70e1fcc
0x238a358808379702088667322f80ac48bad5e6c4,1782777648,107153367,315374157319740097753120,10314799999999998427136,0x5d5f6fa67f3ee4503e1cf5983facb1edd13d6b9c53e32580f142864bd70e1fcc
0x238a358808379702088667322f80ac48bad5e6c4,1782777648,107153367,-1715175236,120162017,0xdfe177e218ef2e27f431dccdf5f8dc447f8ae09a136eeb2863c574d442e46f4e
0x238a358808379702088667322f80ac48bad5e6c4,1782777648,107153367,8216380318346388991564,695953217672021420546,0x002ad57d731fe28b5d8a3bb4f77ce6b3974dbb4a1c855d88fb1133ba42115e08
0x238a358808379702088667322f80ac48bad5e6c4,1782777648,107153367,-35953648964202545171280,274880266891996774627,0x002ad57d731fe28b5d8a3bb4f77ce6b3974dbb4a1c855d88fb1133ba42115e08
0x238a358808379702088667322f80ac48bad5e6c4,1782777648,107153367,-35856396652298473895052,97252311904071276228,0x435cd0832674b7ffc15518f7ef855472d7d58db7325eba56f7ec1b5fc013765e
0x238a358808379702088667322f80ac48bad5e6c4,1782777648,107153367,23214351491443745317175,1914229499188213322291,0x78bf2ac3b96d55afd97b2926f38f7cd1b3ff745e7dd0b201bac396633a38448a
0x238a358808379702088667322f80ac48bad5e6c4,1782777648,107153367,-36206121650804586990865,349724998506113095813,0x78bf2ac3b96d55afd97b2926f38f7cd1b3ff745e7dd0b201bac396633a38448a
0x238a358808379702088667322f80ac48bad5e6c4,1782777648,107153367,22937970890757297882454,276380600686447434721,0xcf6f112c73682a0e17c778ec889780c8d767bbc8392c5cc9ec52d018b9bdd6fe
0x238a358808379702088667322f80ac48bad5e6c4,1782777648,107153367,25373606255747140366725,2435635364989842484271,0x6d3f08a316b56985b409a11005438954ead5892a45b9b1155cf294b0dc4313e8
0x238a358808379702088667322f80ac48bad5e6c4,1782777648,107153367,-36266266549925555046833,60144899120968055968,0x057ab2a8e0be4d548773e85bcf63ff401597a918075968735c559ab5df0da500
0x238a358808379702088667322f80ac48bad5e6c4,1782777648,107153367,-36711691224222505476856,445424674296950430023,0x6d3f08a316b56985b409a11005438954ead5892a45b9b1155cf294b0dc4313e8
0x238a358808379702088667322f80ac48bad5e6c4,1782777648,107153368,-36646817034684463597859,64874189538041878997,0xd73d8373d00cd88ebcf372c80759eedde874916020f8b907165d337e0bfbee6c
0x238a358808379702088667322f80ac48bad5e6c4,1782777648,107153368,379084261884484444244,83746304126731300000,0x58262ac27c153fdb155dfbb663b145893cd6ce20fa3ab3935858b8abf38a45b6
0x238a358808379702088667322f80ac48bad5e6c4,1782777648,107153368,27308475094729759583861,1934868838982619217136,0x1c58e7f97b48e64c0e4e49fd485254b24385febafa50107115b34606ee6069e2
0x238a358808379702088667322f80ac48bad5e6c4,1782777648,107153368,26953167212074843626498,355307882654915957363,0xd73d8373d00cd88ebcf372c80759eedde874916020f8b907165d337e0bfbee6c
0x238a358808379702088667322f80ac48bad5e6c4,1782777648,107153368,-3501587391571260647896,85124759492293924950,0x0fdf3b25b4b7b2f7a8fc793dc5b88d4df7ec1ad7871d67f15cdd97e717a07407
0x238a358808379702088667322f80ac48bad5e6c4,1782777648,107153368,-1559822454,155352782,0x0fdf3b25b4b7b2f7a8fc793dc5b88d4df7ec1ad7871d67f15cdd97e717a07407
0x238a358808379702088667322f80ac48bad5e6c4,1782777648,107153368,-36673122257810007975919,26305223125544378060,0x58262ac27c153fdb155dfbb663b145893cd6ce20fa3ab3935858b8abf38a45b6
0x238a358808379702088667322f80ac48bad5e6c4,1782777648,107153368,7521149205824905353844,695231112521483637720,0xbfc8d548b9686165375de310fcd6c808119a10bfcb6c7417feff6a7ad10b8521
0x238a358808379702088667322f80ac48bad5e6c4,1782777648,107153368,-36623122257810007975919,50000000000000000000,0x6723f523879e4ec53b76a91a895a02ff5fd4b48e9c77fdb86801ebf39b39948d
0x238a358808379702088667322f80ac48bad5e6c4,1782777648,107153368,-669301577108075841218,8332537346411174007,0x6723f523879e4ec53b76a91a895a02ff5fd4b48e9c77fdb86801ebf39b39948d
0x238a358808379702088667322f80ac48bad5e6c4,1782777648,107153368,-36976415167910300885268,353292910100292909349,0x1c58e7f97b48e64c0e4e49fd485254b24385febafa50107115b34606ee6069e2
0x238a358808379702088667322f80ac48bad5e6c4,1782777648,107153368,-1433282000,126540454,0xdf743132f548a0b038e00cbcd35341b8a7abda9d40dd923dc8a9ec56815ca941
0x238a358808379702088667322f80ac48bad5e6c4,1782777648,107153368,-3571001736315736350316,69414344744475702420,0xdf743132f548a0b038e00cbcd35341b8a7abda9d40dd923dc8a9ec56815ca941
0x238a358808379702088667322f80ac48bad5e6c4,1782777649,107153369,-629336215090256752741344,20874889094508762952175,0x9870ec38bdb498b64d10b975aa81f158eedf092e94d280d1c1206f6c49336fed
0x238a358808379702088667322f80ac48bad5e6c4,1782777649,107153369,-37132832822578680647700,156417654668379762432,0xc6cf0dbc6200a3f2ce4ebf893994c5cdc1cef3c30d9ffe1c36e333ad9fbaf0b5
0x238a358808379702088667322f80ac48bad5e6c4,1782777649,107153369,-37130894754510943516468,1938068067737131232,0xe1cbe38da39b80cff7e18a96599c457cf8bb5794a3500d2eef8fab33055674ca
0x238a358808379702088667322f80ac48bad5e6c4,1782777649,107153369,-37113679293091472359635,17215461419471156833,0xe1cbe38da39b80cff7e18a96599c457cf8bb5794a3500d2eef8fab33055674ca
0x238a358808379702088667322f80ac48bad5e6c4,1782777649,107153369,-37151992885595438195414,38313592503965835779,0x53b05ffbc265eaec0a68320833e1e0eebf02917d0421db2559a0f5b233e43cdd
0x238a358808379702088667322f80ac48bad5e6c4,1782777649,107153369,-627870978254489747837088,1465236835767004904256,0x53b05ffbc265eaec0a68320833e1e0eebf02917d0421db2559a0f5b233e43cdd
0x238a358808379702088667322f80ac48bad5e6c4,1782777649,107153369,-37437859595896573286230,285866710301135090816,0x7e3dfead12e29e9e78dc88c1dac489e9af924f04b281e8fafe06078967361e96
0x238a358808379702088667322f80ac48bad5e6c4,1782777649,107153369,-616943129636709676626333,10927848617780071210755,0x7e3dfead12e29e9e78dc88c1dac489e9af924f04b281e8fafe06078967361e96
0x238a358808379702088667322f80ac48bad5e6c4,1782777649,107153369,-3505071629042139452323,65930107273596897993,0x61352a52176d78ef72e0809a1745387cf2ab1749fcc2088ba34c67bb66f72b2f
0x238a358808379702088667322f80ac48bad5e6c4,1782777649,107153369,-1553597320,120315320,0x61352a52176d78ef72e0809a1745387cf2ab1749fcc2088ba34c67bb66f72b2f
0x238a358808379702088667322f80ac48bad5e6c4,1782777649,107153369,7917175263039546123445,396026057214640769601,0xc6cf0dbc6200a3f2ce4ebf893994c5cdc1cef3c30d9ffe1c36e333ad9fbaf0b5
0x238a358808379702088667322f80ac48bad5e6c4,1782777649,107153370,-37842468723413815009804,404609127517241723574,0xc23bca3c2f0523de9a93cb8c6b998a4470fd9138f6eef93c67611b838f0c2a95
0x238a358808379702088667322f80ac48bad5e6c4,1782777649,107153370,-38066309292456031019367,223840569042216009563,0x37605480deaf32b0f738ea91ad4171412c9cf85e570deb87ae4687e5761f10c5
0x238a358808379702088667322f80ac48bad5e6c4,1782777649,107153370,-38016309292456031019367,50000000000000000000,0xdf03ec35acc8965caf0ffe87ad5e3d27cf4d5d56917744a1c36bbea58c490311
0x238a358808379702088667322f80ac48bad5e6c4,1782777649,107153370,-677627857600799761778,8326280492723920560,0xdf03ec35acc8965caf0ffe87ad5e3d27cf4d5d56917744a1c36bbea58c490311
0x238a358808379702088667322f80ac48bad5e6c4,1782777649,107153370,314996868576249530305692,377288743490567447428,0x79935e3d199cda78f98b9d674efcc8b8c9376793333a80c65f5bfe5bf14899d7
0x238a358808379702088667322f80ac48bad5e6c4,1782777649,107153370,336012927683534311581,417929747553984049392,0xe01342ad8d18be24c816e175d70ff591439c396f9ccf2cabaa5b5abee990a7b0
0x238a358808379702088667322f80ac48bad5e6c4,1782777649,107153370,-1467632401,85964919,0xfc479c2b7c80d2797abba9133206a8354256e29d7f7563ab6f5c42ea8deeb519
0x238a358808379702088667322f80ac48bad5e6c4,1782777649,107153370,-3552175538724062589262,47103909681923136939,0xfc479c2b7c80d2797abba9133206a8354256e29d7f7563ab6f5c42ea8deeb519
0x238a358808379702088667322f80ac48bad5e6c4,1782777649,107153370,28179481733711137741197,1226314521636294114699,0x37605480deaf32b0f738ea91ad4171412c9cf85e570deb87ae4687e5761f10c5
0x238a358808379702088667322f80ac48bad5e6c4,1782777649,107153370,-38014571953140760887018,1737339315270132349,0x79935e3d199cda78f98b9d674efcc8b8c9376793333a80c65f5bfe5bf14899d7
0x238a358808379702088667322f80ac48bad5e6c4,1782777649,107153370,-37894600498471238369002,119971454669522518016,0xe01342ad8d18be24c816e175d70ff591439c396f9ccf2cabaa5b5abee990a7b0
0x238a358808379702088667322f80ac48bad5e6c4,1782777649,107153371,-37725948467913603433140,168652030557634935862,0x9afda3b68b7d2904397fa438de823f4700abe35f7ae17593f9761776d381a962
0x238a358808379702088667322f80ac48bad5e6c4,1782777649,107153371,-3486245427246019837801,65930111478042751461,0xb2f619171186ff34cd0ce563f61d191cceb52d1d345aaad5ad6a6217511485dc
0x238a358808379702088667322f80ac48bad5e6c4,1782777649,107153371,-1587915137,120282736,0xb2f619171186ff34cd0ce563f61d191cceb52d1d345aaad5ad6a6217511485dc
0x238a358808379702088667322f80ac48bad5e6c4,1782777649,107153371,-623388174251529707212890,6445044614820030586557,0x9afda3b68b7d2904397fa438de823f4700abe35f7ae17593f9761776d381a962
0x238a358808379702088667322f80ac48bad5e6c4,1782777649,107153371,-37675948467913603433140,50000000000000000000,0xfcfa66d05ce2668405534253baa9f860ee332dd6976eb7d19a47bec53c018e7b
0x238a358808379702088667322f80ac48bad5e6c4,1782777649,107153371,-685947888284543917518,8320030683744155740,0xfcfa66d05ce2668405534253baa9f860ee332dd6976eb7d19a47bec53c018e7b
0x238a358808379702088667322f80ac48bad5e6c4,1782777650,107153372,-37578077518186991862452,97870949726611570688,0x315a7c30e48dfe4874937c5ddc5bc72f570ecdc927e104c94978387f9d2d5a02
0x238a358808379702088667322f80ac48bad5e6c4,1782777650,107153372,27643345004330244565765,536136729380893175432,0x315a7c30e48dfe4874937c5ddc5bc72f570ecdc927e104c94978387f9d2d5a02
0x238a358808379702088667322f80ac48bad5e6c4,1782777650,107153372,-37471589935263073514862,106487582923918347590,0xacce145ae555c31bf407b832deb66e2bd836b5038223bf02c8fb18871ce6f5ce
0x238a358808379702088667322f80ac48bad5e6c4,1782777650,107153372,-395348248326303178130,454162208548893025019,0xacce145ae555c31bf407b832deb66e2bd836b5038223bf02c8fb18871ce6f5ce
0x238a358808379702088667322f80ac48bad5e6c4,1782777650,107153372,-3515495950338608995114,29250523092589157313,0xca1669b3a64b0cfaaf5c56f752d0e8fb475114da50751f9218a20a5b96c8efa5
0x238a358808379702088667322f80ac48bad5e6c4,1782777650,107153372,-3517991580846933620791,2495630508324625677,0x352e6d6ce1b3b7ff32ad1741fd5a27502a7488bbbb58a35e92086b262a16d4d7
0x238a358808379702088667322f80ac48bad5e6c4,1782777650,107153372,-1583361374,4553763,0x352e6d6ce1b3b7ff32ad1741fd5a27502a7488bbbb58a35e92086b262a16d4d7
0x238a358808379702088667322f80ac48bad5e6c4,1782777650,107153372,-168642688971350218487,388234372657123000000,0x63f0e6ab7f36f4221c2cee945a57d1ee53fa402b780e369b5e773ab5599f628a
0x238a358808379702088667322f80ac48bad5e6c4,1782777650,107153372,-1530000310,53361064,0xca1669b3a64b0cfaaf5c56f752d0e8fb475114da50751f9218a20a5b96c8efa5
0x238a358808379702088667322f80ac48bad5e6c4,1782777650,107153372,-1518412397,11587913,0x5fb5c4b8f0f762693c5b6dadb442af4c87a6e411c4d8bb55d96293a5787b6ff6
0x238a358808379702088667322f80ac48bad5e6c4,1782777650,107153372,-3524341781828220160281,6350200981286539490,0x5fb5c4b8f0f762693c5b6dadb442af4c87a6e411c4d8bb55d96293a5787b6ff6
0x238a358808379702088667322f80ac48bad5e6c4,1782777650,107153372,-37421589935263073514862,50000000000000000000,0x00c8867421a9a49de1e623ee954868ed39daa18f61dee07fd0bfe8853fa1f7ac
0x238a358808379702088667322f80ac48bad5e6c4,1782777650,107153372,-694261676193444075791,8313787908900158273,0x00c8867421a9a49de1e623ee954868ed39daa18f61dee07fd0bfe8853fa1f7ac
0x238a358808379702088667322f80ac48bad5e6c4,1782777650,107153373,-37366319082127073514862,55270853136000000000,0x4bac96dbf0fa385d808cb3657d832c6901aa780a063bbaa898407e1fef00ad48
0x238a358808379702088667322f80ac48bad5e6c4,1782777650,107153373,1008847448579131483150,50079950721441628921,0x515830ea24ef089e6a8ee360f977f2e40f589b93079302602121c046a8788cd4
0x238a358808379702088667322f80ac48bad5e6c4,1782777650,107153373,-37316319082127073514862,50000000000000000000,0x2f922037ee0063f675dff7961621744343f8f65db12960e50e4b42d0fd1f87e2
0x238a358808379702088667322f80ac48bad5e6c4,1782777650,107153373,-702562999612875727909,8301323419431652118,0x2f922037ee0063f675dff7961621744343f8f65db12960e50e4b42d0fd1f87e2
0x238a358808379702088667322f80ac48bad5e6c4,1782777650,107153373,-37246144348887507237300,70174733239566277562,0x0d50608f9b0696d7ccfea6d89a8b087d4685b1f79995f94b364a60aa1b117b33
0x238a358808379702088667322f80ac48bad5e6c4,1782777650,107153373,299759973367204060275975,15236895209045470029717,0x0d50608f9b0696d7ccfea6d89a8b087d4685b1f79995f94b364a60aa1b117b33
0x238a358808379702088667322f80ac48bad5e6c4,1782777650,107153373,-37345370416274027764147,99226067386520526847,0xc1d4b6ca11e6cea56fd098372c2fb6ee0338012ea2c69a79c5b07feff9fd09f3
0x238a358808379702088667322f80ac48bad5e6c4,1782777650,107153373,204442912204761781513,373085601176112000000,0xac702a331c2863025bf95606b9408ae132d9e6b14e0199143d09d97f53d34275
0x238a358808379702088667322f80ac48bad5e6c4,1782777650,107153373,-710870551770515758074,8307552157640030165,0x9d1b3b8eb328ea1835b7286a700fa40f0772942c37c71e73b96bb2f477c43e73
0x238a358808379702088667322f80ac48bad5e6c4,1782777650,107153373,-3504636111502629160281,19705670325591000000,0x515830ea24ef089e6a8ee360f977f2e40f589b93079302602121c046a8788cd4
0x238a358808379702088667322f80ac48bad5e6c4,1782777650,107153373,-37221588010861365764147,123782405412662000000,0x23e66662ce2e92ea437390491dac2237833db860797c1beb3008e8055d4576e4
0x238a358808379702088667322f80ac48bad5e6c4,1782777650,107153373,7603830417207317961164,313344845832228162281,0x23e66662ce2e92ea437390491dac2237833db860797c1beb3008e8055d4576e4
0x238a358808379702088667322f80ac48bad5e6c4,1782777650,107153373,-37200861606706740117555,20726404154625646592,0xe4f3bf47f31c0ff7595b03ce43513ee36f60a49c8c69140eb8df433ab79739ec
0x238a358808379702088667322f80ac48bad5e6c4,1782777650,107153373,1934655117150444675516,161719857790783000000,0x124336510144c0f802ece73680780a4a6ea3e9d7e0bc2722faf1236682b30674
0x238a358808379702088667322f80ac48bad5e6c4,1782777650,107153373,28187013310577844841862,543668306247600276097,0xc1d4b6ca11e6cea56fd098372c2fb6ee0338012ea2c69a79c5b07feff9fd09f3
0x238a358808379702088667322f80ac48bad5e6c4,1782777650,107153373,287762668671559547489888,11997304695644512786087,0x4bac96dbf0fa385d808cb3657d832c6901aa780a063bbaa898407e1fef00ad48
0x238a358808379702088667322f80ac48bad5e6c4,1782777650,107153373,-37239810962701709702439,38949355994969584884,0x124336510144c0f802ece73680780a4a6ea3e9d7e0bc2722faf1236682b30674
0x238a358808379702088667322f80ac48bad5e6c4,1782777650,107153373,-3532986237403629349198,28350125901000188917,0xc3f33436a337f085dab077f03316934b816b168530c95c27d9a76dadde61ffe9
0x238a358808379702088667322f80ac48bad5e6c4,1782777650,107153373,-1466665873,51746524,0xc3f33436a337f085dab077f03316934b816b168530c95c27d9a76dadde61ffe9
0x238a358808379702088667322f80ac48bad5e6c4,1782777650,107153373,-37189810962701709702439,50000000000000000000,0x9d1b3b8eb328ea1835b7286a700fa40f0772942c37c71e73b96bb2f477c43e73
0x238a358808379702088667322f80ac48bad5e6c4,1782777650,107153373,-3560174373304942105939,27188135901312756741,0xa69b058363158b158014d6b5e32d6cc7c0e96bc22d926f1dfc771d36fd7f466e
0x238a358808379702088667322f80ac48bad5e6c4,1782777650,107153373,-1417020444,49645429,0xa69b058363158b158014d6b5e32d6cc7c0e96bc22d926f1dfc771d36fd7f466e
0x238a358808379702088667322f80ac48bad5e6c4,1782777651,107153374,-37189548561657746800216,262401043962902223,0xaf4ddade11497d1d89f74a3b82080acf4ca5078aaeae8c2138c5d59562483250
0x238a358808379702088667322f80ac48bad5e6c4,1782777651,107153374,27933121236703377443289,253892073874467398573,0x930b47bb628a594a87f595818f50ac2535e464dea210969aa31047dfc8f43371
0x238a358808379702088667322f80ac48bad5e6c4,1782777651,107153374,-20716961563168138453,20716961563168138453,0xaf4ddade11497d1d89f74a3b82080acf4ca5078aaeae8c2138c5d59562483250
0x238a358808379702088667322f80ac48bad5e6c4,1782777651,107153374,-624899958067364600414237,1511783815834893201347,0xf9a8f8aff1bba6e12cd29c592afa1e774afbf4a3a0b76cc2bf5088bcfe3954f7
0x238a358808379702088667322f80ac48bad5e6c4,1782777651,107153374,-14259606157156650843310,1688367684229055501129,0x36b811b26f61480aafef91daa64519819bb2a9e42e0a07d864886c3d698f2823
0x238a358808379702088667322f80ac48bad5e6c4,1782777651,107153374,-37326962724693862017664,137414163036115217448,0x36b811b26f61480aafef91daa64519819bb2a9e42e0a07d864886c3d698f2823
0x238a358808379702088667322f80ac48bad5e6c4,1782777651,107153374,-36935658824362694835063,391303900331167182601,0x0a0335aa57874a8ba196cde06dc640b2e57c3cfb7b19feccad85e8b5a9771125
0x238a358808379702088667322f80ac48bad5e6c4,1782777651,107153374,-639842726898077725819419,14942768830713125405182,0x0a0335aa57874a8ba196cde06dc640b2e57c3cfb7b19feccad85e8b5a9771125
0x238a358808379702088667322f80ac48bad5e6c4,1782777651,107153374,-3540468702979351105939,19705670325591000000,0x5f7edc4455dd8c874359909f38738b8dd1c82d48b055d5f748c425d8f26af45d
0x238a358808379702088667322f80ac48bad5e6c4,1782777651,107153374,958770095111160777416,50077353467970705734,0x5f7edc4455dd8c874359909f38738b8dd1c82d48b055d5f748c425d8f26af45d
0x238a358808379702088667322f80ac48bad5e6c4,1782777651,107153374,-3563631132775919283552,23162429796568177613,0x0fe538437af9eb9f8ce1ab990c91a52e95b87e301df86c9910db125214ef8eaf
0x238a358808379702088667322f80ac48bad5e6c4,1782777651,107153374,-1374710601,42309843,0x0fe538437af9eb9f8ce1ab990c91a52e95b87e301df86c9910db125214ef8eaf
0x238a358808379702088667322f80ac48bad5e6c4,1782777651,107153374,-36885658824362694835063,50000000000000000000,0xf77e70789ca676ef5da2b25b60f76eb81246b3538dc82704153cbc3b02738c29
0x238a358808379702088667322f80ac48bad5e6c4,1782777651,107153374,-719165653454278397126,8295101683762639052,0xf77e70789ca676ef5da2b25b60f76eb81246b3538dc82704153cbc3b02738c29
0x238a358808379702088667322f80ac48bad5e6c4,1782777651,107153374,-36846047710619528245152,39611113743166589911,0xf9a8f8aff1bba6e12cd29c592afa1e774afbf4a3a0b76cc2bf5088bcfe3954f7
0x238a358808379702088667322f80ac48bad5e6c4,1782777651,107153374,-36799723428672268352041,46324281947259893111,0x930b47bb628a594a87f595818f50ac2535e464dea210969aa31047dfc8f43371
0x238a358808379702088667322f80ac48bad5e6c4,1782777651,107153374,-37101533938206063862849,301810509533795510808,0x5f328d44c15bae3cbd01b3b6969bc2bbbac4b9abb032f29d7d016ad88e28ab4d
0x238a358808379702088667322f80ac48bad5e6c4,1782777651,107153374,29587253230860851519514,1654131994157474076225,0x5f328d44c15bae3cbd01b3b6969bc2bbbac4b9abb032f29d7d016ad88e28ab4d
0x238a358808379702088667322f80ac48bad5e6c4,1782777651,107153374,-37051533938206063862849,50000000000000000000,0x3c568af8fe4e7ee3cde422f7db70932fc742eb452cb2815fd1d54dd268d87095
0x238a358808379702088667322f80ac48bad5e6c4,1782777651,107153374,-727454540394418692883,8288886940140295757,0x3c568af8fe4e7ee3cde422f7db70932fc742eb452cb2815fd1d54dd268d87095
0x238a358808379702088667322f80ac48bad5e6c4,1782777651,107153375,-36947573938206063862849,103960000000000000000,0xfcc41c079bdee2a2bc9826a0a5d4f5494f3dc531f85ca7e0ae5065f81df8038f
0x238a358808379702088667322f80ac48bad5e6c4,1782777651,107153375,-2254401523855017937845,373823003924093126500,0xac9164a8c3c9074bd5099e0a0ba3f1325dde0806cfa8b8283096a2b372503989
0x238a358808379702088667322f80ac48bad5e6c4,1782777651,107153375,26747008899731020637488,2840244331129830882026,0x3011da8e21f491a0b3fba53c7292fb783cca4baba757d3a7b1f5cbe9ae17d455
0x238a358808379702088667322f80ac48bad5e6c4,1782777651,107153375,-36429113549957922537869,518460388248141324980,0x3011da8e21f491a0b3fba53c7292fb783cca4baba757d3a7b1f5cbe9ae17d455
0x238a358808379702088667322f80ac48bad5e6c4,1782777651,107153375,-36830070093828988062628,400956543871065524759,0xdbf76e8bc86610b9295594cfe48b7750d157cabae42ab27849c3b7f0773a98b9
0x238a358808379702088667322f80ac48bad5e6c4,1782777651,107153375,-1499399118,124688517,0x1b5c7d0deb5f618ac658f9c0479da9db857f759b81e806665f82e74d4ff40c1a
0x238a358808379702088667322f80ac48bad5e6c4,1782777651,107153375,-3495334976302484349310,68296156473434934242,0x1b5c7d0deb5f618ac658f9c0479da9db857f759b81e806665f82e74d4ff40c1a
0x238a358808379702088667322f80ac48bad5e6c4,1782777651,107153375,-36830140130955844360531,70037126856297903,0xfcc41c079bdee2a2bc9826a0a5d4f5494f3dc531f85ca7e0ae5065f81df8038f
0x238a358808379702088667322f80ac48bad5e6c4,1782777651,107153375,157236004069338270425,3415101895342496643992,0xdbf76e8bc86610b9295594cfe48b7750d157cabae42ab27849c3b7f0773a98b9
0x238a358808379702088667322f80ac48bad5e6c4,1782777651,107153375,-36780628047703851560531,49512083251992800000,0xac9164a8c3c9074bd5099e0a0ba3f1325dde0806cfa8b8283096a2b372503989
0x238a358808379702088667322f80ac48bad5e6c4,1782777651,107153375,-25630897763481167048932,1000000000000000000000,0xfcc41c079bdee2a2bc9826a0a5d4f5494f3dc531f85ca7e0ae5065f81df8038f
0x238a358808379702088667322f80ac48bad5e6c4,1782777651,107153375,-36817476481496573633818,36848433792722073287,0xd7d9aaa7adb93fa1d1a2837a355d80f831afad1577a5752e55bc92c4e0e753c0
0x238a358808379702088667322f80ac48bad5e6c4,1782777651,107153375,64597949,17032101,0xd7d9aaa7adb93fa1d1a2837a355d80f831afad1577a5752e55bc92c4e0e753c0
0x238a358808379702088667322f80ac48bad5e6c4,1782777651,107153375,-36951209475777341750029,133732994280768116211,0xbd7c481716d4ab1cc0705c129e3e9d898a58e5513688dff1bd987e43db2b8416
0x238a358808379702088667322f80ac48bad5e6c4,1782777651,107153375,-12616187648595945563370,1643418508560705279940,0xbd7c481716d4ab1cc0705c129e3e9d898a58e5513688dff1bd987e43db2b8416
0x238a358808379702088667322f80ac48bad5e6c4,1782777652,107153376,-2070786222224612204217,183615301630405733628,0xcdb751058fc3bf7f7eba63aa9510cae26cca321a12654fe5220a7a81cb6fb46a
0x238a358808379702088667322f80ac48bad5e6c4,1782777652,107153376,-36901209475777341750029,50000000000000000000,0x3fb1d5ca5b81a0244943be4170ede7a3bdc89925d17c2a33646bc29d065a21fa
0x238a358808379702088667322f80ac48bad5e6c4,1782777652,107153376,-37414796239674814828478,513586763897473078449,0x39d913fd7a20066330c6c2c8ad0703163119f976ae890511bd5e7dddf7e40383
0x238a358808379702088667322f80ac48bad5e6c4,1782777652,107153376,29561100482791090676080,2814091583060070038592,0x39d913fd7a20066330c6c2c8ad0703163119f976ae890511bd5e7dddf7e40383
0x238a358808379702088667322f80ac48bad5e6c4,1782777652,107153376,-37494878012132413030797,80081772457598202319,0x8e8dc6338f6a6a06b74e46dbc9412588b604acf55437e1bc831482ecd1dd58bb
0x238a358808379702088667322f80ac48bad5e6c4,1782777652,107153376,53751920420943657126,21500000000000000000,0x8e8dc6338f6a6a06b74e46dbc9412588b604acf55437e1bc831482ecd1dd58bb
0x238a358808379702088667322f80ac48bad5e6c4,1782777652,107153376,7463895067117560432747,139935350089757528417,0xb60e71693b766e8dc3597b3379a0020976c636b7bb22e672fd14d541929df1f6
0x238a358808379702088667322f80ac48bad5e6c4,1782777652,107153376,-37520850663787865722435,25972651655452691638,0x437dc95cea47498987dc5bae212dff8908e973f9fabd48d41039e7568bbc230a
0x238a358808379702088667322f80ac48bad5e6c4,1782777652,107153376,60722510584130140156,6970590163186483030,0x437dc95cea47498987dc5bae212dff8908e973f9fabd48d41039e7568bbc230a
0x238a358808379702088667322f80ac48bad5e6c4,1782777652,107153376,-37465563076058232722435,55287587729633000000,0xb60e71693b766e8dc3597b3379a0020976c636b7bb22e672fd14d541929df1f6
0x238a358808379702088667322f80ac48bad5e6c4,1782777652,107153376,-37489878455519783498030,24315379461550775595,0xcdb751058fc3bf7f7eba63aa9510cae26cca321a12654fe5220a7a81cb6fb46a
0x238a358808379702088667322f80ac48bad5e6c4,1782777652,107153376,-735737219572510265530,8282679178091572647,0x3fb1d5ca5b81a0244943be4170ede7a3bdc89925d17c2a33646bc29d065a21fa
0x238a358808379702088667322f80ac48bad5e6c4,1782777652,107153377,-37622003669995840281639,132125214476056783609,0x8d5e3fffbe6b3e099257ec5802fc0ab7bcf69197c64872fe8becdfdbc72978c1
0x238a358808379702088667322f80ac48bad5e6c4,1782777652,107153377,-11421951249008385563370,1194236399587560000000,0x46dedac30482d6709744bbe7e7b67a27eb282372add5a9fed90ecb30a5f482ac
0x238a358808379702088667322f80ac48bad5e6c4,1782777652,107153377,1895786631417545681839,1336070012027112134813,0x340a1f0cee509cc6b7c191a34e662bbcf0ee229bde990424f93073167ef9a4c1
0x238a358808379702088667322f80ac48bad5e6c4,1782777652,107153377,-634798474862729636713900,5044252035348089105519,0x8d5e3fffbe6b3e099257ec5802fc0ab7bcf69197c64872fe8becdfdbc72978c1
0x238a358808379702088667322f80ac48bad5e6c4,1782777652,107153377,-37371959916068346764327,250043753927493517312,0x340a1f0cee509cc6b7c191a34e662bbcf0ee229bde990424f93073167ef9a4c1
0x238a358808379702088667322f80ac48bad5e6c4,1782777652,107153377,-37469126652837119788473,97166736768773024146,0x46dedac30482d6709744bbe7e7b67a27eb282372add5a9fed90ecb30a5f482ac
0x238a358808379702088667322f80ac48bad5e6c4,1782777652,107153377,-37491303201598134574866,22176548761014786393,0xd680dcda77441b6f1f30ed12f283c5b0a51a5c990b07c543b93f3a32ab2eaef7
0x238a358808379702088667322f80ac48bad5e6c4,1782777653,107153378,-3471921578687746049310,23413397614738300000,0xfc3d889e534034aababa884e8de9234ef5fdbefa5796a9488340162597b7af00
0x238a358808379702088667322f80ac48bad5e6c4,1782777653,107153378,-371242191655414852416,367063699380446854883,0x4e0f8977fe5312dcdd3483b5a712294ad37e6f113e92b4386542b3af22089c8f
0x238a358808379702088667322f80ac48bad5e6c4,1782777653,107153378,-1542116823,42717705,0xfc3d889e534034aababa884e8de9234ef5fdbefa5796a9488340162597b7af00
0x238a358808379702088667322f80ac48bad5e6c4,1782777653,107153378,75482397,10884448,0xd681879c66292850688130a93647f06062e547da073393961e4bab2f4c7aecb6
0x238a358808379702088667322f80ac48bad5e6c4,1782777653,107153378,272135200604092735811436,15627468067466811678452,0x64acbc8b3c2504b251d798fc5d0d8b3aaeddf692e621390c1ef31dda5a23ff03
0x238a358808379702088667322f80ac48bad5e6c4,1782777653,107153378,-37528260007927307657318,36956806329173082452,0x822513ac3824600038e3dc495df22531fa1f90839413acee27fe178b3405d197
0x238a358808379702088667322f80ac48bad5e6c4,1782777653,107153378,-6002191655414852416,365240000000000000000,0x822513ac3824600038e3dc495df22531fa1f90839413acee27fe178b3405d197
0x238a358808379702088667322f80ac48bad5e6c4,1782777653,107153378,-37491111297983073394781,37148709944234262537,0x4e0f8977fe5312dcdd3483b5a712294ad37e6f113e92b4386542b3af22089c8f
0x238a358808379702088667322f80ac48bad5e6c4,1782777653,107153378,-37419094940814213394781,72016357168860000000,0x64acbc8b3c2504b251d798fc5d0d8b3aaeddf692e621390c1ef31dda5a23ff03
0x238a358808379702088667322f80ac48bad5e6c4,1782777653,107153378,-37442629232677392753045,23534291863179358264,0xd681879c66292850688130a93647f06062e547da073393961e4bab2f4c7aecb6
0x238a358808379702088667322f80ac48bad5e6c4,1782777653,107153378,-37554293204386783170957,111663971709390417912,0xde2d2456ed38e8880586823d47dbbec43961aa7f198a0558cdfd9872d4b0db67
0x238a358808379702088667322f80ac48bad5e6c4,1782777653,107153378,250222906356070159831,173732382049048723456,0xde2d2456ed38e8880586823d47dbbec43961aa7f198a0558cdfd9872d4b0db67
0x238a358808379702088667322f80ac48bad5e6c4,1782777653,107153379,7226808393055280833649,237086674062279599098,0xf2791be02676233a0a5e9c1da5ac1316afe60b9e55298ba4a4cde21e93c51843
0x238a358808379702088667322f80ac48bad5e6c4,1782777653,107153379,-37460610277224083170957,93682927162700000000,0xf2791be02676233a0a5e9c1da5ac1316afe60b9e55298ba4a4cde21e93c51843
0x238a358808379702088667322f80ac48bad5e6c4,1782777653,107153379,-1590234956,48118133,0x8c525cccd97498a3d8231c8b75b406d7173083f3f41f812b5527967a80ff9c34
0x238a358808379702088667322f80ac48bad5e6c4,1782777653,107153379,-3445538776215026749310,26382802472719300000,0x8c525cccd97498a3d8231c8b75b406d7173083f3f41f812b5527967a80ff9c34
0x238a358808379702088667322f80ac48bad5e6c4,1782777654,107153380,-37621049274192807378926,160438996968724207969,0x38a4c828e833b039fc64cf488dc37e23574bc37c1bbccbcffa8bcdc58e60296e
0x238a358808379702088667322f80ac48bad5e6c4,1782777654,107153380,3509502579188598828320,199347601444548720256,0xb7e4901872528784fab895ef369c04c86c2404f68b6a215ea08b746325a8db2f
0x238a358808379702088667322f80ac48bad5e6c4,1782777654,107153380,-1710401359,120166403,0xc6a0277e744b2f61f8a903819e6ff427baf8c9259ec26d3afaf3500a11dc8c31
0x238a358808379702088667322f80ac48bad5e6c4,1782777654,107153380,-3379608691377501872485,65930084837524876825,0xc6a0277e744b2f61f8a903819e6ff427baf8c9259ec26d3afaf3500a11dc8c31
0x238a358808379702088667322f80ac48bad5e6c4,1782777654,107153380,-631606308786813912556317,3192166075915724157583,0xee9c593143d96e2b58b42b5d22008549aab9d1f87d32e9e33426625e1d7a5a0e
0x238a358808379702088667322f80ac48bad5e6c4,1782777654,107153380,-37704595486866553281169,83546212673745902243,0xee9c593143d96e2b58b42b5d22008549aab9d1f87d32e9e33426625e1d7a5a0e
0x238a358808379702088667322f80ac48bad5e6c4,1782777654,107153380,-37681652027403433481169,22943459463119800000,0x85d2db07b84706bc064961cec82633477e2622b4c12c523bf4328b03abcac78a
0x238a358808379702088667322f80ac48bad5e6c4,1782777654,107153380,-37719988979267937533210,38336951864504052041,0xbdd3ca482daa37d61d721adcdd5068508aff6240ef65f0279fd0fd9026a859f4
0x238a358808379702088667322f80ac48bad5e6c4,1782777654,107153380,-630141748741818782260241,1464560044995130296076,0xbdd3ca482daa37d61d721adcdd5068508aff6240ef65f0279fd0fd9026a859f4
0x238a358808379702088667322f80ac48bad5e6c4,1782777654,107153380,306056886716993898947,73027375167490545297,0x85d2db07b84706bc064961cec82633477e2622b4c12c523bf4328b03abcac78a
0x238a358808379702088667322f80ac48bad5e6c4,1782777654,107153380,-744013697959673287176,8276478387163021646,0x16bda84a8423a993f49ba7d43a586886f42fa223c7fc2d906a740bef95ba1497
0x238a358808379702088667322f80ac48bad5e6c4,1782777654,107153380,-37669988979267937533210,50000000000000000000,0x16bda84a8423a993f49ba7d43a586886f42fa223c7fc2d906a740bef95ba1497
0x238a358808379702088667322f80ac48bad5e6c4,1782777654,107153380,-624014198915359266049588,6127549826459516210653,0x38a4c828e833b039fc64cf488dc37e23574bc37c1bbccbcffa8bcdc58e60296e
0x238a358808379702088667322f80ac48bad5e6c4,1782777654,107153381,-625455491195456190350115,1441292280096924300527,0x5c30e88f65b367b02e9623d3fe72509bd06650340853af849df0b9bfc1851eaf
0x238a358808379702088667322f80ac48bad5e6c4,1782777654,107153381,-37632395781469660384870,37593197798277148340,0x5c30e88f65b367b02e9623d3fe72509bd06650340853af849df0b9bfc1851eaf
0x238a358808379702088667322f80ac48bad5e6c4,1782777654,107153381,-625988727308747409374361,533236113291219024246,0x456222709246a4dda611577884dcd4c8b2a7e4089b028eb0dc3e285dc86d5b1f
0x238a358808379702088667322f80ac48bad5e6c4,1782777654,107153381,-37632489142570660384870,93361101000000000,0x6c6435b0c6734c541f76b431ed1dfbda81c723fe4f06fe15b92e9ef9cee6415f
0x238a358808379702088667322f80ac48bad5e6c4,1782777654,107153381,-37472159200278053384870,160329942292607000000,0x84e00e67a2cf6e48c843c93ab2521ad771e59b955ae077586869771f3ecc8d1a
0x238a358808379702088667322f80ac48bad5e6c4,1782777654,107153381,-3432628972455847300258,53020281078345427773,0xfa9b8624d06f648fdf1596c73b223ba6a40f2490090eb6ccdc82baabc87271f6
0x238a358808379702088667322f80ac48bad5e6c4,1782777654,107153381,-37378798099278053384870,93361101000000000000,0x6c6435b0c6734c541f76b431ed1dfbda81c723fe4f06fe15b92e9ef9cee6415f
0x238a358808379702088667322f80ac48bad5e6c4,1782777654,107153381,-37364883315198846901957,13914784079206482913,0x456222709246a4dda611577884dcd4c8b2a7e4089b028eb0dc3e285dc86d5b1f
0x238a358808379702088667322f80ac48bad5e6c4,1782777654,107153381,6821140360049606157472,405668033005674676177,0x84e00e67a2cf6e48c843c93ab2521ad771e59b955ae077586869771f3ecc8d1a
0x238a358808379702088667322f80ac48bad5e6c4,1782777654,107153381,-38561662430342128520973,1196779115143281619016,0xed26961d1a4c47f1e96d44b517b3ee367de68b737b064ea1566ea413200f016e
0x238a358808379702088667322f80ac48bad5e6c4,1782777654,107153381,-38537507213754503973335,24155216587624547638,0xf0c3fb6e7a364a9b85e9f73314cf2580412125364128a5fe661c7ad3130f87d3
0x238a358808379702088667322f80ac48bad5e6c4,1782777654,107153381,9379041109206316565807,1566542629428723261774,0x37d4f09c92727ba6af42b4e4ee4c239b26b6b362c1c611b058a21fe6d29ffa59
0x238a358808379702088667322f80ac48bad5e6c4,1782777654,107153381,-3635140488412182330804,202511515956335030546,0x37d4f09c92727ba6af42b4e4ee4c239b26b6b362c1c611b058a21fe6d29ffa59
0x238a358808379702088667322f80ac48bad5e6c4,1782777654,107153381,-1022682759565754479686,2993411491064503739492,0x6c6435b0c6734c541f76b431ed1dfbda81c723fe4f06fe15b92e9ef9cee6415f
0x238a358808379702088667322f80ac48bad5e6c4,1782777654,107153381,3696925433186180358783,187422853997581530463,0x85dc01b989254394f499b93e0ba7aa7c1cf39e1db441d3eb8e39fab418b1180b
0x238a358808379702088667322f80ac48bad5e6c4,1782777654,107153381,-618261334501266260286154,7727392807481149088207,0xf93714e9b0e1a4ba6aa992f9e7823a6d2f2581c33701abdd25b71c2f93330fb9
0x238a358808379702088667322f80ac48bad5e6c4,1782777654,107153381,-1613754635,96646724,0xfa9b8624d06f648fdf1596c73b223ba6a40f2490090eb6ccdc82baabc87271f6
0x238a358808379702088667322f80ac48bad5e6c4,1782777654,107153381,-572457772844807502261865,45803561656458758024289,0xed26961d1a4c47f1e96d44b517b3ee367de68b737b064ea1566ea413200f016e
0x238a358808379702088667322f80ac48bad5e6c4,1782777654,107153381,-573383484298603883721573,925711453796381459708,0xf0c3fb6e7a364a9b85e9f73314cf2580412125364128a5fe661c7ad3130f87d3
0x238a358808379702088667322f80ac48bad5e6c4,1782777654,107153381,-38739063957128528425541,201556743374024452206,0xf93714e9b0e1a4ba6aa992f9e7823a6d2f2581c33701abdd25b71c2f93330fb9
0x238a358808379702088667322f80ac48bad5e6c4,1782777654,107153382,-614760486010154998121504,41377001711551114399931,0x3570dbcb3f61c95b5383aac18f02714482ee65fcc55f55ba96a6b76d72d74136
0x238a358808379702088667322f80ac48bad5e6c4,1782777654,107153382,-38689063957128528425541,50000000000000000000,0x53d669906f97ff5f5010414e4b0bfeced29a98b4f29aae889180b0ceceab18aa
0x238a358808379702088667322f80ac48bad5e6c4,1782777654,107153382,-38639063957128528425541,50000000000000000000,0x255a9591f98d3d0607c225d55c17a2f93e85b69113913e8cd908fa6697d6e701
0x238a358808379702088667322f80ac48bad5e6c4,1782777654,107153382,-38688406149191052010854,49342192062523585313,0x5ab0b09062499db55bff31a53ac63de05445b98eb3f898cc6c16a6d866d1bfc0
0x238a358808379702088667322f80ac48bad5e6c4,1782777654,107153382,-1698150689357955204217,372635532866657000000,0x5ab0b09062499db55bff31a53ac63de05445b98eb3f898cc6c16a6d866d1bfc0
0x238a358808379702088667322f80ac48bad5e6c4,1782777654,107153382,-752283982516594039346,8270284556920752170,0x255a9591f98d3d0607c225d55c17a2f93e85b69113913e8cd908fa6697d6e701
0x238a358808379702088667322f80ac48bad5e6c4,1782777654,107153382,-760548080193544426591,8264097676950387245,0x53d669906f97ff5f5010414e4b0bfeced29a98b4f29aae889180b0ceceab18aa
0x238a358808379702088667322f80ac48bad5e6c4,1782777654,107153382,-38800856829682467109513,112450680491415098659,0xbbc503882c0f5854f96d0f7596b498c5a9a64793282dc0a1de6a16a02d503c91
0x238a358808379702088667322f80ac48bad5e6c4,1782777654,107153382,7105709086250362479399,284568726200756321927,0xbbc503882c0f5854f96d0f7596b498c5a9a64793282dc0a1de6a16a02d503c91
0x238a358808379702088667322f80ac48bad5e6c4,1782777654,107153382,-3611256481505399023323,23884006906783307481,0x2c29b952da10a32546f847617ba971ab371dcde330fb480e2a74dc94731c084a
0x238a358808379702088667322f80ac48bad5e6c4,1782777654,107153382,-1657291517,43536882,0x2c29b952da10a32546f847617ba971ab371dcde330fb480e2a74dc94731c084a
0x238a358808379702088667322f80ac48bad5e6c4,1782777654,107153382,-38859111577873783771612,58254748191316662099,0x18e1dcfd50b3d2785355e3823e3960f2a435e6e297c2146b13da1bd280f7f496
0x238a358808379702088667322f80ac48bad5e6c4,1782777654,107153382,-1258150689357955204217,440000000000000000000,0x18e1dcfd50b3d2785355e3823e3960f2a435e6e297c2146b13da1bd280f7f496
0x238a358808379702088667322f80ac48bad5e6c4,1782777655,107153383,-39075802031321024642530,216690453447240870918,0x7e1f8cedbe97b8f6e445dba8f51eb7c1c2225519879783bdcfa700608f373185
0x238a358808379702088667322f80ac48bad5e6c4,1782777655,107153383,-38987176761548630834718,88625269772393807812,0x44f5a25d1cd5009fe3e7d861d8ef8dc16561b2dabf7060c0e10d6ccc91214b0b
0x238a358808379702088667322f80ac48bad5e6c4,1782777655,107153383,-613294831198218050556406,1465654811936947565098,0x304151e6330d63a5e30d4b28e48efdb6d7b09550cfb33e99695c5be6b9b61be1
0x238a358808379702088667322f80ac48bad5e6c4,1782777655,107153383,-605006954958111253761660,8287876240106796794746,0x7e1f8cedbe97b8f6e445dba8f51eb7c1c2225519879783bdcfa700608f373185
0x238a358808379702088667322f80ac48bad5e6c4,1782777655,107153383,-39025484238839264063044,38307477290633228326,0x304151e6330d63a5e30d4b28e48efdb6d7b09550cfb33e99695c5be6b9b61be1
0x238a358808379702088667322f80ac48bad5e6c4,1782777655,107153383,-1473022177085929063559,319239505231775727616,0x44f5a25d1cd5009fe3e7d861d8ef8dc16561b2dabf7060c0e10d6ccc91214b0b
0x238a358808379702088667322f80ac48bad5e6c4,1782777655,107153384,-3639787971515928736859,28531490010529713536,0x8e3bc19b3c972f6a1b0049992f97e56ebc1a081897dade4096fe7800bfe3c105
0x238a358808379702088667322f80ac48bad5e6c4,1782777655,107153384,-38807087764340206419680,218396474499057643364,0x8dac5de05c09b5c545fbfdc5deebfec07c2df4730a34514ea2330c39803420fd
0x238a358808379702088667322f80ac48bad5e6c4,1782777655,107153384,-38355312530787435469229,451775233552770950451,0x52222e7cb7e29ad0da90369f5252b032150e0e5fb66391f663a242cdbc386571
0x238a358808379702088667322f80ac48bad5e6c4,1782777655,107153384,-622269401612424369339256,17262446654313115577596,0x52222e7cb7e29ad0da90369f5252b032150e0e5fb66391f663a242cdbc386571
0x238a358808379702088667322f80ac48bad5e6c4,1782777655,107153384,-630621692626255519825649,8352291013831150486393,0x8dac5de05c09b5c545fbfdc5deebfec07c2df4730a34514ea2330c39803420fd
0x238a358808379702088667322f80ac48bad5e6c4,1782777655,107153384,-38305312530787435469229,50000000000000000000,0x2d398e9503ddc06c63181bc91754a443dac43292c3adb03787f6fbe54e1eb119
0x238a358808379702088667322f80ac48bad5e6c4,1782777655,107153384,-1143590868077902473329,329431309008026590230,0x5965e0825024409061650f08535c56fb5721fc5e4f3914f658d2f959f8fd9314
0x238a358808379702088667322f80ac48bad5e6c4,1782777655,107153384,-38396748256061411852373,91435725273976383144,0x5965e0825024409061650f08535c56fb5721fc5e4f3914f658d2f959f8fd9314
0x238a358808379702088667322f80ac48bad5e6c4,1782777655,107153384,1222965188184761578445,85746675082597100000,0x8e3bc19b3c972f6a1b0049992f97e56ebc1a081897dade4096fe7800bfe3c105
0x238a358808379702088667322f80ac48bad5e6c4,1782777655,107153384,-768805997930401446315,8257917736857019724,0x2d398e9503ddc06c63181bc91754a443dac43292c3adb03787f6fbe54e1eb119
0x238a358808379702088667322f80ac48bad5e6c4,1782777655,107153384,-38357329679915639652373,39418576145772200000,0xf2469687bfb0b290c71d783d8ba37d62915e1ff14db573c3c143a0e101a77eee
0x238a358808379702088667322f80ac48bad5e6c4,1782777655,107153384,7005969846289569603372,99739239960792876027,0xf2469687bfb0b290c71d783d8ba37d62915e1ff14db573c3c143a0e101a77eee
0x238a358808379702088667322f80ac48bad5e6c4,1782777656,107153385,-38393727762695955013376,36398082780315361003,0x66e52f18336ea6869c7d53cdcf9e5be3100173fe20c2344b84256571e77d22ac
0x238a358808379702088667322f80ac48bad5e6c4,1782777656,107153385,-38220522711547705747875,173205051148249265501,0x4c146bcf929ee5dbdeb79629db7cc6a53876876a71614c158d49bf98f4ca3804
0x238a358808379702088667322f80ac48bad5e6c4,1782777656,107153385,-38184124628767390386872,36398082780315361003,0x66e52f18336ea6869c7d53cdcf9e5be3100173fe20c2344b84256571e77d22ac
0x238a358808379702088667322f80ac48bad5e6c4,1782777656,107153385,-855341478946980428973,660251504032473636511,0x66e52f18336ea6869c7d53cdcf9e5be3100173fe20c2344b84256571e77d22ac
0x238a358808379702088667322f80ac48bad5e6c4,1782777656,107153385,-38147726545987075025869,36398082780315361003,0x66e52f18336ea6869c7d53cdcf9e5be3100173fe20c2344b84256571e77d22ac
0x238a358808379702088667322f80ac48bad5e6c4,1782777656,107153385,6567893144575062544136,438076701714507059236,0x4c146bcf929ee5dbdeb79629db7cc6a53876876a71614c158d49bf98f4ca3804
0x238a358808379702088667322f80ac48bad5e6c4,1782777656,107153385,-1893430868077902505161,749840000000000031832,0xf078ac677dd932ab312094f4bdc158812256660f8fe64b333fdc08a95976d08a
0x238a358808379702088667322f80ac48bad5e6c4,1782777656,107153385,-37939486008132547262078,208240537854527763791,0xf078ac677dd932ab312094f4bdc158812256660f8fe64b333fdc08a95976d08a
0x238a358808379702088667322f80ac48bad5e6c4,1782777656,107153385,6213892362814762844019,354000781760299700117,0x1249eb312ed1bba2cee33f735e3b0889598da14a8ab9ba229c664d56addfd931
0x238a358808379702088667322f80ac48bad5e6c4,1782777656,107153385,-37799558525333843883646,139927482798703378432,0x1249eb312ed1bba2cee33f735e3b0889598da14a8ab9ba229c664d56addfd931
0x238a358808379702088667322f80ac48bad5e6c4,1782777656,107153385,-37718923705544223483646,80634819789620400000,0xcf2be14d1b1d952500a6a58d899f3a1120c9d111cbf94a02e0ef4554ffb1fdc6
0x238a358808379702088667322f80ac48bad5e6c4,1782777656,107153385,-633700628697956159853820,3078936071700640028171,0xcf2be14d1b1d952500a6a58d899f3a1120c9d111cbf94a02e0ef4554ffb1fdc6
0x238a358808379702088667322f80ac48bad5e6c4,1782777656,107153386,-5693332917092051663187,447068070663178795440,0x01c23867d58a0a60afb11ca1c68331c268152fe5094aaf86b87a38ffe2cff35a
0x238a358808379702088667322f80ac48bad5e6c4,1782777656,107153386,-38054896439566434014950,335972734022210531304,0xa8d0e188ed17a127d8b92d73bf41458e6557b165b81cac6aa0075455323bb1f0
0x238a358808379702088667322f80ac48bad5e6c4,1782777656,107153386,-38095639216836857858255,40742777270423843305,0x866b2cb5a01785bfd54e301ceed9614ae876f649c0ffadca0c591ea000d58f27
0x238a358808379702088667322f80ac48bad5e6c4,1782777656,107153386,-1740995265201490055757,152435602876412449404,0xd2ebee6e00c074e4dc2bf77b4476e4830c870ee966bfbc71078e4dc690708beb
0x238a358808379702088667322f80ac48bad5e6c4,1782777656,107153386,1308711863267358678445,85746675082597100000,0xf07e52e4dd1ac16913d557c9b20c3b72e05789a976d4273f6fe5e8d19619742d
0x238a358808379702088667322f80ac48bad5e6c4,1782777656,107153386,-3668317885006916619453,28529913490987882594,0xf07e52e4dd1ac16913d557c9b20c3b72e05789a976d4273f6fe5e8d19619742d
0x238a358808379702088667322f80ac48bad5e6c4,1782777656,107153386,-1671917825659022598082,69077439542467457675,0x2873a0d62decab120b8b1bdb01d9a50b716289bf447550815a06072fa6e97072
0x238a358808379702088667322f80ac48bad5e6c4,1782777656,107153386,-38102268237464582192835,6629020627724334580,0x01c23867d58a0a60afb11ca1c68331c268152fe5094aaf86b87a38ffe2cff35a
0x238a358808379702088667322f80ac48bad5e6c4,1782777656,107153386,-116111701097556039645,739229777849424389328,0x866b2cb5a01785bfd54e301ceed9614ae876f649c0ffadca0c591ea000d58f27
0x238a358808379702088667322f80ac48bad5e6c4,1782777656,107153386,-777057742656666614941,8251744726265168626,0xfb72d3259a26d72358d6b5a31c8f55e0edccdd823f6b33b71d0a96fb7f9de018
0x238a358808379702088667322f80ac48bad5e6c4,1782777656,107153386,-38146581561376260386153,44313323911678193318,0xd9dc0f288706f7a4b7aa12ecdacf143895336fcce0cd75d5d334766c4343c572
0x238a358808379702088667322f80ac48bad5e6c4,1782777656,107153386,-38165767917651544313656,19186356275283927503,0x2873a0d62decab120b8b1bdb01d9a50b716289bf447550815a06072fa6e97072
0x238a358808379702088667322f80ac48bad5e6c4,1782777656,107153386,7063929022951106412255,850036660136343568236,0xa8d0e188ed17a127d8b92d73bf41458e6557b165b81cac6aa0075455323bb1f0
0x238a358808379702088667322f80ac48bad5e6c4,1782777656,107153386,-667313692118688188006081,33613063420732028152261,0x99d0ec1e148bf542fd2a77fe254a8b0d8fcda6c8365a1b7e1fd0a8c5d9adc52f
0x238a358808379702088667322f80ac48bad5e6c4,1782777656,107153386,-38115767917651544313656,50000000000000000000,0xfb72d3259a26d72358d6b5a31c8f55e0edccdd823f6b33b71d0a96fb7f9de018
0x238a358808379702088667322f80ac48bad5e6c4,1782777656,107153386,-38158114584763397536001,42346667111853222345,0xd2ebee6e00c074e4dc2bf77b4476e4830c870ee966bfbc71078e4dc690708beb
0x238a358808379702088667322f80ac48bad5e6c4,1782777656,107153386,-665625277274667407430374,1688414844020780575707,0xd9dc0f288706f7a4b7aa12ecdacf143895336fcce0cd75d5d334766c4343c572
0x238a358808379702088667322f80ac48bad5e6c4,1782777657,107153387,-37604300132851571408821,553814451911826127180,0xba1d28ddd739bfe08983e4f0c8be3b9686804d59639b78dee3b4f554c5c19bdc
0x238a358808379702088667322f80ac48bad5e6c4,1782777657,107153387,-661175789128275534558703,4449488146391872871671,0x692816164caaf4f859d272d07f9671e166fa013609101ff9155b4dd72481937a
0x238a358808379702088667322f80ac48bad5e6c4,1782777657,107153387,-37998289027714988409862,393988894863417001041,0x00009696c14785b5ea5f309c4ec407ed10cfb1c6b1da857a1fcbb7bed4416448
0x238a358808379702088667322f80ac48bad5e6c4,1782777657,107153387,-646155542707781017642812,15020246420494516915891,0x00009696c14785b5ea5f309c4ec407ed10cfb1c6b1da857a1fcbb7bed4416448
0x238a358808379702088667322f80ac48bad5e6c4,1782777657,107153387,1247819871043515097488,201403541795466787945,0xba1d28ddd739bfe08983e4f0c8be3b9686804d59639b78dee3b4f554c5c19bdc
0x238a358808379702088667322f80ac48bad5e6c4,1782777657,107153387,-642200470374740354444167,3955072333040663198645,0x11a5238c41eac0ec0d21ff694005da4daf9d98a4514f8f11877cbdfb7067f3f2
0x238a358808379702088667322f80ac48bad5e6c4,1782777657,107153387,-38101933777119902656149,103644749404914246287,0x11a5238c41eac0ec0d21ff694005da4daf9d98a4514f8f11877cbdfb7067f3f2
0x238a358808379702088667322f80ac48bad5e6c4,1782777657,107153387,-3644195038031054119453,24122846975862500000,0x6476df66a32ab87082bf19ead5728c2c26edd6d75e2d0dbdbd9a8e4e6149910c
0x238a358808379702088667322f80ac48bad5e6c4,1782777657,107153387,-1701248586,43957069,0x6476df66a32ab87082bf19ead5728c2c26edd6d75e2d0dbdbd9a8e4e6149910c
0x238a358808379702088667322f80ac48bad5e6c4,1782777657,107153387,-38218568468179413284482,116634691059510628333,0x692816164caaf4f859d272d07f9671e166fa013609101ff9155b4dd72481937a
0x238a358808379702088667322f80ac48bad5e6c4,1782777657,107153388,-502953933890953913126,532627071220078000000,0x049a309c24872efbe34382d6c9c8219ca8c46deaabe3e1a910e9fff3d1c2313d
0x238a358808379702088667322f80ac48bad5e6c4,1782777657,107153388,29251529420912978418465,309571061878112257615,0xe34bc92f8c344b4b1000120df2d7b971973f508d579738ce87eee28732b1e74d
0x238a358808379702088667322f80ac48bad5e6c4,1782777657,107153388,1481814219898667994624,233994348855152897136,0x56e528266fe9de4f125a0888c24356ac59df610a5e3f18c10ba39b53fa98c69f
0x238a358808379702088667322f80ac48bad5e6c4,1782777657,107153388,-38245362777021739312481,26794308842326027999,0x049a309c24872efbe34382d6c9c8219ca8c46deaabe3e1a910e9fff3d1c2313d
0x238a358808379702088667322f80ac48bad5e6c4,1782777657,107153388,6893242807488586428414,170686215462519983841,0xa2125ca1b52e31e194c8b58a797ef086df884486f92aa2b0fbadb3b6bd9ec9df
0x238a358808379702088667322f80ac48bad5e6c4,1782777657,107153388,31299876704880121222806,2048347283967142804341,0xc5422fc6d10a60c34b4fc878630325a909c4241ce19fdd406b1f9b23f56c246d
0x238a358808379702088667322f80ac48bad5e6c4,1782777657,107153388,-38188908781914834507421,56453995106904805060,0xe34bc92f8c344b4b1000120df2d7b971973f508d579738ce87eee28732b1e74d
0x238a358808379702088667322f80ac48bad5e6c4,1782777657,107153388,-38832167963873951077165,643259181959116569744,0x56e528266fe9de4f125a0888c24356ac59df610a5e3f18c10ba39b53fa98c69f
0x238a358808379702088667322f80ac48bad5e6c4,1782777657,107153388,232878340321318983600,735832274212272896726,0x2bcf307efcd2220fc6653c70ab8296409d46b39a6bf53ee226b29221d5f4f0ad
0x238a358808379702088667322f80ac48bad5e6c4,1782777657,107153388,-38869168928335177677131,37000964461226599966,0x2bcf307efcd2220fc6653c70ab8296409d46b39a6bf53ee226b29221d5f4f0ad
0x238a358808379702088667322f80ac48bad5e6c4,1782777657,107153388,-39242732437195807318010,373563508860629640879,0xc5422fc6d10a60c34b4fc878630325a909c4241ce19fdd406b1f9b23f56c246d
0x238a358808379702088667322f80ac48bad5e6c4,1782777657,107153388,-39175271073315359718010,67461363880447600000,0xa2125ca1b52e31e194c8b58a797ef086df884486f92aa2b0fbadb3b6bd9ec9df
0x238a358808379702088667322f80ac48bad5e6c4,1782777658,107153389,-13094499502871166750780,1672548253862781187410,0x9a5bd9ba828663d105b113706c479c45ba14b0332da30bfcb3f85475b7c6d915
0x238a358808379702088667322f80ac48bad5e6c4,1782777658,107153389,-39039157134694182718010,136113938621177000000,0x9a5bd9ba828663d105b113706c479c45ba14b0332da30bfcb3f85475b7c6d915
0x238a358808379702088667322f80ac48bad5e6c4,1782777658,107153390,-39103313301810202097121,64156167116019379111,0x829a33d06f01f106c0054a9617e122bdef76281945dd125051733f0c67f3394e
0x238a358808379702088667322f80ac48bad5e6c4,1782777658,107153390,-39060396905984316097121,42916395825886000000,0xb01c7fdc60134aa0f9e7b9b23e96941096bb935badd92b883bcb02d16ffdc545
0x238a358808379702088667322f80ac48bad5e6c4,1782777658,107153390,-785303321291485350527,8245578634818735586,0xe0e08fb8e1f6e04bb47e66e355fd4cde662e6983b7523b945d699f6d94e8005a
0x238a358808379702088667322f80ac48bad5e6c4,1782777658,107153390,-39010396905984316097121,50000000000000000000,0xe0e08fb8e1f6e04bb47e66e355fd4cde662e6983b7523b945d699f6d94e8005a
0x238a358808379702088667322f80ac48bad5e6c4,1782777658,107153390,1231399401995969056166,250414817902698938458,0xf1839deff3ad7d1157245b55790dcca313a538bef223ebb1b7eaf0c89e6786e2
0x238a358808379702088667322f80ac48bad5e6c4,1782777658,107153390,-39010402911921573844265,6005937257747144,0xc3457e935d897fcb1b9849429832e2876ef802201e3320608d1c6bea8e6fcbe9
0x238a358808379702088667322f80ac48bad5e6c4,1782777658,107153390,157287177267662832785,51173198324562360,0xc3457e935d897fcb1b9849429832e2876ef802201e3320608d1c6bea8e6fcbe9
0x238a358808379702088667322f80ac48bad5e6c4,1782777658,107153390,-13621790541993998090819,527291039122831340039,0xb01c7fdc60134aa0f9e7b9b23e96941096bb935badd92b883bcb02d16ffdc545
0x238a358808379702088667322f80ac48bad5e6c4,1782777658,107153391,-3588308538031054109453,55886500000000010000,0xf42c37fc5f97e9281ce514d6d54b7cc8fb8fb9bb1fc27a725243677bc0250b11
0x238a358808379702088667322f80ac48bad5e6c4,1782777658,107153391,-3520054902211530177293,68253635819523932160,0x5456d7a15b09b27f873d89a083dfa95bbb675fba129630bed3b34ff79f4f09e9
0x238a358808379702088667322f80ac48bad5e6c4,1782777658,107153391,4386416576556188232869,3306768870178893276307,0xf42c37fc5f97e9281ce514d6d54b7cc8fb8fb9bb1fc27a725243677bc0250b11
0x238a358808379702088667322f80ac48bad5e6c4,1782777658,107153391,2829388194683864122840,867537238502316235943,0xc1f1138f927c61b00d0ff61c92b2dbb538a02fd57fc2eb3a2a25ed93eb2f6af0
0x238a358808379702088667322f80ac48bad5e6c4,1782777658,107153391,-39068344888054453982673,57941976132880138408,0x0132af66a0ed083ec1e5fc6eafd4b500c85438a42571cf7a1ac030f7867f91cb
0x238a358808379702088667322f80ac48bad5e6c4,1782777658,107153391,-3520057902211530177293,3000000000000000,0x7e0e6ddc028c66f21803b29c66abe1fb66f3e5289b2d6d0efeb754ac4c1f6f72
0x238a358808379702088667322f80ac48bad5e6c4,1782777658,107153391,-3520054902211530177293,3000000000000000,0x7e0e6ddc028c66f21803b29c66abe1fb66f3e5289b2d6d0efeb754ac4c1f6f72
0x238a358808379702088667322f80ac48bad5e6c4,1782777658,107153391,-10677580995743565,10677580995743565,0x7e0e6ddc028c66f21803b29c66abe1fb66f3e5289b2d6d0efeb754ac4c1f6f72
0x238a358808379702088667322f80ac48bad5e6c4,1782777658,107153391,-3520051902211530177293,3000000000000000,0x7e0e6ddc028c66f21803b29c66abe1fb66f3e5289b2d6d0efeb754ac4c1f6f72
0x238a358808379702088667322f80ac48bad5e6c4,1782777658,107153391,347435908728636235262,4038980667827551997607,0x5456d7a15b09b27f873d89a083dfa95bbb675fba129630bed3b34ff79f4f09e9
0x238a358808379702088667322f80ac48bad5e6c4,1782777659,107153392,-642200961238579955339944,490863839600895777,0x8b2a57ec891a349ef1973a086a0e556d08c94003a4eefd34f9e2b324a9e9b87a
0x238a358808379702088667322f80ac48bad5e6c4,1782777659,107153392,-39068332026055539283304,12861998914699369,0x8b2a57ec891a349ef1973a086a0e556d08c94003a4eefd34f9e2b324a9e9b87a
0x238a358808379702088667322f80ac48bad5e6c4,1782777659,107153392,-1303934626814897639269,367983198844124958813,0x703ee6ae273574bc1ac46f11c6725b14f03641926e95e3044bf660e02ee157b9
0x238a358808379702088667322f80ac48bad5e6c4,1782777659,107153392,-1560364741134979666427,1444253040037423626782,0x7552cd2c972200aeeedde7dd4479c403b22c38ad7e9146a88c38ba5dee9876eb
0x238a358808379702088667322f80ac48bad5e6c4,1782777659,107153392,-13621667454030899314193,123087963098776626,0xf9093349860b26effb8f075fffb4fc47a411e2a0831e3f2fedfbaa0bed6e9cc4
0x238a358808379702088667322f80ac48bad5e6c4,1782777659,107153392,-39542523990222963742566,474191964167424459262,0xfb216ae413ed13ef852cb9a4179f2ffa8c7eca01c63eb50a59ddff7750095dec
0x238a358808379702088667322f80ac48bad5e6c4,1782777659,107153392,1403858040611486972070,172458638615517915904,0xfb216ae413ed13ef852cb9a4179f2ffa8c7eca01c63eb50a59ddff7750095dec
0x238a358808379702088667322f80ac48bad5e6c4,1782777659,107153392,-14818671868550024604504,1197004414519125290311,0xa2d673f4a7ab35ad921bcfc217f7d329f18322fcb5f6bc78ace2fe1cb0a9b64a
0x238a358808379702088667322f80ac48bad5e6c4,1782777659,107153392,-39542534007908391092563,10017685427349997,0xf9093349860b26effb8f075fffb4fc47a411e2a0831e3f2fedfbaa0bed6e9cc4
0x238a358808379702088667322f80ac48bad5e6c4,1782777659,107153392,-39471229487612364240017,71304520296026852546,0xa2d673f4a7ab35ad921bcfc217f7d329f18322fcb5f6bc78ace2fe1cb0a9b64a
0x238a358808379702088667322f80ac48bad5e6c4,1782777659,107153392,-39373796293406840886516,97433194205523353501,0xa2d673f4a7ab35ad921bcfc217f7d329f18322fcb5f6bc78ace2fe1cb0a9b64a
0x238a358808379702088667322f80ac48bad5e6c4,1782777659,107153392,-1796601065803790801538,538450376445835597321,0xa2d673f4a7ab35ad921bcfc217f7d329f18322fcb5f6bc78ace2fe1cb0a9b64a
0x238a358808379702088667322f80ac48bad5e6c4,1782777659,107153392,-39475964830004642489886,102168536597801603370,0x703ee6ae273574bc1ac46f11c6725b14f03641926e95e3044bf660e02ee157b9
0x238a358808379702088667322f80ac48bad5e6c4,1782777659,107153393,744722486703262983600,511844146381944000000,0x6dd1e8a187fda73b14c08bb09cc50d7ccfc8ebc4e4812cdfacde369c12c7cbcd
0x238a358808379702088667322f80ac48bad5e6c4,1782777659,107153393,-40026159061658879863274,550194231654237373388,0x3aba7851b6e322d722692a8a287bddab51d0006d790b351cd128c465a3fa3788
0x238a358808379702088667322f80ac48bad5e6c4,1782777659,107153393,10895780467276143257612,1516739358069826691805,0x62e446a81c78300b83a51d103bdb10c4a7932d06050eee115e4c6226cdf52c27
0x238a358808379702088667322f80ac48bad5e6c4,1782777659,107153393,-40199080782240197871644,172921720581318008370,0xb55de80f371be014a25d32a13a433f7f6ecd1c9954548971419750d6830c273c
0x238a358808379702088667322f80ac48bad5e6c4,1782777659,107153393,-40224807827289727469925,25727045049529598281,0x6dd1e8a187fda73b14c08bb09cc50d7ccfc8ebc4e4812cdfacde369c12c7cbcd
0x238a358808379702088667322f80ac48bad5e6c4,1782777659,107153393,-3715972603332423985379,195920701120893808086,0x62e446a81c78300b83a51d103bdb10c4a7932d06050eee115e4c6226cdf52c27
0x238a358808379702088667322f80ac48bad5e6c4,1782777659,107153393,7331319509203093487650,438076701714507059236,0xb55de80f371be014a25d32a13a433f7f6ecd1c9954548971419750d6830c273c
0x238a358808379702088667322f80ac48bad5e6c4,1782777660,107153394,254178368513941194798023,17956832090151541013413,0xae179125d673d5d9483d8c625200d03a5a8383bf2e259ff32b347a2e022f9892
0x238a358808379702088667322f80ac48bad5e6c4,1782777660,107153394,-40174807827289727469925,50000000000000000000,0xc01fb241a639f718488074f9c003331f142e587553d32cfa288f1a9bcb3afb60
0x238a358808379702088667322f80ac48bad5e6c4,1782777660,107153394,-40223006914345036651883,48199087055309181958,0xb3b24cb34a5809bfecbbcab00aae29c9717e4b123dbe48628b8080a418c431b5
0x238a358808379702088667322f80ac48bad5e6c4,1782777660,107153394,1704125883771967124601,959403397068704141001,0xb3b24cb34a5809bfecbbcab00aae29c9717e4b123dbe48628b8080a418c431b5
0x238a358808379702088667322f80ac48bad5e6c4,1782777660,107153394,6857917562731570198783,473401946471523288867,0x969c2aba245c6e6cbcd802a103ad35efdc94fe1d10f1204d5aa228a28ce5c68c
0x238a358808379702088667322f80ac48bad5e6c4,1782777660,107153394,-40140225968848121651883,82780945496915000000,0xae179125d673d5d9483d8c625200d03a5a8383bf2e259ff32b347a2e022f9892
0x238a358808379702088667322f80ac48bad5e6c4,1782777660,107153394,-793542740743666311952,8239419452180961425,0xc01fb241a639f718488074f9c003331f142e587553d32cfa288f1a9bcb3afb60
0x238a358808379702088667322f80ac48bad5e6c4,1782777660,107153394,-39196700248022625968811,943525720825495683072,0x8b0b55b8a022a74bb0e5df3f52e43999fd59e376d02f3b0de92c0ceb309d4946
0x238a358808379702088667322f80ac48bad5e6c4,1782777660,107153394,-678155591721155036685819,35954630482575081345875,0x8b0b55b8a022a74bb0e5df3f52e43999fd59e376d02f3b0de92c0ceb309d4946
0x238a358808379702088667322f80ac48bad5e6c4,1782777660,107153394,-677556946327125242422636,598645394029794263183,0x38bbb71638ee69570893661dfd72de1edcd7b08c80770e547cdce0cc52ce17f8
0x238a358808379702088667322f80ac48bad5e6c4,1782777660,107153394,-39212422689148770450027,15722441126144481216,0x38bbb71638ee69570893661dfd72de1edcd7b08c80770e547cdce0cc52ce17f8
0x238a358808379702088667322f80ac48bad5e6c4,1782777660,107153394,-39290137352963491794958,77714663814721344931,0x947e4daaa2c9dadee4c32eb0ec92051d0d406357ee3a1e349c0e8b10d47b204e
0x238a358808379702088667322f80ac48bad5e6c4,1782777660,107153394,-674598254344705787880110,2958691982419454542526,0x947e4daaa2c9dadee4c32eb0ec92051d0d406357ee3a1e349c0e8b10d47b204e
0x238a358808379702088667322f80ac48bad5e6c4,1782777660,107153394,-4007014737282053124923,5711140621054020249524,0xfb2ee4c68d1a25e6aac2d287a782fb3452b25e7cdf273a7d278f209b0af83c5e
0x238a358808379702088667322f80ac48bad5e6c4,1782777660,107153394,-4640426449855824414940,633411712573771290017,0xfb2ee4c68d1a25e6aac2d287a782fb3452b25e7cdf273a7d278f209b0af83c5e
0x238a358808379702088667322f80ac48bad5e6c4,1782777660,107153394,-678544198475101777009250,3945944130395989129140,0x023fdee806f5e683524ae35e4d06e0561bc4dff51e49fecfd91f80666c748a9f
0x238a358808379702088667322f80ac48bad5e6c4,1782777660,107153394,-4046191285918530414940,594235163937294000000,0x362735140cbc1077e04b494e12a24bd85d08f367a72730e6693ba1f23e00820b
0x238a358808379702088667322f80ac48bad5e6c4,1782777660,107153394,-39320102868679668607339,29965515716176812381,0x362735140cbc1077e04b494e12a24bd85d08f367a72730e6693ba1f23e00820b
0x238a358808379702088667322f80ac48bad5e6c4,1782777660,107153394,-39216694195869010607339,103408672810658000000,0x023fdee806f5e683524ae35e4d06e0561bc4dff51e49fecfd91f80666c748a9f
0x238a358808379702088667322f80ac48bad5e6c4,1782777660,107153395,1593485327789525973158,189627287178039001088,0xc1e8acf372dbe4927fb369d21a9228347ce473be92a96183985f8f19bcc9912b
0x238a358808379702088667322f80ac48bad5e6c4,1782777660,107153395,-39260980942391319513130,44286746522308905791,0x458f208ab16c40c261ce101e554378d678d5dc0a28c20bbdd49438e8889f51e4
0x238a358808379702088667322f80ac48bad5e6c4,1782777660,107153395,-50952900931285919763273,7523607779363828760849,0x63b2885e74176f511c061577dd42206c3d4fe082e747f913e82a21e3398cb66c
0x238a358808379702088667322f80ac48bad5e6c4,1782777660,107153395,-801841100518714902674,440620343192625086323,0x432b8755185672335a392fca198c7cca38e80f26db6f74457bab3ff4861c8d8f
0x238a358808379702088667322f80ac48bad5e6c4,1782777660,107153395,447427719293658584740,4493619005212188999680,0x2c3d18b726903814072fa23ff2005ce93e50e8136826ffd5a2f0e4f3e11363fd
0x238a358808379702088667322f80ac48bad5e6c4,1782777660,107153395,-39487193517753126024689,226212575361806511559,0x2c3d18b726903814072fa23ff2005ce93e50e8136826ffd5a2f0e4f3e11363fd
0x238a358808379702088667322f80ac48bad5e6c4,1782777660,107153395,992728642555981171637,315983220711377506808,0x26bb7b1904d4fedbda21ba2a5c831d7453e06d2b2965c7ea62be1f5fce2231ab
0x238a358808379702088667322f80ac48bad5e6c4,1782777660,107153395,-39759558556128581867668,272365038375455842979,0x6e164619b2f0aaf9fd7fd10f12b9abc9ae84ec9080da33251b23514acecbc113
0x238a358808379702088667322f80ac48bad5e6c4,1782777660,107153395,-668194433181305905380992,10349765293795871628258,0x6e164619b2f0aaf9fd7fd10f12b9abc9ae84ec9080da33251b23514acecbc113
0x238a358808379702088667322f80ac48bad5e6c4,1782777660,107153395,-801776007911700694776,8233267168034382824,0x9018d17d2630f30d0166f23855c02d92bff3d5d37559ea84ff746be14ab62b02
0x238a358808379702088667322f80ac48bad5e6c4,1782777660,107153395,-40280222618048332949363,520664061919751081695,0xc1e8acf372dbe4927fb369d21a9228347ce473be92a96183985f8f19bcc9912b
0x238a358808379702088667322f80ac48bad5e6c4,1782777660,107153395,236582142052446687363764,17596226461494507434259,0x3522609fc22bed2baf3d8949fc8f9b0f138cc919b69f3be6c3ae90c432f3d01e
0x238a358808379702088667322f80ac48bad5e6c4,1782777660,107153395,-40199072784211537549363,81149833836795400000,0x3522609fc22bed2baf3d8949fc8f9b0f138cc919b69f3be6c3ae90c432f3d01e
0x238a358808379702088667322f80ac48bad5e6c4,1782777660,107153395,-40207487643699782143861,8414859488244594498,0x15582b139156645a5f4cc41aa4fa9389c257e9386c791972d04d97ed17557d9a
0x238a358808379702088667322f80ac48bad5e6c4,1782777660,107153395,-40157487643699782143861,50000000000000000000,0x9018d17d2630f30d0166f23855c02d92bff3d5d37559ea84ff746be14ab62b02
0x238a358808379702088667322f80ac48bad5e6c4,1782777660,107153395,614847540992425212665,167419821698766627925,0x15582b139156645a5f4cc41aa4fa9389c257e9386c791972d04d97ed17557d9a
0x238a358808379702088667322f80ac48bad5e6c4,1782777660,107153395,-3683798806019985785379,32173797312438200000,0x432b8755185672335a392fca198c7cca38e80f26db6f74457bab3ff4861c8d8f
0x238a358808379702088667322f80ac48bad5e6c4,1782777660,107153395,-3554380659452331471431,129418146567654313948,0xb53adad63edf65a98ff6c21fec4c9f854b18735b486451b2b6bb57e400bf45fe
0x238a358808379702088667322f80ac48bad5e6c4,1782777660,107153395,603877308567696333612,388851333988284838025,0xb53adad63edf65a98ff6c21fec4c9f854b18735b486451b2b6bb57e400bf45fe
0x238a358808379702088667322f80ac48bad5e6c4,1782777660,107153395,-667625682506743020453734,568750674562884927258,0xab5293dcef4f522a9c855a207aa5eda45ab190be2de4c0e379ccc82bafcfa47a
0x238a358808379702088667322f80ac48bad5e6c4,1782777660,107153395,-40172442826208533650120,14955182508751506259,0xab5293dcef4f522a9c855a207aa5eda45ab190be2de4c0e379ccc82bafcfa47a
0x238a358808379702088667322f80ac48bad5e6c4,1782777660,107153395,-666286095405397645111274,1339587101345375342460,0x0d6567177cd1e9a1e99697c12f10b3ac8521b215ee5614fc648fb3433e8aecab
0x238a358808379702088667322f80ac48bad5e6c4,1782777660,107153395,-40207669297139824309148,35226470931290659028,0x0d6567177cd1e9a1e99697c12f10b3ac8521b215ee5614fc648fb3433e8aecab
0x238a358808379702088667322f80ac48bad5e6c4,1782777660,107153395,-701020863632277146782675,34734768226879501671401,0xf4972dccbced71937e89f7dec08c975cfdf3ed54d53c687f275227ad582b2b66
0x238a358808379702088667322f80ac48bad5e6c4,1782777660,107153395,-699336908099059743546049,1683955533217403236626,0x458f208ab16c40c261ce101e554378d678d5dc0a28c20bbdd49438e8889f51e4
0x238a358808379702088667322f80ac48bad5e6c4,1782777660,107153395,-40294865478915437425526,87196181775613116378,0xfc7db87830356e6e1fafe738b951e5a1d52c706dac4743f9c47f6ffaaafaf7e9
0x238a358808379702088667322f80ac48bad5e6c4,1782777660,107153395,-40446951009373806118940,152085530458368693414,0x560599d8deb6be7ccf7d495a4a3b200e03d555f83845505b0bce6ee1bff4797a
0x238a358808379702088667322f80ac48bad5e6c4,1782777660,107153395,1648824474575161646888,55339146785635673730,0x560599d8deb6be7ccf7d495a4a3b200e03d555f83845505b0bce6ee1bff4797a
0x238a358808379702088667322f80ac48bad5e6c4,1782777660,107153395,-3449190708449487415280,105189951002844056151,0x26bb7b1904d4fedbda21ba2a5c831d7453e06d2b2965c7ea62be1f5fce2231ab
0x238a358808379702088667322f80ac48bad5e6c4,1782777660,107153395,-39533451008633830143311,913500000739975975629,0xf4972dccbced71937e89f7dec08c975cfdf3ed54d53c687f275227ad582b2b66
0x238a358808379702088667322f80ac48bad5e6c4,1782777660,107153395,-696021935508242154844075,3314972590817588701974,0xfc7db87830356e6e1fafe738b951e5a1d52c706dac4743f9c47f6ffaaafaf7e9
0x238a358808379702088667322f80ac48bad5e6c4,1782777661,107153396,-39575003823523738544129,41552814889908400818,0x365256c34092f959b11b511f114d797f697dc5e2019cef34f350a6d7a0a017ce
0x238a358808379702088667322f80ac48bad5e6c4,1782777661,107153396,-715953555490957893965315,19931619982715739121240,0x8363025d80d24188a255cb065cedbda6d98efd0e5e13064c7f422c609a91d312
0x238a358808379702088667322f80ac48bad5e6c4,1782777661,107153396,-39060636204695972093469,514367618827766450660,0xc5133ff8a5c40328891a050f9dd60c6babe268c9526b27a38d5745311ace891e
0x238a358808379702088667322f80ac48bad5e6c4,1782777661,107153396,5555850900972580634679,1302066661758989564104,0xc5133ff8a5c40328891a050f9dd60c6babe268c9526b27a38d5745311ace891e
0x238a358808379702088667322f80ac48bad5e6c4,1782777661,107153396,-715096115105941427582038,857440385016466383277,0x9be4884df9414fe68eb503851a018e1cf9845aa8c99a629f1fd1527327cca851
0x238a358808379702088667322f80ac48bad5e6c4,1782777661,107153396,-2701875516102616960216,747315192346870455064,0xc5133ff8a5c40328891a050f9dd60c6babe268c9526b27a38d5745311ace891e
0x238a358808379702088667322f80ac48bad5e6c4,1782777661,107153396,1441847540992425212665,827000000000000000000,0x365256c34092f959b11b511f114d797f697dc5e2019cef34f350a6d7a0a017ce
0x238a358808379702088667322f80ac48bad5e6c4,1782777661,107153396,-714303245279904702984663,792869826036724597375,0x75ca411aa7b346945c5784785f7e7fde44273f8f63ff36ee4b9f85b16fa9a4f8
0x238a358808379702088667322f80ac48bad5e6c4,1782777661,107153396,-39081557646930919506114,20921442234947412645,0x75ca411aa7b346945c5784785f7e7fde44273f8f63ff36ee4b9f85b16fa9a4f8
0x238a358808379702088667322f80ac48bad5e6c4,1782777661,107153396,5114200753727273847467,5781579713548869410145,0xc5133ff8a5c40328891a050f9dd60c6babe268c9526b27a38d5745311ace891e
0x238a358808379702088667322f80ac48bad5e6c4,1782777661,107153396,-39104351160822118382438,22793513891198876324,0x75ca411aa7b346945c5784785f7e7fde44273f8f63ff36ee4b9f85b16fa9a4f8
0x238a358808379702088667322f80ac48bad5e6c4,1782777661,107153396,-713439379562583792321537,863865717320910663126,0x75ca411aa7b346945c5784785f7e7fde44273f8f63ff36ee4b9f85b16fa9a4f8
0x238a358808379702088667322f80ac48bad5e6c4,1782777661,107153396,-39131445733102093149617,27094572279974767179,0x75ca411aa7b346945c5784785f7e7fde44273f8f63ff36ee4b9f85b16fa9a4f8
0x238a358808379702088667322f80ac48bad5e6c4,1782777661,107153396,-712412438711139055696990,1026940851444736624547,0x75ca411aa7b346945c5784785f7e7fde44273f8f63ff36ee4b9f85b16fa9a4f8
0x238a358808379702088667322f80ac48bad5e6c4,1782777661,107153396,4652376389766891264110,461824363960382583357,0x8c614b70a93b636f672a243fe7a57e0646891cf369b4b3e116b293ca07019ff0
0x238a358808379702088667322f80ac48bad5e6c4,1782777661,107153396,-756148583143404083501172,43736144432265027804182,0x73ea2844310ebc9fcd964a6099d7c254c6ffe898b0942a947ce0814612688447
0x238a358808379702088667322f80ac48bad5e6c4,1782777661,107153396,-38918002885678557382689,213442847423535766928,0x8415b8ae1c39957eb3a13b290b280ddc95aafda70756a192622189750b5e9a6c
0x238a358808379702088667322f80ac48bad5e6c4,1782777661,107153396,5015865833095655283646,539985067876925351033,0x8415b8ae1c39957eb3a13b290b280ddc95aafda70756a192622189750b5e9a6c
0x238a358808379702088667322f80ac48bad5e6c4,1782777661,107153396,-755580035022849123444691,568548120554960056481,0x75ca411aa7b346945c5784785f7e7fde44273f8f63ff36ee4b9f85b16fa9a4f8
0x238a358808379702088667322f80ac48bad5e6c4,1782777661,107153396,-38933005855790316317578,15002970111758934889,0x75ca411aa7b346945c5784785f7e7fde44273f8f63ff36ee4b9f85b16fa9a4f8
0x238a358808379702088667322f80ac48bad5e6c4,1782777661,107153396,-751352869011908649829808,4227166010940473614883,0x75ca411aa7b346945c5784785f7e7fde44273f8f63ff36ee4b9f85b16fa9a4f8
0x238a358808379702088667322f80ac48bad5e6c4,1782777661,107153396,-39044571579579133337556,111565723788817019978,0x75ca411aa7b346945c5784785f7e7fde44273f8f63ff36ee4b9f85b16fa9a4f8
0x238a358808379702088667322f80ac48bad5e6c4,1782777661,107153396,-38518704370272916525713,525867209306216811843,0x8363025d80d24188a255cb065cedbda6d98efd0e5e13064c7f422c609a91d312
0x238a358808379702088667322f80ac48bad5e6c4,1782777661,107153396,-2642140399531413605117,59735116571203355099,0x8c614b70a93b636f672a243fe7a57e0646891cf369b4b3e116b293ca07019ff0
0x238a358808379702088667322f80ac48bad5e6c4,1782777661,107153396,-38813089763802924674800,294385393530008149087,0x700976d9cc0fcd3d03cfd263ade3df676b1511aba5bbedd8363690be3e58c259
0x238a358808379702088667322f80ac48bad5e6c4,1782777661,107153396,-740186319132177883451594,11166549879730766378214,0x700976d9cc0fcd3d03cfd263ade3df676b1511aba5bbedd8363690be3e58c259
0x238a358808379702088667322f80ac48bad5e6c4,1782777661,107153396,-38885709128809669927395,72619365006745252595,0x700976d9cc0fcd3d03cfd263ade3df676b1511aba5bbedd8363690be3e58c259
0x238a358808379702088667322f80ac48bad5e6c4,1782777661,107153396,-737430424852680896842567,2755894279496986609027,0x700976d9cc0fcd3d03cfd263ade3df676b1511aba5bbedd8363690be3e58c259
0x238a358808379702088667322f80ac48bad5e6c4,1782777661,107153396,-38931080474589000991151,45371345779331063756,0x700976d9cc0fcd3d03cfd263ade3df676b1511aba5bbedd8363690be3e58c259
0x238a358808379702088667322f80ac48bad5e6c4,1782777661,107153396,406658596733688361585,442434003983652394489,0x8c614b70a93b636f672a243fe7a57e0646891cf369b4b3e116b293ca07019ff0
0x238a358808379702088667322f80ac48bad5e6c4,1782777661,107153396,-748833759285928344707168,11403334433247447864601,0xe8c0b8b53c3591bade690185cc79d2de572158ccdfc4c2ff23954e2d968617e0
0x238a358808379702088667322f80ac48bad5e6c4,1782777661,107153396,23972963018253786938,579758965979877620,0xb68d90345520efd3c257f18eeb06d616345c1c21d3bf44cde9112dcb1d55cb2b
0x238a358808379702088667322f80ac48bad5e6c4,1782777661,107153396,501210790141741781513,296767877936980000000,0x35068410e340c8518abfb1791e7e9fd0eb4d906c5a12ad0ffe593357db5f99bf
0x238a358808379702088667322f80ac48bad5e6c4,1782777661,107153396,-38950218883417900028027,19138408828899036876,0xb68d90345520efd3c257f18eeb06d616345c1c21d3bf44cde9112dcb1d55cb2b
0x238a358808379702088667322f80ac48bad5e6c4,1782777661,107153396,-747111658972447021813057,1722100313481322894111,0x700976d9cc0fcd3d03cfd263ade3df676b1511aba5bbedd8363690be3e58c259
0x238a358808379702088667322f80ac48bad5e6c4,1782777661,107153396,-38984845641971945814998,34626758554045786971,0x700976d9cc0fcd3d03cfd263ade3df676b1511aba5bbedd8363690be3e58c259
0x238a358808379702088667322f80ac48bad5e6c4,1782777661,107153396,-38934845641971945814998,50000000000000000000,0x625bd1300091d34d6911b0214023c89012ddf24b522a492a7bc8d05f6ec869b8
0x238a358808379702088667322f80ac48bad5e6c4,1782777661,107153396,-810003129683781483892,8227121772080789116,0x625bd1300091d34d6911b0214023c89012ddf24b522a492a7bc8d05f6ec869b8
0x238a358808379702088667322f80ac48bad5e6c4,1782777661,107153396,-38935038960459634262899,193318487688447901,0xb68d90345520efd3c257f18eeb06d616345c1c21d3bf44cde9112dcb1d55cb2b
0x238a358808379702088667322f80ac48bad5e6c4,1782777661,107153396,-745797239953448884027226,1314419018998137785831,0x700976d9cc0fcd3d03cfd263ade3df676b1511aba5bbedd8363690be3e58c259
0x238a358808379702088667322f80ac48bad5e6c4,1782777661,107153396,-38954520804886085148424,19481844426450885525,0x700976d9cc0fcd3d03cfd263ade3df676b1511aba5bbedd8363690be3e58c259
0x238a358808379702088667322f80ac48bad5e6c4,1782777661,107153396,-745057664228804778342237,739575724644105684989,0x700976d9cc0fcd3d03cfd263ade3df676b1511aba5bbedd8363690be3e58c259
0x238a358808379702088667322f80ac48bad5e6c4,1782777661,107153396,94707300038820855610,70734337020567068672,0x707a9197216ed466bacce3adbaf440f30b6f757dfcde1584af9390e717f38c37
0x238a358808379702088667322f80ac48bad5e6c4,1782777661,107153396,-3341454517178998441896,11436899804753608441896,0x707a9197216ed466bacce3adbaf440f30b6f757dfcde1584af9390e717f38c37
0x238a358808379702088667322f80ac48bad5e6c4,1782777661,107153396,-38977123864096573388451,22603059210488240027,0x9be4884df9414fe68eb503851a018e1cf9845aa8c99a629f1fd1527327cca851
0x238a358808379702088667322f80ac48bad5e6c4,1782777661,107153397,-39370423037979102770819,393299173882529382368,0xb176d28c61d1e4cd3bacb42de54f3ec901f91739f574dbae48812afe803b4c14
0x238a358808379702088667322f80ac48bad5e6c4,1782777661,107153397,-818224112937822663088,8220983254041179196,0x92699b4e6b208e3e91411ad2b452454fd9f4197646f6e070313baaa02f643aff
0x238a358808379702088667322f80ac48bad5e6c4,1782777661,107153397,-39320423037979102770819,50000000000000000000,0x92699b4e6b208e3e91411ad2b452454fd9f4197646f6e070313baaa02f643aff
0x238a358808379702088667322f80ac48bad5e6c4,1782777661,107153397,-39160524588606957961628,159898449372144809191,0x118983f7f52420c75eeb2619a5b1149d44655abf06f634b0ccb1c30a8cb1cf14
0x238a358808379702088667322f80ac48bad5e6c4,1782777661,107153397,30423212735292767608735,876663969587353614071,0x118983f7f52420c75eeb2619a5b1149d44655abf06f634b0ccb1c30a8cb1cf14
0x238a358808379702088667322f80ac48bad5e6c4,1782777661,107153397,-730149335123125403666313,14908329105679374675924,0xb176d28c61d1e4cd3bacb42de54f3ec901f91739f574dbae48812afe803b4c14
0x238a358808379702088667322f80ac48bad5e6c4,1782777661,107153397,-39094018691017221961628,66505897589736000000,0xb955d936d10126e75640471402c6c7c8fa6f857617752a396d1e2d29062742b4
0x238a358808379702088667322f80ac48bad5e6c4,1782777661,107153397,222166257866808035731439,14415884185638651632325,0xb955d936d10126e75640471402c6c7c8fa6f857617752a396d1e2d29062742b4
0x238a358808379702088667322f80ac48bad5e6c4,1782777661,107153397,-867062988859682,867062988859682,0xdd124e8b4c52eefcd6be0f35fdbe2bbfb0415ac1e7dfdf5415bf7414e8e90c13
0x238a358808379702088667322f80ac48bad5e6c4,1782777661,107153397,-96100608691238326418,363249978491458773,0xdd124e8b4c52eefcd6be0f35fdbe2bbfb0415ac1e7dfdf5415bf7414e8e90c13
0x238a358808379702088667322f80ac48bad5e6c4,1782777661,107153397,-39103745239213147924213,9726548195925962585,0x9611fbcb4fb4a4b265338ef111c323c5ec76206300483b49e465a6fd53311698
0x238a358808379702088667322f80ac48bad5e6c4,1782777661,107153397,-729780449016587423109117,368886106537980557196,0x9611fbcb4fb4a4b265338ef111c323c5ec76206300483b49e465a6fd53311698
0x238a358808379702088667322f80ac48bad5e6c4,1782777661,107153397,-729632819651607040532847,147629364980382576270,0x9ddc6d3c4bb622ea2ca8722f7d4c00f89d717dbdb3c3ce01d36c37d431e07d21
0x238a358808379702088667322f80ac48bad5e6c4,1782777661,107153397,-39288336052541152067009,184590813328004142796,0x9ddc6d3c4bb622ea2ca8722f7d4c00f89d717dbdb3c3ce01d36c37d431e07d21
0x238a358808379702088667322f80ac48bad5e6c4,1782777661,107153397,-38857851543432004844229,430484509109147222780,0x3ba7e2bc250d34dc4a8e9b2c0c90478630e635adc4a18465b83281c5da9dd635
0x238a358808379702088667322f80ac48bad5e6c4,1782777661,107153397,-722642344957774595631672,6990474693832444901175,0x9ddc6d3c4bb622ea2ca8722f7d4c00f89d717dbdb3c3ce01d36c37d431e07d21
0x238a358808379702088667322f80ac48bad5e6c4,1782777661,107153397,-38882725830186392749869,24874286754387905640,0x9ddc6d3c4bb622ea2ca8722f7d4c00f89d717dbdb3c3ce01d36c37d431e07d21
0x238a358808379702088667322f80ac48bad5e6c4,1782777661,107153397,-721700096431374562238207,942248526400033393465,0x9ddc6d3c4bb622ea2ca8722f7d4c00f89d717dbdb3c3ce01d36c37d431e07d21
0x238a358808379702088667322f80ac48bad5e6c4,1782777661,107153397,-738004575995158292293144,16304479563783730054937,0x3ba7e2bc250d34dc4a8e9b2c0c90478630e635adc4a18465b83281c5da9dd635
0x238a358808379702088667322f80ac48bad5e6c4,1782777661,107153397,-38927482205985959434167,44756375799566684298,0x9ddc6d3c4bb622ea2ca8722f7d4c00f89d717dbdb3c3ce01d36c37d431e07d21
0x238a358808379702088667322f80ac48bad5e6c4,1782777661,107153397,-736309032030388927965891,1695543964769364327253,0x9ddc6d3c4bb622ea2ca8722f7d4c00f89d717dbdb3c3ce01d36c37d431e07d21
0x238a358808379702088667322f80ac48bad5e6c4,1782777661,107153397,-38931378853647108860861,3896647661149426694,0x9ddc6d3c4bb622ea2ca8722f7d4c00f89d717dbdb3c3ce01d36c37d431e07d21
0x238a358808379702088667322f80ac48bad5e6c4,1782777662,107153398,-744562112944889038519251,8253080914500110553360,0x0de6460f55822db7b7d7463487e19529a9c36bb2ab4bb9718a41eea37d4b98b2
0x238a358808379702088667322f80ac48bad5e6c4,1782777662,107153398,-38823752973065274374943,107625880581834485918,0x7750cde26116c9059e71cc6c4ab5a10e06075095254cadfab97fdd9db544a0d9
0x238a358808379702088667322f80ac48bad5e6c4,1782777662,107153398,-38843381346177095767301,19628373111821392358,0xa54c7e434e97bea236f4d274c4977aa16969869b94186dae9004cb2b510f688f
0x238a358808379702088667322f80ac48bad5e6c4,1782777662,107153398,20366724832257212067948,2474097921045450033566,0x1f1dd2ae32e32d6279f5b8979d28e55cb90dfa2efa8514a5d8e87cb643f9b3f1
0x238a358808379702088667322f80ac48bad5e6c4,1782777662,107153398,4468747794620053439400,547118038475601844246,0x0de6460f55822db7b7d7463487e19529a9c36bb2ab4bb9718a41eea37d4b98b2
0x238a358808379702088667322f80ac48bad5e6c4,1782777662,107153398,3975674705066297289392,493073089553756150008,0xf4b12a267cb04e92624ffa65d1c366b00ae5df038f4222bd454681dfbd537f48
0x238a358808379702088667322f80ac48bad5e6c4,1782777662,107153398,-38734027754652657485055,109353591524438282246,0x1f1dd2ae32e32d6279f5b8979d28e55cb90dfa2efa8514a5d8e87cb643f9b3f1
0x238a358808379702088667322f80ac48bad5e6c4,1782777662,107153398,-38701021749779975511655,33006004872681973400,0x1f1dd2ae32e32d6279f5b8979d28e55cb90dfa2efa8514a5d8e87cb643f9b3f1
0x238a358808379702088667322f80ac48bad5e6c4,1782777662,107153398,3746682218087612428987,228992486978684860405,0xf0c37b8023a3b847e16290abf5e08a80b52092819d32b934cc30ec3baee8cd15
0x238a358808379702088667322f80ac48bad5e6c4,1782777662,107153398,-38610455082980231554572,90566666799743957083,0xf0c37b8023a3b847e16290abf5e08a80b52092819d32b934cc30ec3baee8cd15
0x238a358808379702088667322f80ac48bad5e6c4,1782777662,107153398,-2622198747220212431002,825597681416421629464,0x1f1dd2ae32e32d6279f5b8979d28e55cb90dfa2efa8514a5d8e87cb643f9b3f1
0x238a358808379702088667322f80ac48bad5e6c4,1782777662,107153398,110209526132716183919,391001264009025597594,0xb15ea3d2ccbfe6fc6e937025b9c44dd2f21c21f2b68cf3f4401de91bc26a5329
0x238a358808379702088667322f80ac48bad5e6c4,1782777662,107153398,-38546891151739289620789,63563931240941933783,0x72c14d1fdfc1dc34f0250408927011f584c57076213d96d0b4f16c040cb96c81
0x238a358808379702088667322f80ac48bad5e6c4,1782777662,107153398,-3101995113328175001832,479796366107962570830,0x72c14d1fdfc1dc34f0250408927011f584c57076213d96d0b4f16c040cb96c81
0x238a358808379702088667322f80ac48bad5e6c4,1782777662,107153398,12300971489893469259587,8065753342363742808361,0x7750cde26116c9059e71cc6c4ab5a10e06075095254cadfab97fdd9db544a0d9
0x238a358808379702088667322f80ac48bad5e6c4,1782777662,107153398,-743818675159260836737118,743437785628201782133,0xa54c7e434e97bea236f4d274c4977aa16969869b94186dae9004cb2b510f688f
0x238a358808379702088667322f80ac48bad5e6c4,1782777662,107153398,10719333809999999999985,10719333809999999999985,0xbf138328a6ac771d3c92f0ec9b07d60f7849f18687e0f01cea70b117ea3e0fe4
0x238a358808379702088667322f80ac48bad5e6c4,1782777662,107153398,-38546888979546054521389,2172193235099400,0xbf138328a6ac771d3c92f0ec9b07d60f7849f18687e0f01cea70b117ea3e0fe4
0x238a358808379702088667322f80ac48bad5e6c4,1782777662,107153398,-755355295029514826626558,11536619870253989889440,0x2e0399fdf4ff55fc50131dbfa8dd42fa62e2f176cdeb019b135e97a58b564a9b
0x238a358808379702088667322f80ac48bad5e6c4,1782777662,107153398,28584596222776774365786,1838616512515993242949,0x1d06f3e95679fa2b4c7379669d3611b5886d22f35d9bdf7d0240b13d2a660dc8
0x238a358808379702088667322f80ac48bad5e6c4,1782777662,107153398,-38211400196044660070283,335488783501394451106,0x1d06f3e95679fa2b4c7379669d3611b5886d22f35d9bdf7d0240b13d2a660dc8
0x238a358808379702088667322f80ac48bad5e6c4,1782777662,107153398,-1657707692,43540894,0x788c4c80d19d9555804dc54f927d8ea017158c8e5c68c4da7cc83ff678fe30f6
0x238a358808379702088667322f80ac48bad5e6c4,1782777662,107153398,-2666030165393465509178,23889765862051904061,0x788c4c80d19d9555804dc54f927d8ea017158c8e5c68c4da7cc83ff678fe30f6
0x238a358808379702088667322f80ac48bad5e6c4,1782777662,107153398,-37907033296938471130778,304366899106188939505,0x2e0399fdf4ff55fc50131dbfa8dd42fa62e2f176cdeb019b135e97a58b564a9b
0x238a358808379702088667322f80ac48bad5e6c4,1782777662,107153398,-37857033296938471130778,50000000000000000000,0xd5a74a97847b1815785332845e3d277c91f2afcf4f08a2ce55f4485dc2b58313
0x238a358808379702088667322f80ac48bad5e6c4,1782777662,107153398,27884596222776774365786,700000000000000000000,0x34ac9539d56c37a4195868a82a52513ed9245ff6ef081f502f4f1a5b6e7b2f82
0x238a358808379702088667322f80ac48bad5e6c4,1782777662,107153398,-826438964541478381623,8214851603655718535,0xd5a74a97847b1815785332845e3d277c91f2afcf4f08a2ce55f4485dc2b58313
0x238a358808379702088667322f80ac48bad5e6c4,1782777662,107153398,-37807033296938471130778,50000000000000000000,0xf9c1d09ee064663e1c231e3ce1da1db53c49d75d18226284cbb72353bdfe93b1
0x238a358808379702088667322f80ac48bad5e6c4,1782777662,107153398,-834647691352162077930,8208726810683696307,0xf9c1d09ee064663e1c231e3ce1da1db53c49d75d18226284cbb72353bdfe93b1
0x238a358808379702088667322f80ac48bad5e6c4,1782777662,107153398,-37679257315009853275195,127775981928617855583,0x34ac9539d56c37a4195868a82a52513ed9245ff6ef081f502f4f1a5b6e7b2f82
0x238a358808379702088667322f80ac48bad5e6c4,1782777662,107153399,4286667285964537780020,539985067876925351033,0xa12ecd7186f3ca947a669465357b4ae5b5ea7047b179badac6eaf15dd9bf336f
0x238a358808379702088667322f80ac48bad5e6c4,1782777662,107153399,-1514115613394630074128,210180986579732434859,0xe4b7ccb2700aca62729cd94ead5a7ae2e439da2b45ca1c4491a279dbb63f6f8d
0x238a358808379702088667322f80ac48bad5e6c4,1782777662,107153399,-37857831457910763293322,178574142900910018127,0x2336a7748729ada71be33860e3ff806bb60bc0c5db50ea9641624cf879898ebd
0x238a358808379702088667322f80ac48bad5e6c4,1782777662,107153399,-870364271760287075204,643751341634342998924,0x2336a7748729ada71be33860e3ff806bb60bc0c5db50ea9641624cf879898ebd
0x238a358808379702088667322f80ac48bad5e6c4,1782777662,107153399,-842850300217065560567,8202608864903482637,0x5caacd4a71ff6c2b7ac959d923a937726a3025725d0c3f0067b881dba80f3570
0x238a358808379702088667322f80ac48bad5e6c4,1782777662,107153399,26980540630571743559087,904055592205030806699,0x979b047453135bca228a1c54318cd8a90f92fbf44de4d957f63ee148272e0221
0x238a358808379702088667322f80ac48bad5e6c4,1782777662,107153399,5398852604354346137147,1112185318389808357127,0x0b1f2f895ae15a32021deb9f20dc06d7e2466b63d289af3e62df7cb2574a95e3
0x238a358808379702088667322f80ac48bad5e6c4,1782777662,107153399,-38297490406354122686549,439658948443359393227,0x0b1f2f895ae15a32021deb9f20dc06d7e2466b63d289af3e62df7cb2574a95e3
0x238a358808379702088667322f80ac48bad5e6c4,1782777662,107153399,-38468996709826993358971,171506303472870672422,0xbc81279b9d2d5b195262a8d0eb303e56d9510264376125ceb6ea50d55bdcd78a
0x238a358808379702088667322f80ac48bad5e6c4,1782777662,107153399,-252184899466956384440,618179372293330690764,0xbc81279b9d2d5b195262a8d0eb303e56d9510264376125ceb6ea50d55bdcd78a
0x238a358808379702088667322f80ac48bad5e6c4,1782777662,107153399,-38635367655845749488759,166370946018756129788,0x476b43c4c33ca7e599a84d15f394e95fa516353392eba810b425dc061013462a
0x238a358808379702088667322f80ac48bad5e6c4,1782777662,107153399,347551208757302788420,599736108224259172860,0x476b43c4c33ca7e599a84d15f394e95fa516353392eba810b425dc061013462a
0x238a358808379702088667322f80ac48bad5e6c4,1782777662,107153399,331361140004647934558,1110486400987777278107,0x15ecc29712150581802c6541d1b01570d5d9c965044f036c4cc4fb381a3e4552
0x238a358808379702088667322f80ac48bad5e6c4,1782777662,107153399,-38579554631933099788759,55813023912649700000,0x15ecc29712150581802c6541d1b01570d5d9c965044f036c4cc4fb381a3e4552
0x238a358808379702088667322f80ac48bad5e6c4,1782777662,107153399,-1606652569,51055123,0x7c30dd0aeb502d76b86a746d787591532a8ce7886923c865d43ebfd84863e45b
0x238a358808379702088667322f80ac48bad5e6c4,1782777662,107153399,-2694032339655760518573,28002174262295009395,0x7c30dd0aeb502d76b86a746d787591532a8ce7886923c865d43ebfd84863e45b
0x238a358808379702088667322f80ac48bad5e6c4,1782777662,107153399,-38529554631933099788759,50000000000000000000,0x5caacd4a71ff6c2b7ac959d923a937726a3025725d0c3f0067b881dba80f3570
0x238a358808379702088667322f80ac48bad5e6c4,1782777662,107153399,-38743131050145195647039,213576418212095858280,0xa12ecd7186f3ca947a669465357b4ae5b5ea7047b179badac6eaf15dd9bf336f
0x238a358808379702088667322f80ac48bad5e6c4,1782777662,107153399,-38684828410874262326948,58302639270933320091,0xe4b7ccb2700aca62729cd94ead5a7ae2e439da2b45ca1c4491a279dbb63f6f8d
0x238a358808379702088667322f80ac48bad5e6c4,1782777662,107153399,90050672103565588851,257500536653737199569,0x0fd3fc5dd7c9b0d81f98ab846d724ed21825cf92033ad68f32d49dda79b6addf
0x238a358808379702088667322f80ac48bad5e6c4,1782777662,107153399,-38613409019580928361492,71419391293333965456,0x0fd3fc5dd7c9b0d81f98ab846d724ed21825cf92033ad68f32d49dda79b6addf
0x238a358808379702088667322f80ac48bad5e6c4,1782777662,107153399,-173833215515108447207,263883887618674036058,0x0f340139e8c735cbe5addbf392896bdab6d4eacc51c3be1046a48a0d1d6e2fee
0x238a358808379702088667322f80ac48bad5e6c4,1782777662,107153399,-38540169544273388301110,73239475307540060382,0x0f340139e8c735cbe5addbf392896bdab6d4eacc51c3be1046a48a0d1d6e2fee
0x238a358808379702088667322f80ac48bad5e6c4,1782777662,107153399,99821502921334690277,273654718436443137484,0x6ff14c282b386fb0163661dd9340188a4ba849fe1fdd383d1a6106355433b33a
0x238a358808379702088667322f80ac48bad5e6c4,1782777662,107153399,-38616060034822263531339,75890490548875230229,0x6ff14c282b386fb0163661dd9340188a4ba849fe1fdd383d1a6106355433b33a
0x238a358808379702088667322f80ac48bad5e6c4,1782777662,107153399,-38492973173349063665483,123086861473199865856,0xc28692f3e93659a28c8e3f512d1db50097b92a9143aa770699b047386c022857
0x238a358808379702088667322f80ac48bad5e6c4,1782777662,107153399,-760015742676750563239499,4660447647235736612941,0xc28692f3e93659a28c8e3f512d1db50097b92a9143aa770699b047386c022857
0x238a358808379702088667322f80ac48bad5e6c4,1782777662,107153399,-38318570590657718508254,174402582691345157229,0x5ce7e63bbf6898e33f18bacd67fac7aba815bc24ed0b33507c76f477eaf49caa
0x238a358808379702088667322f80ac48bad5e6c4,1782777662,107153399,-528489234592200944489,628310737513535634766,0x5ce7e63bbf6898e33f18bacd67fac7aba815bc24ed0b33507c76f477eaf49caa
0x238a358808379702088667322f80ac48bad5e6c4,1782777662,107153399,-38225406164862314713900,93164425795403794354,0xb2fdfb4e51437f0b2723c304a67d1e6911c2b5f2e018874e57ad88d51b7119f6
0x238a358808379702088667322f80ac48bad5e6c4,1782777662,107153399,-864341455197786081291,335852220605585136802,0xb2fdfb4e51437f0b2723c304a67d1e6911c2b5f2e018874e57ad88d51b7119f6
0x238a358808379702088667322f80ac48bad5e6c4,1782777662,107153399,-694188624371745496041,170152830826040585250,0x9e155ab227cc057363505fc70d6cdecc1dca059ad040b55e290d4c94baaca1d1
0x238a358808379702088667322f80ac48bad5e6c4,1782777662,107153399,-38272645926949179307822,47239762086864593922,0x9e155ab227cc057363505fc70d6cdecc1dca059ad040b55e290d4c94baaca1d1
0x238a358808379702088667322f80ac48bad5e6c4,1782777663,107153400,-234145785471709839621,460042838900035656420,0x7fea704b0b7bb042e94b09690893bc68ae3bccf63177ebe2506048bce399445c
0x238a358808379702088667322f80ac48bad5e6c4,1782777663,107153400,-755121564452785353015139,4894178223965210224360,0x56b638d0e085ad4bc4de1520191db7012e8f3d90a342eb90065388e842dfb9c0
0x238a358808379702088667322f80ac48bad5e6c4,1782777663,107153400,-2720664976190796995429,26632636535036476856,0x7e8759b3898443c8c62ec85235845afef24dbfe8cbac7ffd09fb5da30a6dba22
0x238a358808379702088667322f80ac48bad5e6c4,1782777663,107153400,-38401975016113595893584,129329089164416585762,0x56b638d0e085ad4bc4de1520191db7012e8f3d90a342eb90065388e842dfb9c0
0x238a358808379702088667322f80ac48bad5e6c4,1782777663,107153400,-38506949167021624402575,104974150908028508991,0x22b2156db09d7c37e4f1c08b43fa147c3b4ecd608c70f7dd2e6ecb386881e378
0x238a358808379702088667322f80ac48bad5e6c4,1782777663,107153400,143758349511949731192,377904134983659570813,0x22b2156db09d7c37e4f1c08b43fa147c3b4ecd608c70f7dd2e6ecb386881e378
0x238a358808379702088667322f80ac48bad5e6c4,1782777663,107153400,-264240036201648524713,407998385713598255905,0x3246f6cc33aed89ea22961db8951ac7dbd7edbb40a9b29acee4fbfa90f645465
0x238a358808379702088667322f80ac48bad5e6c4,1782777663,107153400,-38393595877841137861466,113353289180486541109,0x3246f6cc33aed89ea22961db8951ac7dbd7edbb40a9b29acee4fbfa90f645465
0x238a358808379702088667322f80ac48bad5e6c4,1782777663,107153400,-38521303787323717775067,127707909482579913601,0x7fea704b0b7bb042e94b09690893bc68ae3bccf63177ebe2506048bce399445c
0x238a358808379702088667322f80ac48bad5e6c4,1782777663,107153400,-765914221102281665174390,10792656649496312159251,0xfdd19a2569afa1c81c71967babaf7cacb7d39830906b5702e668cc8736bce391
0x238a358808379702088667322f80ac48bad5e6c4,1782777663,107153400,-913850059551701075359,649610023350052550646,0x28a13c93befd462b7c3044dbdaec13139ab5531269954866bf5df15e04c7065a
0x238a358808379702088667322f80ac48bad5e6c4,1782777663,107153400,-38340966569537360625835,180337217786357149232,0x28a13c93befd462b7c3044dbdaec13139ab5531269954866bf5df15e04c7065a
0x238a358808379702088667322f80ac48bad5e6c4,1782777663,107153400,-38374072417664659161712,33105848127298535877,0x56b638d0e085ad4bc4de1520191db7012e8f3d90a342eb90065388e842dfb9c0
0x238a358808379702088667322f80ac48bad5e6c4,1782777663,107153400,-764661137797144714496767,1253083305136950677623,0x56b638d0e085ad4bc4de1520191db7012e8f3d90a342eb90065388e842dfb9c0
0x238a358808379702088667322f80ac48bad5e6c4,1782777663,107153400,-1558075371,48577198,0x7e8759b3898443c8c62ec85235845afef24dbfe8cbac7ffd09fb5da30a6dba22
0x238a358808379702088667322f80ac48bad5e6c4,1782777663,107153400,-38295500227991746583268,78572189672912578444,0xfdd19a2569afa1c81c71967babaf7cacb7d39830906b5702e668cc8736bce391
0x238a358808379702088667322f80ac48bad5e6c4,1782777663,107153400,-38315802862199297373642,20302634207550790374,0x898a98254f4d97df9f9d8a790eed599a4da279653005c1122e5bae3ee3461bd6
0x238a358808379702088667322f80ac48bad5e6c4,1782777663,107153400,-763892613225505257879375,768524571639456617392,0x898a98254f4d97df9f9d8a790eed599a4da279653005c1122e5bae3ee3461bd6
0x238a358808379702088667322f80ac48bad5e6c4,1782777663,107153400,-38208565392165429132205,107237470033868241437,0xcbe92d364d8976d5e5d14cfa994b5ce90ab9eedf1dfcb63a2d07c569037bbe64
0x238a358808379702088667322f80ac48bad5e6c4,1782777663,107153400,-1300100864532306874714,386250804980605799355,0xcbe92d364d8976d5e5d14cfa994b5ce90ab9eedf1dfcb63a2d07c569037bbe64
0x238a358808379702088667322f80ac48bad5e6c4,1782777663,107153400,-1583367052918510035109,283266188386203160395,0xfdd19a2569afa1c81c71967babaf7cacb7d39830906b5702e668cc8736bce391
0x238a358808379702088667322f80ac48bad5e6c4,1782777663,107153400,-37923369780860333778740,285195611305095353465,0xfdd19a2569afa1c81c71967babaf7cacb7d39830906b5702e668cc8736bce391
0x238a358808379702088667322f80ac48bad5e6c4,1782777663,107153401,1446470684573599361585,1039812087839911000000,0x0b961521df40317cd3efca4e25ebf901f1d87904cebcf07b834f1a16db5bb5e6
0x238a358808379702088667322f80ac48bad5e6c4,1782777663,107153401,-814145984750758853233774,50253371525253595354399,0x675589ef1606a6e89641d0d2b96293be9098ac96e472b5f4b0e3baeac17e3435
0x238a358808379702088667322f80ac48bad5e6c4,1782777663,107153401,-36593269632386009168457,1330100148474324610283,0x675589ef1606a6e89641d0d2b96293be9098ac96e472b5f4b0e3baeac17e3435
0x238a358808379702088667322f80ac48bad5e6c4,1782777663,107153401,-2304281231893194317480,720914178974684282371,0xe1b42fc0bfcb9460868a091e3e577541899856c0ff3376200a041d3aaa0bae56
0x238a358808379702088667322f80ac48bad5e6c4,1782777663,107153402,-36859362642635441259898,266093010249432091441,0xfda2797b644ada98eaad46c928a86698b9cc5c4b4587d67cd8327668d299f297
0x238a358808379702088667322f80ac48bad5e6c4,1782777663,107153402,-36907339950928722610687,47977308293281350789,0x9131b8a7166eca7fa181cdc6de323afe9439713c916248a6f20b480fe757ac2d
0x238a358808379702088667322f80ac48bad5e6c4,1782777663,107153402,739396400463322333612,135519091895626000000,0x64452b3e2208cb322b3ce1badafd86a9042256c11b479862a0e1f4a604117d46
0x238a358808379702088667322f80ac48bad5e6c4,1782777663,107153402,3088488927986417916555,1563887461780473347555,0xe092c714714f8087b3dc40a07f80ac82b89ae11d5cf5597cc2f737b21654da43
0x238a358808379702088667322f80ac48bad5e6c4,1782777663,107153402,-2518280336875521283596,202384639315275711833,0xe092c714714f8087b3dc40a07f80ac82b89ae11d5cf5597cc2f737b21654da43
0x238a358808379702088667322f80ac48bad5e6c4,1782777663,107153402,-2349988953226000283596,168291383649521000000,0x1256cf805aec947b7d756c736ee9ea684f93d7bd94322ce9a8764aa5bb982c86
0x238a358808379702088667322f80ac48bad5e6c4,1782777663,107153402,1787644011629380304949,1300844916357037611606,0x1256cf805aec947b7d756c736ee9ea684f93d7bd94322ce9a8764aa5bb982c86
0x238a358808379702088667322f80ac48bad5e6c4,1782777663,107153402,5863442859235114137147,464590254880768000000,0x52cbf71bdff71e49aab5c8f2f2fe45073b2de39a0c487c9a75362cce553522b1
0x238a358808379702088667322f80ac48bad5e6c4,1782777663,107153402,-79886658116198769471,16213950575039556947,0xac2a82d93e2038eb409a6536b1456fe81e9332066d58cd180b9292bad356bbc0
0x238a358808379702088667322f80ac48bad5e6c4,1782777663,107153402,-37090903617932373144623,183563667003650533936,0x52cbf71bdff71e49aab5c8f2f2fe45073b2de39a0c487c9a75362cce553522b1
0x238a358808379702088667322f80ac48bad5e6c4,1782777663,107153402,-850964863223181187182,8114563006115626615,0xeb85be6d2d819376d5e76683e24b6811db253a0c7da068f21c12d0e12a0f9e7a
0x238a358808379702088667322f80ac48bad5e6c4,1782777663,107153402,-37041403617932373144623,49500000000000000000,0xeb85be6d2d819376d5e76683e24b6811db253a0c7da068f21c12d0e12a0f9e7a
0x238a358808379702088667322f80ac48bad5e6c4,1782777663,107153402,-37194600469476250872026,153196851543877727403,0xfda2797b644ada98eaad46c928a86698b9cc5c4b4587d67cd8327668d299f297
0x238a358808379702088667322f80ac48bad5e6c4,1782777663,107153402,-800103319525068429271915,14042665225690423961859,0x9131b8a7166eca7fa181cdc6de323afe9439713c916248a6f20b480fe757ac2d
0x238a358808379702088667322f80ac48bad5e6c4,1782777663,107153402,-2395096580206684298892,45107626980684015296,0x64452b3e2208cb322b3ce1badafd86a9042256c11b479862a0e1f4a604117d46
0x238a358808379702088667322f80ac48bad5e6c4,1782777663,107153402,-37211425027854292560309,16824558378041688283,0x9131b8a7166eca7fa181cdc6de323afe9439713c916248a6f20b480fe757ac2d
0x238a358808379702088667322f80ac48bad5e6c4,1782777663,107153402,-37263260640720662445743,51835612866369885434,0x9131b8a7166eca7fa181cdc6de323afe9439713c916248a6f20b480fe757ac2d
0x238a358808379702088667322f80ac48bad5e6c4,1782777663,107153402,93457906886349371392,26890862098721632256,0xae4b42c4467e2faf8b5e2839f6def4ce4a98837262dd6c325ac689896322800a
0x238a358808379702088667322f80ac48bad5e6c4,1782777663,107153402,-138022791780468094960,58136133664269325489,0xae4b42c4467e2faf8b5e2839f6def4ce4a98837262dd6c325ac689896322800a
0x238a358808379702088667322f80ac48bad5e6c4,1782777663,107153402,-799445165000104019955925,658154524964409315990,0x9131b8a7166eca7fa181cdc6de323afe9439713c916248a6f20b480fe757ac2d
0x238a358808379702088667322f80ac48bad5e6c4,1782777663,107153402,-798809504777731054275476,635660222372965680449,0x9131b8a7166eca7fa181cdc6de323afe9439713c916248a6f20b480fe757ac2d
0x238a358808379702088667322f80ac48bad5e6c4,1782777663,107153402,-796997075539116883388144,1812429238614170887332,0x9131b8a7166eca7fa181cdc6de323afe9439713c916248a6f20b480fe757ac2d
0x238a358808379702088667322f80ac48bad5e6c4,1782777663,107153402,-37280681349398513295806,17420708677850850063,0x9131b8a7166eca7fa181cdc6de323afe9439713c916248a6f20b480fe757ac2d
0x238a358808379702088667322f80ac48bad5e6c4,1782777663,107153402,85961464183504000274,7496442702845371118,0xac2a82d93e2038eb409a6536b1456fe81e9332066d58cd180b9292bad356bbc0
0x238a358808379702088667322f80ac48bad5e6c4,1782777663,107153402,-795039145609573092936982,1957929929543790451162,0x9131b8a7166eca7fa181cdc6de323afe9439713c916248a6f20b480fe757ac2d
0x238a358808379702088667322f80ac48bad5e6c4,1782777663,107153402,-37368278707058818958152,87597357660305662346,0xafcdfac0be5bb249da99dd50c070a864a7477eb2024802cc0bc54ebaca933cd8
0x238a358808379702088667322f80ac48bad5e6c4,1782777663,107153402,-37818286806744062819176,450008099685243861024,0xafcdfac0be5bb249da99dd50c070a864a7477eb2024802cc0bc54ebaca933cd8
0x238a358808379702088667322f80ac48bad5e6c4,1782777663,107153402,-37910033310861570092847,91746504117507273671,0x9131b8a7166eca7fa181cdc6de323afe9439713c916248a6f20b480fe757ac2d
0x238a358808379702088667322f80ac48bad5e6c4,1782777663,107153402,-791574351041682926200764,3464794567890166736218,0x9131b8a7166eca7fa181cdc6de323afe9439713c916248a6f20b480fe757ac2d
0x238a358808379702088667322f80ac48bad5e6c4,1782777663,107153402,-38282101872965751770417,372068562104181677570,0x9131b8a7166eca7fa181cdc6de323afe9439713c916248a6f20b480fe757ac2d
0x238a358808379702088667322f80ac48bad5e6c4,1782777664,107153403,212093312820173051565471,10072945046634984165968,0xe1f08bad4aa93d4732352095389b9a3da0512fd09d049da74862f5990fd35d84
0x238a358808379702088667322f80ac48bad5e6c4,1782777664,107153403,-773736636535890518682215,17837714505792407518549,0x21b9f4fb1efdf427ebecc244662e1be961f485c80670e181b2af0a5c123db8d0
0x238a358808379702088667322f80ac48bad5e6c4,1782777664,107153403,-2422594746016859585533,27498165810175286641,0x29fe163a1c8644e33c4434251289de212604d0556f13f1cb6e7f9392bcb82386
0x238a358808379702088667322f80ac48bad5e6c4,1782777664,107153403,-1507899928,50175443,0x29fe163a1c8644e33c4434251289de212604d0556f13f1cb6e7f9392bcb82386
0x238a358808379702088667322f80ac48bad5e6c4,1782777664,107153403,-38235619241842929970417,46482631122821800000,0xe1f08bad4aa93d4732352095389b9a3da0512fd09d049da74862f5990fd35d84
0x238a358808379702088667322f80ac48bad5e6c4,1782777664,107153403,1416116884130266159710,1084755744125618225152,0x0ad036714bb99ff3289cfc3292039df99c2a5ad2c3ef961a9c17361d9e6545d4
0x238a358808379702088667322f80ac48bad5e6c4,1782777664,107153403,-38768844563425309851001,533225321582379880584,0xc8010727fc5f88f10e32c560c4248efebc33059fcc8d3f7cb8c85dba629519c0
0x238a358808379702088667322f80ac48bad5e6c4,1782777664,107153403,4702762430167476665138,4545475252899813832353,0xc8010727fc5f88f10e32c560c4248efebc33059fcc8d3f7cb8c85dba629519c0
0x238a358808379702088667322f80ac48bad5e6c4,1782777664,107153403,-38823354043678539550600,54509480253229699599,0x0ad036714bb99ff3289cfc3292039df99c2a5ad2c3ef961a9c17361d9e6545d4
0x238a358808379702088667322f80ac48bad5e6c4,1782777664,107153403,-38799397796722434750600,23956246956104800000,0x5d44cf6534f85b52c27a315691875d7de5717f8055b276757887c8d4df5aec97
0x238a358808379702088667322f80ac48bad5e6c4,1782777664,107153403,-39270673197480980034878,471275400758545284278,0x21b9f4fb1efdf427ebecc244662e1be961f485c80670e181b2af0a5c123db8d0
0x238a358808379702088667322f80ac48bad5e6c4,1782777664,107153403,-1010717570555421059898,549647170579558606529,0x21b9f4fb1efdf427ebecc244662e1be961f485c80670e181b2af0a5c123db8d0
0x238a358808379702088667322f80ac48bad5e6c4,1782777664,107153403,812778088566201021570,1168900808954460000000,0xf01300c21b73abdf58cd840644d6aa4022c773d8634982a2426a9f718ca677a7
0x238a358808379702088667322f80ac48bad5e6c4,1782777664,107153403,-2429922224367423930771,7327478350564345238,0x8e41f9500c961a9007eab06829da14ebacf5254f29a8fe0b4d458c784262340f
0x238a358808379702088667322f80ac48bad5e6c4,1782777664,107153403,-39364034219020605107332,93361021539625072454,0x26774b4de5404ae877bd0ed2a1c1dbf0b458046c566187dc1b36b4fabf1f0c9e
0x238a358808379702088667322f80ac48bad5e6c4,1782777664,107153403,2733796004799120504358,95592189884743618482,0x3a61402db98223db9374b29b12fa23277fb9378c6f09cc9e4e5b74147f8669fe
0x238a358808379702088667322f80ac48bad5e6c4,1782777664,107153403,1977317240434245520314,3000000000000000000000,0x26774b4de5404ae877bd0ed2a1c1dbf0b458046c566187dc1b36b4fabf1f0c9e
0x238a358808379702088667322f80ac48bad5e6c4,1782777664,107153403,939377098868925496532,476739785261340663178,0x5d44cf6534f85b52c27a315691875d7de5717f8055b276757887c8d4df5aec97
0x238a358808379702088667322f80ac48bad5e6c4,1782777664,107153403,-39364127673496620748045,93454476015640713,0x26774b4de5404ae877bd0ed2a1c1dbf0b458046c566187dc1b36b4fabf1f0c9e
0x238a358808379702088667322f80ac48bad5e6c4,1782777664,107153403,2518327748713246991966,215468256085873512392,0xaeaac2b1a3fcdba0aa136b0a37d0ec8451e92022aadfc10f18f173dfde9f43d8
0x238a358808379702088667322f80ac48bad5e6c4,1782777664,107153403,-1494526249,13373679,0x8e41f9500c961a9007eab06829da14ebacf5254f29a8fe0b4d458c784262340f
0x238a358808379702088667322f80ac48bad5e6c4,1782777664,107153403,8317311828532395005112,1419218352706440000000,0x59847e4d7cbed339e40c76bfc7f5cf658feb31f0a73f750b62a52cb271753350
0x238a358808379702088667322f80ac48bad5e6c4,1782777664,107153403,-39394438464061199930195,30310790564579182150,0x21b9f4fb1efdf427ebecc244662e1be961f485c80670e181b2af0a5c123db8d0
0x238a358808379702088667322f80ac48bad5e6c4,1782777664,107153404,8990205098904221005112,672893270371826000000,0xbc8f1ff100e335c2eaeff3663cfdce8cc6c53c2883546a26693c22f5902d0143
0x238a358808379702088667322f80ac48bad5e6c4,1782777664,107153404,-39694278757258828364530,299840293197628434335,0xabf8598ad008d9f1eee31576ded8636448044da791e75624566ae1b2a8971757
0x238a358808379702088667322f80ac48bad5e6c4,1782777664,107153404,-39644278757258828364530,50000000000000000000,0x89e68c4321654db2d2cd24abf498c5b8b9e3bb6a7cfd8ff4a551bb8c2aa82cc4
0x238a358808379702088667322f80ac48bad5e6c4,1782777664,107153404,-859155317706368854837,8190454483187667655,0x89e68c4321654db2d2cd24abf498c5b8b9e3bb6a7cfd8ff4a551bb8c2aa82cc4
0x238a358808379702088667322f80ac48bad5e6c4,1782777664,107153404,-39594278757258828364530,50000000000000000000,0x5ad4e4a4ffb5213c71bafbd90570150630b92f439ce4c5f82866ece8ea0c3768
0x238a358808379702088667322f80ac48bad5e6c4,1782777664,107153404,-867339674656095968731,8184356949727113894,0x5ad4e4a4ffb5213c71bafbd90570150630b92f439ce4c5f82866ece8ea0c3768
0x238a358808379702088667322f80ac48bad5e6c4,1782777664,107153404,-39690780190163206997642,96501432904378633112,0x2b3e5875763b3165e48d1593f05081eb0640c6dd689f9f691ea7eb8d0f8aba09
0x238a358808379702088667322f80ac48bad5e6c4,1782777664,107153404,86645846553215540156,25923335969085400000,0x2b3e5875763b3165e48d1593f05081eb0640c6dd689f9f691ea7eb8d0f8aba09
0x238a358808379702088667322f80ac48bad5e6c4,1782777664,107153404,-39863124553530480623136,172344363367273625494,0x5b98176cbd78507e18c0d2e41b310b3d854cfa0b8e6b776c9e25fff111954715
0x238a358808379702088667322f80ac48bad5e6c4,1782777664,107153404,-39963099707741313000485,99975154210832377349,0x6f941d7cc81777a29babbb5c3183d3e856a68174f4993aba711929112715f08a
0x238a358808379702088667322f80ac48bad5e6c4,1782777664,107153404,6116644371479775755312,253201512244661618165,0x6f941d7cc81777a29babbb5c3183d3e856a68174f4993aba711929112715f08a
0x238a358808379702088667322f80ac48bad5e6c4,1782777665,107153405,6295382914212770563359,178738542732994808047,0xc970e78ff6e14b0bd130a71901e9b825637716c588951690facff1eeca5888f3
0x238a358808379702088667322f80ac48bad5e6c4,1782777665,107153405,-875517940878959139956,8178266222863171225,0xd6a0e722e14ebaed9e1d263b13105200c7404a78c1dd07754dcbd167d491ff67
0x238a358808379702088667322f80ac48bad5e6c4,1782777665,107153405,-40033663706452697897056,70563998711384896571,0xc970e78ff6e14b0bd130a71901e9b825637716c588951690facff1eeca5888f3
0x238a358808379702088667322f80ac48bad5e6c4,1782777665,107153405,202122268339037300132763,9971044481135751432708,0xc3a3e582c8459af4b715c647bb4604960254b1dac4a507735d4a68404f98cfee
0x238a358808379702088667322f80ac48bad5e6c4,1782777665,107153405,-39987641299400398997056,46022407052298900000,0xc3a3e582c8459af4b715c647bb4604960254b1dac4a507735d4a68404f98cfee
0x238a358808379702088667322f80ac48bad5e6c4,1782777665,107153405,-776859140140955112501442,3122503605064593819227,0x17c1b87be98869997c6b3b6caf8c53ff3cd7eee6824b785561afb0ae718ae6da
0x238a358808379702088667322f80ac48bad5e6c4,1782777665,107153405,-39905322730347812247056,82318569052586750000,0x17c1b87be98869997c6b3b6caf8c53ff3cd7eee6824b785561afb0ae718ae6da
0x238a358808379702088667322f80ac48bad5e6c4,1782777665,107153405,-2404059267331142828325,25862957036281102446,0x3a854e5d022a6b4003d591942477ccc77d84c276452f811673d90d5e26231637
0x238a358808379702088667322f80ac48bad5e6c4,1782777665,107153405,2625343350984072090901,107015602270825098935,0x004ca4ba319ea551fe341a0c08c6b28ff0dcdee44cbc339e0dac3dfd2f8fc6e0
0x238a358808379702088667322f80ac48bad5e6c4,1782777665,107153405,-40147772751312235987986,242450020964423740930,0x538593b876688007818d61fda9e2adb9aed5a6e295d817ee3776d49ed8b8397c
0x238a358808379702088667322f80ac48bad5e6c4,1782777665,107153405,-1541714142,47187893,0x3a854e5d022a6b4003d591942477ccc77d84c276452f811673d90d5e26231637
0x238a358808379702088667322f80ac48bad5e6c4,1782777665,107153405,-40097772751312235987986,50000000000000000000,0xd6a0e722e14ebaed9e1d263b13105200c7404a78c1dd07754dcbd167d491ff67
0x238a358808379702088667322f80ac48bad5e6c4,1782777665,107153405,9663098369275860100153,672893270371639095041,0x19d53f22aa35498686b5b3afbea9d9c8f10083637ccdbcffadd11efd9e5df23d
0x238a358808379702088667322f80ac48bad5e6c4,1782777665,107153406,-883677975659633732395,8160034780674592439,0x9d63f232c962f8f3bb211849c362796ec5a65e0d6bcfe7b191a2881d8c9b46ae
0x238a358808379702088667322f80ac48bad5e6c4,1782777665,107153406,-40087075215678400587986,10697535633835400000,0xc1da81fbda180d0bb3fa1b375345bf933bb0d263dca37256579bc11d7582a7b0
0x238a358808379702088667322f80ac48bad5e6c4,1782777665,107153406,-891850157952102520936,8172182292468788541,0x174503c5cd41b2eea8ecfa19fbc372662198da9737eff444ee3b0d7c8a0e8010
0x238a358808379702088667322f80ac48bad5e6c4,1782777665,107153406,-40002914979305007995015,84160236373392592971,0xec8a31b3bd6be6e9951044e8319cbe6146805ea3df6d14873fbd1514c9b6fe13
0x238a358808379702088667322f80ac48bad5e6c4,1782777665,107153406,-40434616866694571270604,431701887389563275589,0xd1c87aa8d05af2ed4987438d6db1d5f8507e128c0fd6eaefff9a3c57a9bf1268
0x238a358808379702088667322f80ac48bad5e6c4,1782777665,107153406,-804838826091139386995554,27979685950184274494112,0x0b5edde5f14569fd57e91780d7f61e576718f8c2fd711654cf8b8c005a6a00ca
0x238a358808379702088667322f80ac48bad5e6c4,1782777665,107153406,-820054018967597159591413,15215192876457772595859,0x6afc71b57b87bcda81863ffbd50f298fe2a071e3842bd827fb830d573a2cb33e
0x238a358808379702088667322f80ac48bad5e6c4,1782777665,107153406,-900016263100538262815,8166105148435741879,0xaa87a29df319fd8c90f134826619da55b560b844ced226b2ee73ef68fc225cee
0x238a358808379702088667322f80ac48bad5e6c4,1782777665,107153406,-40384616866694571270604,50000000000000000000,0x174503c5cd41b2eea8ecfa19fbc372662198da9737eff444ee3b0d7c8a0e8010
0x238a358808379702088667322f80ac48bad5e6c4,1782777665,107153406,-39982914743697596796133,401702122996974474471,0x6afc71b57b87bcda81863ffbd50f298fe2a071e3842bd827fb830d573a2cb33e
0x238a358808379702088667322f80ac48bad5e6c4,1782777665,107153406,-820459424714051019289289,405405746453859697876,0xc1da81fbda180d0bb3fa1b375345bf933bb0d263dca37256579bc11d7582a7b0
0x238a358808379702088667322f80ac48bad5e6c4,1782777665,107153406,-39932914743697596796133,50000000000000000000,0x9d63f232c962f8f3bb211849c362796ec5a65e0d6bcfe7b191a2881d8c9b46ae
0x238a358808379702088667322f80ac48bad5e6c4,1782777665,107153406,6082249699386909007885,213133214825861555474,0xec8a31b3bd6be6e9951044e8319cbe6146805ea3df6d14873fbd1514c9b6fe13
0x238a358808379702088667322f80ac48bad5e6c4,1782777665,107153406,-39882914743697596796133,50000000000000000000,0xaa87a29df319fd8c90f134826619da55b560b844ced226b2ee73ef68fc225cee
0x238a358808379702088667322f80ac48bad5e6c4,1782777666,107153407,-54210880519131916559,993587979388057413091,0x69207dc4ab1d75127fcf046e2772e085fa2d7f88e68af6029ded916c97bc4888
0x238a358808379702088667322f80ac48bad5e6c4,1782777666,107153407,-2443076115791787931321,39016848460645102996,0xf80436dd74479138409caa48836b8da39655afc8ad83276877c9cef675b6cdab
0x238a358808379702088667322f80ac48bad5e6c4,1782777666,107153407,-1470505660,71208482,0xf80436dd74479138409caa48836b8da39655afc8ad83276877c9cef675b6cdab
0x238a358808379702088667322f80ac48bad5e6c4,1782777666,107153407,5444440977272276228219,637808722114632779666,0xbf4f10f84fbda55db6110fc98fbaf8f4a01f7bc4f8e84b9ecc7981fd400b690a
0x238a358808379702088667322f80ac48bad5e6c4,1782777666,107153407,-2402343173038310634923,98061941145116317443,0x5e8bf0894411325e70cecb3414ec78e2b81e9b356728bcc41276e81d4d1370f1
0x238a358808379702088667322f80ac48bad5e6c4,1782777666,107153407,-829107150664732476156252,8647725950681456866963,0xfe4789e8582e1b74374b8c4b90d972b01d8df902da6c13caf8f37df57cdcc126
0x238a358808379702088667322f80ac48bad5e6c4,1782777666,107153408,6052843983505740785023,608403006233464556804,0xb8d47321edb21a20f6d3e209edce35207658346e95eea7a259071e16fad1df45
0x238a358808379702088667322f80ac48bad5e6c4,1782777666,107153408,-40122906696607222341147,239991952909625545014,0xb8d47321edb21a20f6d3e209edce35207658346e95eea7a259071e16fad1df45
0x238a358808379702088667322f80ac48bad5e6c4,1782777666,107153408,-40200511801610638794832,77605105003416453685,0xfcbea7c85f424c8ddd89f95a3ddb663944f205233996445aaa94a3a80fda1474
0x238a358808379702088667322f80ac48bad5e6c4,1782777666,107153408,-40199872398888636697414,639402722002097418,0xcb05ea1fe76a9131e6580ba262d997a052f244e26999953afb5140b3565c2932
0x238a358808379702088667322f80ac48bad5e6c4,1782777666,107153408,7787772702586434310280,1734928719080693525257,0x569847b5c30fc880ee75f69bb08d4781f9424517e32ed539b1a384282550aea5
0x238a358808379702088667322f80ac48bad5e6c4,1782777666,107153408,-40884756125562570139893,684883726673933442479,0x569847b5c30fc880ee75f69bb08d4781f9424517e32ed539b1a384282550aea5
0x238a358808379702088667322f80ac48bad5e6c4,1782777666,107153408,1489993152852840388337,1544204033371972304896,0xfcbea7c85f424c8ddd89f95a3ddb663944f205233996445aaa94a3a80fda1474
0x238a358808379702088667322f80ac48bad5e6c4,1782777667,107153409,-40801849793721341989893,82906331841228150000,0xbb686af7e643eddec9a159e82cbbfb4e122c92add6d889a2e6e600935e45c027
0x238a358808379702088667322f80ac48bad5e6c4,1782777667,107153409,172303161626236379084870,29819106712800921047893,0x858336bf1cc43ec8c33394a1134c262c5e09666657f431114795fe1e2c375d5e
0x238a358808379702088667322f80ac48bad5e6c4,1782777667,107153409,-40621042033166021765684,180807760555320224209,0x7c6ab665385e9978224eee939aa1ea8f990dd222575c20a9861fa78326b34d43
0x238a358808379702088667322f80ac48bad5e6c4,1782777667,107153409,154355374522722516143174,17947787103513862941696,0xbb686af7e643eddec9a159e82cbbfb4e122c92add6d889a2e6e600935e45c027
0x238a358808379702088667322f80ac48bad5e6c4,1782777667,107153409,-908170234279652907517,8153971179114644702,0xd41b1ed48d0434c509a05bb272cc922afc8f28014955ea26a1eb426353fcc2ef
0x238a358808379702088667322f80ac48bad5e6c4,1782777667,107153409,131381324861487274972148,22974049661235241171026,0xd81ec78df50a731c6d980e9c88a7aff0f95e5999fb75efa74502229c8691c753
0x238a358808379702088667322f80ac48bad5e6c4,1782777667,107153409,-40483226994004639775505,137815039161381990179,0x858336bf1cc43ec8c33394a1134c262c5e09666657f431114795fe1e2c375d5e
0x238a358808379702088667322f80ac48bad5e6c4,1782777667,107153409,-40377149932724982086336,106077061279657689169,0xd81ec78df50a731c6d980e9c88a7aff0f95e5999fb75efa74502229c8691c753
0x238a358808379702088667322f80ac48bad5e6c4,1782777667,107153409,-1528668139,58162479,0x2a7ce5caa2523a0e810f14e3eaeda5c90c5d8b17555187164f0d37b7d4352c3a
0x238a358808379702088667322f80ac48bad5e6c4,1782777667,107153409,-2411202815986712031321,31873299805075900000,0x2a7ce5caa2523a0e810f14e3eaeda5c90c5d8b17555187164f0d37b7d4352c3a
0x238a358808379702088667322f80ac48bad5e6c4,1782777667,107153409,-835946325697899951557147,6839175033167475400895,0x7c6ab665385e9978224eee939aa1ea8f990dd222575c20a9861fa78326b34d43
0x238a358808379702088667322f80ac48bad5e6c4,1782777667,107153409,-40327149932724982086336,50000000000000000000,0xd41b1ed48d0434c509a05bb272cc922afc8f28014955ea26a1eb426353fcc2ef
0x238a358808379702088667322f80ac48bad5e6c4,1782777667,107153409,184994905906461240245,259786316601933231659,0x95149aad641663b648cb333f085d798d6fea2abc6970c5aa54f0fc95a01bef91
0x238a358808379702088667322f80ac48bad5e6c4,1782777667,107153409,1678072397461523063208,29247922886361416320,0xc23f6fcaa9ff6b3ae9219808536314e95123996b5864e8a90cd4169d497f8650
0x238a358808379702088667322f80ac48bad5e6c4,1782777667,107153409,-40407418685296767269947,80268752571785183611,0xc23f6fcaa9ff6b3ae9219808536314e95123996b5864e8a90cd4169d497f8650
0x238a358808379702088667322f80ac48bad5e6c4,1782777667,107153410,-824367933605891498149091,11578392092008453408056,0xc38af4388539e5b1417fe1de7f9f164f49dbbe6c68d9cca139468131f6767d2f
0x238a358808379702088667322f80ac48bad5e6c4,1782777667,107153410,-822997299239552924760324,1370634366338573388767,0xc38af4388539e5b1417fe1de7f9f164f49dbbe6c68d9cca139468131f6767d2f
0x238a358808379702088667322f80ac48bad5e6c4,1782777667,107153410,-154764347099526881098,339759253005988121343,0xbb0d369656d7452fa67296f09324fbeb7837b45649ca0299a26e79d1d2143793
0x238a358808379702088667322f80ac48bad5e6c4,1782777667,107153410,-885742817400632011432924,62745518161079086672600,0x574b127711c16b7faa77a76cfc6bdc59a789b11afb1d9ff5d02e11fde8354c6e
0x238a358808379702088667322f80ac48bad5e6c4,1782777667,107153410,-38744637739139051709097,1662780946157715560850,0x574b127711c16b7faa77a76cfc6bdc59a789b11afb1d9ff5d02e11fde8354c6e
0x238a358808379702088667322f80ac48bad5e6c4,1782777667,107153410,-38862051309501167120952,117413570362115411855,0x897962de497f38dab2dd0da6a3d85a73b1f38869d6da0d2c05f57b3d724596b8
0x238a358808379702088667322f80ac48bad5e6c4,1782777667,107153410,-39169362607314840790204,307311297813673669252,0xc38af4388539e5b1417fe1de7f9f164f49dbbe6c68d9cca139468131f6767d2f
0x238a358808379702088667322f80ac48bad5e6c4,1782777667,107153410,-39245150950074607491961,75788342759766701757,0xc38af4388539e5b1417fe1de7f9f164f49dbbe6c68d9cca139468131f6767d2f
0x238a358808379702088667322f80ac48bad5e6c4,1782777667,107153410,-882885964662101768248046,2856852738530243184878,0xc38af4388539e5b1417fe1de7f9f164f49dbbe6c68d9cca139468131f6767d2f
0x238a358808379702088667322f80ac48bad5e6c4,1782777667,107153410,-168971194027031012023,30948402246562917063,0xf2827281f437cb69ff32b5158cc60fa43c16d9189122bc0b6a262604ecb57575
0x238a358808379702088667322f80ac48bad5e6c4,1782777667,107153410,-882455948870171861743421,430015791929906504625,0xc38af4388539e5b1417fe1de7f9f164f49dbbe6c68d9cca139468131f6767d2f
0x238a358808379702088667322f80ac48bad5e6c4,1782777667,107153410,-39256554512791621144933,11403562717013652972,0xc38af4388539e5b1417fe1de7f9f164f49dbbe6c68d9cca139468131f6767d2f
0x238a358808379702088667322f80ac48bad5e6c4,1782777667,107153410,-881991757746820776353010,464191123351085390411,0xc38af4388539e5b1417fe1de7f9f164f49dbbe6c68d9cca139468131f6767d2f
0x238a358808379702088667322f80ac48bad5e6c4,1782777667,107153410,-39268864747679524494797,12310234887903349864,0xc38af4388539e5b1417fe1de7f9f164f49dbbe6c68d9cca139468131f6767d2f
0x238a358808379702088667322f80ac48bad5e6c4,1782777667,107153410,100287401641467620626,14325937457963620352,0xf2827281f437cb69ff32b5158cc60fa43c16d9189122bc0b6a262604ecb57575
0x238a358808379702088667322f80ac48bad5e6c4,1782777667,107153410,-39317225838593139519414,48361090913615024617,0xc38af4388539e5b1417fe1de7f9f164f49dbbe6c68d9cca139468131f6767d2f
0x238a358808379702088667322f80ac48bad5e6c4,1782777667,107153410,-880168485775064175693814,1823271971756600659196,0xc38af4388539e5b1417fe1de7f9f164f49dbbe6c68d9cca139468131f6767d2f
0x238a358808379702088667322f80ac48bad5e6c4,1782777667,107153410,-39353577020440099023278,36351181846959503864,0xc38af4388539e5b1417fe1de7f9f164f49dbbe6c68d9cca139468131f6767d2f
0x238a358808379702088667322f80ac48bad5e6c4,1782777667,107153411,-39303577020440099023278,50000000000000000000,0xc41d79f820fb6ca338050f9fe9700362ad8eda8718664e63e796b3067b4ebf1f
0x238a358808379702088667322f80ac48bad5e6c4,1782777667,107153411,-277875363128339907385,123111016028813026287,0x9f728dba4bd45b4988fac33fb1f32eb52d3720f6ab901737d6982f6452aa2fd0
0x238a358808379702088667322f80ac48bad5e6c4,1782777667,107153411,-879379238861811459942746,789246913252715751068,0x4fbe2507eb01bee3060c9dcb9636a9c8ef3f66f4ef4180ae1d514cf3cbcee132
0x238a358808379702088667322f80ac48bad5e6c4,1782777667,107153411,-916312098514061945700,8141864234409038183,0xc41d79f820fb6ca338050f9fe9700362ad8eda8718664e63e796b3067b4ebf1f
0x238a358808379702088667322f80ac48bad5e6c4,1782777667,107153411,-39324531350931412826163,20954330491313802885,0x4fbe2507eb01bee3060c9dcb9636a9c8ef3f66f4ef4180ae1d514cf3cbcee132
0x238a358808379702088667322f80ac48bad5e6c4,1782777667,107153411,-877869577555107079655299,1509661306704380287447,0xe001902570dcd657a20ececcbc8a6c532eff4ed64b15fe72aecf479fc38f0785
0x238a358808379702088667322f80ac48bad5e6c4,1782777667,107153411,-39364618324718630288916,40086973787217462753,0xe001902570dcd657a20ececcbc8a6c532eff4ed64b15fe72aecf479fc38f0785
0x238a358808379702088667322f80ac48bad5e6c4,1782777667,107153411,-924460012847765850366,8147914333703904666,0x9edd13226f28f4b61e20edfa7f40065c4bae566dad2862c5c842133320f14380
0x238a358808379702088667322f80ac48bad5e6c4,1782777667,107153411,-39314618324718630288916,50000000000000000000,0x9edd13226f28f4b61e20edfa7f40065c4bae566dad2862c5c842133320f14380
0x238a358808379702088667322f80ac48bad5e6c4,1782777667,107153411,1153198328273433015928,781456788877011659588,0x1dd510197589b6d05de741b584dc296a88f4a6b5d51fc442a900ce08e7188f0d
0x238a358808379702088667322f80ac48bad5e6c4,1782777667,107153411,-38634212563109639903044,680405761608990385872,0x75f2c41ef68c04e85bc04b0f30ad03b17176860a86380f3503862071e2faa195
0x238a358808379702088667322f80ac48bad5e6c4,1782777667,107153411,-903499612119786570370916,25630034564679490715617,0x75f2c41ef68c04e85bc04b0f30ad03b17176860a86380f3503862071e2faa195
0x238a358808379702088667322f80ac48bad5e6c4,1782777667,107153411,-902546670909002100714055,952941210784469656861,0x1c325963e58d7f0d4b0de531e3660299c465c17e06cf517a583929bad87fbb6b
0x238a358808379702088667322f80ac48bad5e6c4,1782777667,107153411,-38659514457967822903188,25301894858183000144,0x1c325963e58d7f0d4b0de531e3660299c465c17e06cf517a583929bad87fbb6b
0x238a358808379702088667322f80ac48bad5e6c4,1782777667,107153411,-38810129074893082631020,150614616925259727832,0x66e2558a69102ac5c162217d2d7104a5d98372e8d919bc70191badabcc06bbf1
0x238a358808379702088667322f80ac48bad5e6c4,1782777667,107153411,-896875979271740926455742,5670691637261174258313,0x66e2558a69102ac5c162217d2d7104a5d98372e8d919bc70191badabcc06bbf1
0x238a358808379702088667322f80ac48bad5e6c4,1782777667,107153411,-38621840484846154851502,188288590046927779518,0x1dd510197589b6d05de741b584dc296a88f4a6b5d51fc442a900ce08e7188f0d
0x238a358808379702088667322f80ac48bad5e6c4,1782777667,107153411,1740934267903773966619,62861870442250903411,0x1dd510197589b6d05de741b584dc296a88f4a6b5d51fc442a900ce08e7188f0d
0x238a358808379702088667322f80ac48bad5e6c4,1782777667,107153411,-38794325915292462518676,172485430446307667174,0x1dd510197589b6d05de741b584dc296a88f4a6b5d51fc442a900ce08e7188f0d
0x238a358808379702088667322f80ac48bad5e6c4,1782777667,107153411,-38476288204114907426959,318037711177555091717,0x0f596dd3a9cdaa27324ba20045231639e85fd7ad8dd228800c64986da9d31736
0x238a358808379702088667322f80ac48bad5e6c4,1782777667,107153411,6981727372582263182527,806045330004171127753,0x0f596dd3a9cdaa27324ba20045231639e85fd7ad8dd228800c64986da9d31736
0x238a358808379702088667322f80ac48bad5e6c4,1782777668,107153412,-38864795356225373926216,388507152110466499257,0xb466db8ce7f3cb721f9e763c51e01f2c6c6e359b231db29206421c01ffc77b83
0x238a358808379702088667322f80ac48bad5e6c4,1782777668,107153412,-896818895293135313688089,57083978605612767653,0x6384a074f201830e02768faee0d1bbdad190be9c5bbdb71ed38b20fb98d3b8ea
0x238a358808379702088667322f80ac48bad5e6c4,1782777668,107153412,-38867752021589177314487,2956665363803388271,0x6384a074f201830e02768faee0d1bbdad190be9c5bbdb71ed38b20fb98d3b8ea
0x238a358808379702088667322f80ac48bad5e6c4,1782777668,107153412,-38869266006674328342031,1513985085151027544,0x6384a074f201830e02768faee0d1bbdad190be9c5bbdb71ed38b20fb98d3b8ea
0x238a358808379702088667322f80ac48bad5e6c4,1782777668,107153412,-1422014874,106653265,0x77010a146970eec7e8e1472c9553b30e8822d0346794bf78b952fed8557ee091
0x238a358808379702088667322f80ac48bad5e6c4,1782777668,107153412,-2469626541648435089261,58423725661723057940,0x77010a146970eec7e8e1472c9553b30e8822d0346794bf78b952fed8557ee091
0x238a358808379702088667322f80ac48bad5e6c4,1782777668,107153413,-896787871514496370121358,31023778638943566731,0xe93481df1659ba79d555a5bff96d615554bc90f7952fc8b05c7138821f27c55e
0x238a358808379702088667322f80ac48bad5e6c4,1782777668,107153413,1763213764972278453505,22279497068504486886,0x9eb417be88a8c46b53a4a1e74f98772d2be5c578427a728d762b4f30f5c5c668
0x238a358808379702088667322f80ac48bad5e6c4,1782777668,107153413,-38819266006674328342031,50000000000000000000,0xd75400e5d9482f07802e8236657343654dd912a09dd532c30f4a8a5a57ad8a3b
0x238a358808379702088667322f80ac48bad5e6c4,1782777668,107153413,-932595833718981179776,8135820871215329410,0xd75400e5d9482f07802e8236657343654dd912a09dd532c30f4a8a5a57ad8a3b
0x238a358808379702088667322f80ac48bad5e6c4,1782777668,107153413,-38880387037735532139837,61121031061203797806,0x9eb417be88a8c46b53a4a1e74f98772d2be5c578427a728d762b4f30f5c5c668
0x238a358808379702088667322f80ac48bad5e6c4,1782777668,107153413,-38837661781117281889095,42725256618250250742,0x8e1e2a57641e375e3180a6e14537e3ba03920df95ff497773cd643b86227806f
0x238a358808379702088667322f80ac48bad5e6c4,1782777668,107153413,975935788034067423282,177262540239365592646,0x8e1e2a57641e375e3180a6e14537e3ba03920df95ff497773cd643b86227806f
0x238a358808379702088667322f80ac48bad5e6c4,1782777668,107153413,-38838484593348285815474,822812231003926379,0xe93481df1659ba79d555a5bff96d615554bc90f7952fc8b05c7138821f27c55e
0x238a358808379702088667322f80ac48bad5e6c4,1782777668,107153413,-906361159566517849254861,9573288052021479133503,0x35469cc1dda2c71d15ff9279cab89b3558ca287180d2fdc8793c646d584a11f9
0x238a358808379702088667322f80ac48bad5e6c4,1782777669,107153414,-926550453076606187532314,20189293510088338277453,0x4226d6425e455569e9549b430480cd82291e47d64186aaccba724015667daf4d
0x238a358808379702088667322f80ac48bad5e6c4,1782777669,107153414,-926078358987530049305603,472094089076138226711,0x03ee6841490596154d7197da752809d716fd445b68e670bf93f28bbafdb48ebb
0x238a358808379702088667322f80ac48bad5e6c4,1782777669,107153414,-38851030477944273891243,12545884595988075769,0x03ee6841490596154d7197da752809d716fd445b68e670bf93f28bbafdb48ebb
0x238a358808379702088667322f80ac48bad5e6c4,1782777669,107153414,-925557194707050401747745,521164280479647557858,0x03ee6841490596154d7197da752809d716fd445b68e670bf93f28bbafdb48ebb
0x238a358808379702088667322f80ac48bad5e6c4,1782777669,107153414,-38864880874919550796932,13850396975276905689,0x03ee6841490596154d7197da752809d716fd445b68e670bf93f28bbafdb48ebb
0x238a358808379702088667322f80ac48bad5e6c4,1782777669,107153414,-38734031963385508210574,130848911534042586358,0x9f6e54d1cd44688796f7f1b51258a5e0c84b0ef94ced079e7236b0ddf27d9117
0x238a358808379702088667322f80ac48bad5e6c4,1782777669,107153414,-38737384796142254560078,3352832756746349504,0xc3e1a9a10044e6d6f2c2386d5ef86cc655e1ac6c21ee1acd346719089b0b5599
0x238a358808379702088667322f80ac48bad5e6c4,1782777669,107153414,-2873304271933971838848,470961098895661203925,0x9f6e54d1cd44688796f7f1b51258a5e0c84b0ef94ced079e7236b0ddf27d9117
0x238a358808379702088667322f80ac48bad5e6c4,1782777669,107153414,-38687384796142254560078,50000000000000000000,0x621ee05f2e90914144e60bd892807a46c944e5e301fcf0ad1f6b98fc26f7c378
0x238a358808379702088667322f80ac48bad5e6c4,1782777669,107153414,-940725617953107819140,8129784234126639364,0x621ee05f2e90914144e60bd892807a46c944e5e301fcf0ad1f6b98fc26f7c378
0x238a358808379702088667322f80ac48bad5e6c4,1782777669,107153414,6762736680885152471207,218990691697110711320,0x32e83fb96fe252a80d6157bf5f84766282147819ac979a68aa628c698d484561
0x238a358808379702088667322f80ac48bad5e6c4,1782777669,107153414,-38600949904591220278678,86434891551034281400,0x32e83fb96fe252a80d6157bf5f84766282147819ac979a68aa628c698d484561
0x238a358808379702088667322f80ac48bad5e6c4,1782777669,107153414,15643285,59839112,0xe87a31c1c159398fba5ece0fe2d538c636c7ca887417416cad7762a9043f5da0
0x238a358808379702088667322f80ac48bad5e6c4,1782777669,107153414,-38471406527816143667314,129543376775076611364,0xe87a31c1c159398fba5ece0fe2d538c636c7ca887417416cad7762a9043f5da0
0x238a358808379702088667322f80ac48bad5e6c4,1782777669,107153415,-38119710917148766712555,351695610667376954759,0x19dd6b6959f9fe16aed917e2d38c6f7dac96b92d4eeaf00f78621ef38607ae55
0x238a358808379702088667322f80ac48bad5e6c4,1782777669,107153415,-37970300234344084288235,149410682804682424320,0x28f2c2f885b83a8b2f2f48196aaec08a2cedb941e8d5dc593ead23c4fe9cdbf3
0x238a358808379702088667322f80ac48bad5e6c4,1782777669,107153415,-38232598284894487280981,262298050550402992746,0xfac410eb2c3b2baa3d7006b38f01672e06fac63a741485bf073af57ca8651a5f
0x238a358808379702088667322f80ac48bad5e6c4,1782777669,107153415,-915685302029960642436839,9871892677089759310906,0xfac410eb2c3b2baa3d7006b38f01672e06fac63a741485bf073af57ca8651a5f
0x238a358808379702088667322f80ac48bad5e6c4,1782777669,107153415,-38264255828314922569459,31657543420435288478,0x5bdaebd3776cc5cf0e362d614f1d8caf73486fe783c7b07fecb3319744a7dc54
0x238a358808379702088667322f80ac48bad5e6c4,1782777669,107153415,-912625126766224667805543,3060175263735974631296,0xf87368c65f425146146766f6c8ab0030e658956b1bba8cccea6074826c7399da
0x238a358808379702088667322f80ac48bad5e6c4,1782777669,107153415,-38345601474948745140326,81345646633822570867,0xf87368c65f425146146766f6c8ab0030e658956b1bba8cccea6074826c7399da
0x238a358808379702088667322f80ac48bad5e6c4,1782777669,107153415,-2759370312733942481819,113933959200029357029,0x5bdaebd3776cc5cf0e362d614f1d8caf73486fe783c7b07fecb3319744a7dc54
0x238a358808379702088667322f80ac48bad5e6c4,1782777669,107153415,5872004248408408131415,890732432476744339792,0x19dd6b6959f9fe16aed917e2d38c6f7dac96b92d4eeaf00f78621ef38607ae55
0x238a358808379702088667322f80ac48bad5e6c4,1782777669,107153415,-1469229753,47214879,0x2ba6582c4b370a3869763dad17c51d8a6315ec7b64c96bdaa590b92e9c956852
0x238a358808379702088667322f80ac48bad5e6c4,1782777669,107153415,-918245251201290561124967,5620124435065893319424,0x28f2c2f885b83a8b2f2f48196aaec08a2cedb941e8d5dc593ead23c4fe9cdbf3
0x238a358808379702088667322f80ac48bad5e6c4,1782777669,107153415,4154168,11489117,0xd7f0adc77e8a21e97280991a10e6c1519565c342a35de6a156ffdc5d8c8a7ebd
0x238a358808379702088667322f80ac48bad5e6c4,1782777669,107153415,-38320691607671378940326,24909867277366200000,0xd7f0adc77e8a21e97280991a10e6c1519565c342a35de6a156ffdc5d8c8a7ebd
0x238a358808379702088667322f80ac48bad5e6c4,1782777669,107153415,-2443763584612145289261,25862957036289800000,0x2ba6582c4b370a3869763dad17c51d8a6315ec7b64c96bdaa590b92e9c956852
0x238a358808379702088667322f80ac48bad5e6c4,1782777670,107153416,-2468925156890830819507,25161572278685530246,0xa9b29d0557b5773c0ba1a53f338b7a743747e2562821a550b242c112638f0bd0
0x238a358808379702088667322f80ac48bad5e6c4,1782777670,107153416,-38743494022387505809244,422802414716126868918,0xe4d5e4fb5fa6097a8b6e3ac2f44c9ddf48efe123b4232a99f0c82308e28570bd
0x238a358808379702088667322f80ac48bad5e6c4,1782777670,107153416,-39086214351741263872622,342720329353758063378,0x1e46d3c5d87fe35002daa9ffec93bf7d67de636da96d7d2a947079370a9c58c3
0x238a358808379702088667322f80ac48bad5e6c4,1782777670,107153416,-39140844360943893142492,54630009202629269870,0x60902e9b6ba6095c66288c5abca5ce49ee4fe707f220ec72a41e909c184477e2
0x238a358808379702088667322f80ac48bad5e6c4,1782777670,107153416,-553454919707672473059,275579556579332565674,0xaff9856939de1c1f86bbd6a1d14498f2898028dbf1607980c2eab180f75d6651
0x238a358808379702088667322f80ac48bad5e6c4,1782777670,107153416,27280540630571743559087,300000000000000000000,0x60902e9b6ba6095c66288c5abca5ce49ee4fe707f220ec72a41e909c184477e2
0x238a358808379702088667322f80ac48bad5e6c4,1782777670,107153416,-39584150016773247108905,443305655829353966413,0x7308d8e75a11a5d871f7417e85dfe4655326c0c6e9348ef3ca0549a80754002a
0x238a358808379702088667322f80ac48bad5e6c4,1782777670,107153416,10625853055212717100153,962754685936857000000,0xcae1786834ddae6b2ff8067f0b36889ca8805d8fd09ae78773c82b0baf20b734
0x238a358808379702088667322f80ac48bad5e6c4,1782777670,107153416,29606040630571743559087,2325500000000000000000,0xe4d5e4fb5fa6097a8b6e3ac2f44c9ddf48efe123b4232a99f0c82308e28570bd
0x238a358808379702088667322f80ac48bad5e6c4,1782777670,107153416,-40007245157538590577630,423095140765343468725,0xa6bdc072fd18cce73a08acd285b7af30b77285fb902751ed4118bf45e743a57f
0x238a358808379702088667322f80ac48bad5e6c4,1782777670,107153416,31931540630571743559087,2325500000000000000000,0xa6bdc072fd18cce73a08acd285b7af30b77285fb902751ed4118bf45e743a57f
0x238a358808379702088667322f80ac48bad5e6c4,1782777670,107153416,-40430633328460495898963,423388170921905321333,0xbc6a50db4a63c08f252e51228392a0f895762f76d6dec9ba3e31b268898c6abe
0x238a358808379702088667322f80ac48bad5e6c4,1782777670,107153416,34257040630571743559087,2325500000000000000000,0xbc6a50db4a63c08f252e51228392a0f895762f76d6dec9ba3e31b268898c6abe
0x238a358808379702088667322f80ac48bad5e6c4,1782777670,107153416,-2809651918823587137884,1798934348268166077986,0x827272843334a4df7671eaa31905691e1d2a63d21f68b0c087439241d586d0ac
0x238a358808379702088667322f80ac48bad5e6c4,1782777670,107153416,-40331366596111742007638,99266732348753891325,0x827272843334a4df7671eaa31905691e1d2a63d21f68b0c087439241d586d0ac
0x238a358808379702088667322f80ac48bad5e6c4,1782777670,107153416,-40227297452809103007638,104069143302639000000,0xc48c3fbd3c60273c3ceacb0d6dac634465f456b79f9914c3d11f709ecd555521
0x238a358808379702088667322f80ac48bad5e6c4,1782777670,107153416,-929647521595261830894741,11402270393971269769774,0x4c430474af765535c33addb365ff5bef9b4e8c6cdcd4967e68673496b3a78672
0x238a358808379702088667322f80ac48bad5e6c4,1782777670,107153416,-39924261001001583632278,303036451807519375360,0x4c430474af765535c33addb365ff5bef9b4e8c6cdcd4967e68673496b3a78672
0x238a358808379702088667322f80ac48bad5e6c4,1782777670,107153416,-40685782342021251990347,761521341019668358069,0x3ed4c444bc3b4826107f709290347d3be71fc5588f367bd328214c40f472e9fa
0x238a358808379702088667322f80ac48bad5e6c4,1782777670,107153416,108864206256870273498559,22517118604617001473589,0xc48c3fbd3c60273c3ceacb0d6dac634465f456b79f9914c3d11f709ecd555521
0x238a358808379702088667322f80ac48bad5e6c4,1782777670,107153416,-1423286440,45943313,0xa9b29d0557b5773c0ba1a53f338b7a743747e2562821a550b242c112638f0bd0
0x238a358808379702088667322f80ac48bad5e6c4,1782777670,107153416,-40570137534306973991755,115644807714277998592,0xc335036bb736a3a9a67d1a511ed82a0a29a09d180a8441238f609855e4ab284e
0x238a358808379702088667322f80ac48bad5e6c4,1782777670,107153416,33622136046759872689378,634904583811870869709,0xc335036bb736a3a9a67d1a511ed82a0a29a09d180a8441238f609855e4ab284e
0x238a358808379702088667322f80ac48bad5e6c4,1782777670,107153417,6186605900356485114229,1483843470189008449091,0xf39e5e458b9c083358558137561e3c43a0c3c90dc012a5b21453065c478c8a54
0x238a358808379702088667322f80ac48bad5e6c4,1782777670,107153417,-40744095901434514138774,173958367127540147019,0xf39e5e458b9c083358558137561e3c43a0c3c90dc012a5b21453065c478c8a54
0x238a358808379702088667322f80ac48bad5e6c4,1782777670,107153417,-40520301901434514108774,223794000000000030000,0x3d76cc84a444b2f5f39b079b7fe36b1f5c8360718a557a759da9f33bc300e442
0x238a358808379702088667322f80ac48bad5e6c4,1782777670,107153417,-2491550709545532107789,22625552654701288282,0xe8fe6eac81ff4bb39fb7e1f50004fa77214f590cde48423d358779443b05fbc7
0x238a358808379702088667322f80ac48bad5e6c4,1782777670,107153417,97977537118745670035285,10886669138124603463274,0x53bc501cc391326e0e9177deee72fae3a74681c307669b7493523b83afe6adf3
0x238a358808379702088667322f80ac48bad5e6c4,1782777670,107153417,-40469967872627930008774,50334028806584100000,0x53bc501cc391326e0e9177deee72fae3a74681c307669b7493523b83afe6adf3
0x238a358808379702088667322f80ac48bad5e6c4,1782777670,107153417,-2520714370168555739775,29163660623023631986,0xe74d00e78459db421ebfcee311562689ecaaa4b27b8901c2819e5439f00b298f
0x238a358808379702088667322f80ac48bad5e6c4,1782777670,107153417,5271951976516348032469,600052271892060098946,0x4699190b290de0cfe17f7a4b9a31090f12fa13653d891bf387eebbce06a7b636
0x238a358808379702088667322f80ac48bad5e6c4,1782777670,107153417,-40232929479946250238774,237038392681679770000,0x4699190b290de0cfe17f7a4b9a31090f12fa13653d891bf387eebbce06a7b636
0x238a358808379702088667322f80ac48bad5e6c4,1782777670,107153417,-40248604884557051371740,15675404610801132966,0x9db87b5f4c892bfa4672f18f7c92c3ca324a6de196a14e443345b0475c6ff195
0x238a358808379702088667322f80ac48bad5e6c4,1782777670,107153417,-57894884433443252430046,6941983502157332666773,0x3d76cc84a444b2f5f39b079b7fe36b1f5c8360718a557a759da9f33bc300e442
0x238a358808379702088667322f80ac48bad5e6c4,1782777670,107153417,-9568867422243663102378,4675809663220702791753,0xbe5ca9f4c030864df6601976a7235e0ad861a1e14862738131e6c7729b68d133
0x238a358808379702088667322f80ac48bad5e6c4,1782777670,107153417,-40166147910737143371740,82456973819908000000,0xbe5ca9f4c030864df6601976a7235e0ad861a1e14862738131e6c7729b68d133
0x238a358808379702088667322f80ac48bad5e6c4,1782777670,107153417,-40347176207304436338474,181028296567292966734,0x79427d91f14e8149f21286c531d90d585ac7a59d4aae1e465ced3e9c160b55c5
0x238a358808379702088667322f80ac48bad5e6c4,1782777670,107153417,-40490431152546815579536,143254945242379241062,0x86eef133cf04d09dd589f9a13d3ba975cc223bb6fd8bd2f51ec384a27d3bba76
0x238a358808379702088667322f80ac48bad5e6c4,1782777670,107153417,1829213764972278453505,66000000000000000000,0x79427d91f14e8149f21286c531d90d585ac7a59d4aae1e465ced3e9c160b55c5
0x238a358808379702088667322f80ac48bad5e6c4,1782777670,107153417,-1369997390,53289050,0xe74d00e78459db421ebfcee311562689ecaaa4b27b8901c2819e5439f00b298f
0x238a358808379702088667322f80ac48bad5e6c4,1782777670,107153417,-2615502099500739538258,194149819322847599626,0x6eb38b7466e5c1a1c7f20cdb9a43e29480907db8d425b6316ae0c92b901779b8
0x238a358808379702088667322f80ac48bad5e6c4,1782777670,107153417,35947636046759872689378,2325500000000000000000,0x4180c05351d5bd23a81353b273a92ec10a319bb596b6686b9ee07667bfb3911f
0x238a358808379702088667322f80ac48bad5e6c4,1782777670,107153417,-40912941144900412253410,422509992353596673874,0x4180c05351d5bd23a81353b273a92ec10a319bb596b6686b9ee07667bfb3911f
0x238a358808379702088667322f80ac48bad5e6c4,1782777670,107153417,36083696046759872689378,136060000000000000000,0x7de375cfac2fe40fdb43145c69dec716677a5f63273a5ff7f3288df553f82fd2
0x238a358808379702088667322f80ac48bad5e6c4,1782777670,107153417,-40937646450256812845612,24705305356400592202,0x7de375cfac2fe40fdb43145c69dec716677a5f63273a5ff7f3288df553f82fd2
0x238a358808379702088667322f80ac48bad5e6c4,1782777670,107153417,3915792265705360398120,1356159710810987634349,0x168594ad580737f9fef8c7796522f1db30b6055881335a5abe5c94daaa1e8e56
0x238a358808379702088667322f80ac48bad5e6c4,1782777670,107153417,-40401583225981691166621,536063224275121678991,0x168594ad580737f9fef8c7796522f1db30b6055881335a5abe5c94daaa1e8e56
0x238a358808379702088667322f80ac48bad5e6c4,1782777670,107153417,22992628338120681353779,13091067708639191335599,0xceca3c4e1886381bb245933212e1101a1d2d58a30bdcc46c5e6e36af783e576a
0x238a358808379702088667322f80ac48bad5e6c4,1782777670,107153417,-38019492626896159777872,2382090599085531388749,0xceca3c4e1886381bb245933212e1101a1d2d58a30bdcc46c5e6e36af783e576a
0x238a358808379702088667322f80ac48bad5e6c4,1782777670,107153417,-38030209851780657142343,10717224884497364471,0x6eb38b7466e5c1a1c7f20cdb9a43e29480907db8d425b6316ae0c92b901779b8
0x238a358808379702088667322f80ac48bad5e6c4,1782777670,107153417,-2484819082915042739775,35895287253513000000,0x1d4d5ad97d6d8c017dbd382cc2844c78b39e4d1351faab90376be3c14d2c7398
0x238a358808379702088667322f80ac48bad5e6c4,1782777670,107153417,-1293248824950077551664,491407724431362648990,0x1d4d5ad97d6d8c017dbd382cc2844c78b39e4d1351faab90376be3c14d2c7398
0x238a358808379702088667322f80ac48bad5e6c4,1782777670,107153417,-38118778144526518644030,88568292745861501687,0xd69b811112330d501a3d6dfd860d20ed3843b66002a8e989b881bb99f83dd0d8
0x238a358808379702088667322f80ac48bad5e6c4,1782777670,107153417,1861511189319316938577,32297424347038485072,0xd69b811112330d501a3d6dfd860d20ed3843b66002a8e989b881bb99f83dd0d8
0x238a358808379702088667322f80ac48bad5e6c4,1782777670,107153417,-1328670458,41326932,0xe8fe6eac81ff4bb39fb7e1f50004fa77214f590cde48423d358779443b05fbc7
0x238a358808379702088667322f80ac48bad5e6c4,1782777671,107153418,-38061296152955260144030,57481991571258500000,0x7333a650a3c524bd99e2902bef1be5e1445fb8ca3be17bf7637e93bf484acbaa
0x238a358808379702088667322f80ac48bad5e6c4,1782777671,107153418,-38089690335542463491603,28394182587203347573,0x8197964aabd7ed7f03d1154acefd157029751ec364d5cda8328d77ea407072cc
0x238a358808379702088667322f80ac48bad5e6c4,1782777671,107153418,-37835694126873988714635,253996208668474776968,0x9273f357cd5262aa3cfc5dbf8c8f4d5f938ce55a609374dcf43ef9c4ce63b2dd
0x238a358808379702088667322f80ac48bad5e6c4,1782777671,107153418,21599643242703315367396,1392985095417365986383,0x9273f357cd5262aa3cfc5dbf8c8f4d5f938ce55a609374dcf43ef9c4ce63b2dd
0x238a358808379702088667322f80ac48bad5e6c4,1782777671,107153418,2519234232735141435121,1029241079882301046784,0x46437c900f3a80ab02faebc28afbd436506434e67da676c65d1d489d528102f1
0x238a358808379702088667322f80ac48bad5e6c4,1782777671,107153418,-37887355090511062638998,51660963637073924363,0x46437c900f3a80ab02faebc28afbd436506434e67da676c65d1d489d528102f1
0x238a358808379702088667322f80ac48bad5e6c4,1782777671,107153418,-38311202997546833183135,423847907035770544137,0xb3c5dde6afa7d63332f1de024489043b238c93db6f777d7c7f97bd64bf3ec04e
0x238a358808379702088667322f80ac48bad5e6c4,1782777671,107153418,23925143242703315367396,2325500000000000000000,0xb3c5dde6afa7d63332f1de024489043b238c93db6f777d7c7f97bd64bf3ec04e
0x238a358808379702088667322f80ac48bad5e6c4,1782777671,107153418,-38310902997546833183135,300000000000000000,0x7048199a151da14c19d8724a215015322c844aa35f4569fc948479f2bc9686e7
0x238a358808379702088667322f80ac48bad5e6c4,1782777671,107153418,-38073385567753819383135,237517429793013800000,0x9189adcb103e6825eb3d01f74d907778671ffb180439cd1b59a40b368a5b3934
0x238a358808379702088667322f80ac48bad5e6c4,1782777671,107153418,-928816035301143372530715,831486294118458364026,0x62d20c81347baec7dfa6f9ac87141be699d0aff855ebb6f05dd8625190c02a0d
0x238a358808379702088667322f80ac48bad5e6c4,1782777671,107153418,-939046039001709271822281,10230003700565899291566,0x0ab23e730a38b09701115a9fdf8994a1d9d4608b6a0a1ab31d652a70fddca909
0x238a358808379702088667322f80ac48bad5e6c4,1782777671,107153418,24225143242703315367396,300000000000000000000,0x0ccb52478dbe3394fee9659f42ed6fa6b07e5ff3aefa8de7411bf4b3dc37f18f
0x238a358808379702088667322f80ac48bad5e6c4,1782777671,107153418,3315290035069155793410,600502230636204604710,0x9189adcb103e6825eb3d01f74d907778671ffb180439cd1b59a40b368a5b3934
0x238a358808379702088667322f80ac48bad5e6c4,1782777671,107153418,-38095507420209708899143,22121852455889516008,0x62d20c81347baec7dfa6f9ac87141be699d0aff855ebb6f05dd8625190c02a0d
0x238a358808379702088667322f80ac48bad5e6c4,1782777671,107153418,-933072329800882736749662,5973709200826535072619,0x3f1ccc0d38fc9d2ed05174be689563d496af16ab3d2d118ebfb0b476c0927b8e
0x238a358808379702088667322f80ac48bad5e6c4,1782777671,107153418,-38254476370548889790041,158968950339180890898,0x3f1ccc0d38fc9d2ed05174be689563d496af16ab3d2d118ebfb0b476c0927b8e
0x238a358808379702088667322f80ac48bad5e6c4,1782777671,107153418,-931721530746809251662445,1350799054073485087217,0xe80b9f0466cf92f5e00901b8e88e7a1bc097b6c41eaf1c07a05a890541a39b75
0x238a358808379702088667322f80ac48bad5e6c4,1782777671,107153418,-38290397790623946804884,35921420075057014843,0xe80b9f0466cf92f5e00901b8e88e7a1bc097b6c41eaf1c07a05a890541a39b75
0x238a358808379702088667322f80ac48bad5e6c4,1782777671,107153418,-928595286090507053577175,3126244656302198085270,0xe80b9f0466cf92f5e00901b8e88e7a1bc097b6c41eaf1c07a05a890541a39b75
0x238a358808379702088667322f80ac48bad5e6c4,1782777671,107153418,-38373545959050647263656,83148168426700458772,0xe80b9f0466cf92f5e00901b8e88e7a1bc097b6c41eaf1c07a05a890541a39b75
0x238a358808379702088667322f80ac48bad5e6c4,1782777671,107153418,-38430973461663068659088,57427502612421395432,0x3e7c008d2e889ba1d0a8b27d3a0e199b44183c447fefe2de3eff30e8a9f93c4a
0x238a358808379702088667322f80ac48bad5e6c4,1782777671,107153418,24540103242703315367396,314960000000000000000,0x3e7c008d2e889ba1d0a8b27d3a0e199b44183c447fefe2de3eff30e8a9f93c4a
0x238a358808379702088667322f80ac48bad5e6c4,1782777671,107153418,145090379752678167459,50383079713857311849,0xb2c2872e3748e587ccdd9d3ebd875f5b9c6c1dc6650a3f15fcf2bea6cb6ee181
0x238a358808379702088667322f80ac48bad5e6c4,1782777671,107153418,-3535821107207198745273,433825993879023743441,0x7333a650a3c524bd99e2902bef1be5e1445fb8ca3be17bf7637e93bf484acbaa
0x238a358808379702088667322f80ac48bad5e6c4,1782777671,107153418,3084628601590848435121,565394368855707000000,0x8197964aabd7ed7f03d1154acefd157029751ec364d5cda8328d77ea407072cc
0x238a358808379702088667322f80ac48bad5e6c4,1782777671,107153418,-11486713654600029788181,8145259137421031346285,0xb2c2872e3748e587ccdd9d3ebd875f5b9c6c1dc6650a3f15fcf2bea6cb6ee181
0x238a358808379702088667322f80ac48bad5e6c4,1782777671,107153418,11588607741149574100153,962754685936857000000,0xb4e02c6802a79ea5e5006521dd1bd10c9d730a67403691cd0e99c5e748a606db
0x238a358808379702088667322f80ac48bad5e6c4,1782777671,107153418,-38485655575528043411877,54682113864974752789,0x0ccb52478dbe3394fee9659f42ed6fa6b07e5ff3aefa8de7411bf4b3dc37f18f
0x238a358808379702088667322f80ac48bad5e6c4,1782777671,107153418,-942464854943413802422673,13869568852906748845498,0xec5c9b9a37a256a8a4226a1b29cc217a1d00b8234db5fe7ee7a8d4f032d213c0
0x238a358808379702088667322f80ac48bad5e6c4,1782777671,107153419,-38649322815747594554011,163667240219551142134,0x958bdf54b2e34ee503f9abc6cc2a695a4d28aeb622297211b72f7acd5ce10afd
0x238a358808379702088667322f80ac48bad5e6c4,1782777671,107153419,-38854725127125511257448,205402311377916703437,0x866c7ca99e71f8f448f2425c06ca5043f0da0d9947505bf42596abad62b9bf2b
0x238a358808379702088667322f80ac48bad5e6c4,1782777671,107153419,-936311671549671418107873,6153183393742384314800,0x958bdf54b2e34ee503f9abc6cc2a695a4d28aeb622297211b72f7acd5ce10afd
0x238a358808379702088667322f80ac48bad5e6c4,1782777671,107153419,-3228171684970289244576,612669585469549706318,0x3fe208ccd49829f3166698e7fefe42f7f05a95ecf01b7235078ff2a84fb06248
0x238a358808379702088667322f80ac48bad5e6c4,1782777671,107153419,-38820893642665197452665,33831484460313804783,0x3fe208ccd49829f3166698e7fefe42f7f05a95ecf01b7235078ff2a84fb06248
0x238a358808379702088667322f80ac48bad5e6c4,1782777671,107153419,-39377206449866248150872,556312807201050698207,0xecc70c663c8cd4e5983f3e5793261ed4303a603a10bd07710171ed82d4a0c3a6
0x238a358808379702088667322f80ac48bad5e6c4,1782777671,107153419,-39724607920703171471143,347401470836923320271,0x964c9fcd207e3f2b709c2bb4ec519968cf01025d0939d1c4043a8eee78dd96b6
0x238a358808379702088667322f80ac48bad5e6c4,1782777671,107153419,4192977708720785213538,877687673651629420128,0x964c9fcd207e3f2b709c2bb4ec519968cf01025d0939d1c4043a8eee78dd96b6
0x238a358808379702088667322f80ac48bad5e6c4,1782777671,107153419,923882254091926333612,184485853628604000000,0xaa8b9ba916dd9893d8921d9ccc7bf6dd36952c8b61ec65b9b1eeef6eb1d9e692
0x238a358808379702088667322f80ac48bad5e6c4,1782777671,107153419,-2546218999531788304960,61399916616745565185,0xaa8b9ba916dd9893d8921d9ccc7bf6dd36952c8b61ec65b9b1eeef6eb1d9e692
0x238a358808379702088667322f80ac48bad5e6c4,1782777671,107153419,-39661060144179603367719,63547776523568103424,0xeca0f978538e735eea14e26f08ca507c62ca0ea406c15fd42edef76d43964c99
0x238a358808379702088667322f80ac48bad5e6c4,1782777671,107153419,5644605060712528673343,542000839643956440886,0xeca0f978538e735eea14e26f08ca507c62ca0ea406c15fd42edef76d43964c99
0x238a358808379702088667322f80ac48bad5e6c4,1782777671,107153419,12551362427086431100153,962754685936857000000,0xdbb958431ff776bd5c3c7cbb5d19f269583e8e13e89d472415cf857db08a506a
0x238a358808379702088667322f80ac48bad5e6c4,1782777672,107153420,-19964273552,24018520852,0x074859faf589ab13ffe08aa03e1d35341822de6119057dc8e60ea1b3c14b3c7c
0x238a358808379702088667322f80ac48bad5e6c4,1782777672,107153420,-39619094556446858400019,41965587732744967700,0x869d15293a9157bae56b30e46a454602db1a86a8e3c99bf07054372795ac185f
0x238a358808379702088667322f80ac48bad5e6c4,1782777672,107153420,-951003888954865183347015,14692217405193765239142,0xf7c2aa0e6fc28dae7c503868581b73c913189f4da5d4288a5224d7a718d0d129
0x238a358808379702088667322f80ac48bad5e6c4,1782777672,107153420,-39556317258142808499438,62777298304049900581,0x5f652a696082935a6d1b153586e9004571edc9210b2463efac9068086067f8b9
0x238a358808379702088667322f80ac48bad5e6c4,1782777672,107153420,-2773764400218938386897,14394087484995905078,0xe828c74a74e4b32ae889496f30d374ab8d78d4217a84c98e1d77b2c2becf8c0b
0x238a358808379702088667322f80ac48bad5e6c4,1782777672,107153420,84403138718841438836175,13574398399904231199110,0x5f652a696082935a6d1b153586e9004571edc9210b2463efac9068086067f8b9
0x238a358808379702088667322f80ac48bad5e6c4,1782777672,107153420,-39695001005147826686671,138683747005018187233,0x443cdee9b730ab0cd3eae258002097da980541672a690069aa1cc9fbad31e0da
0x238a358808379702088667322f80ac48bad5e6c4,1782777672,107153420,-945792271987200153681500,5211616967665029665515,0x443cdee9b730ab0cd3eae258002097da980541672a690069aa1cc9fbad31e0da
0x238a358808379702088667322f80ac48bad5e6c4,1782777672,107153420,-39689759378203474313671,5241626944352373000,0xd29fe33bf8de19b5b8e1d51b415f1d1697d3c549d5842fd189576fda9d956522
0x238a358808379702088667322f80ac48bad5e6c4,1782777672,107153420,83270252392313978184363,1132886326527460651812,0xd29fe33bf8de19b5b8e1d51b415f1d1697d3c549d5842fd189576fda9d956522
0x238a358808379702088667322f80ac48bad5e6c4,1782777672,107153420,-39650107264658740033671,39652113544734280000,0x97601321da66a9336fd787cd2ea79b2b353b7ebdcdc681a05cf626745a0b4f55
0x238a358808379702088667322f80ac48bad5e6c4,1782777672,107153420,-39883030560,19918757008,0x97601321da66a9336fd787cd2ea79b2b353b7ebdcdc681a05cf626745a0b4f55
0x238a358808379702088667322f80ac48bad5e6c4,1782777672,107153420,-39602272366433124791600,47834898225615242071,0x074859faf589ab13ffe08aa03e1d35341822de6119057dc8e60ea1b3c14b3c7c
0x238a358808379702088667322f80ac48bad5e6c4,1782777672,107153420,-39562470222978529865600,39802143454594926000,0xdde657f33a2b8284e9c94ad52a3b18570372ec7006047cda7026ac3a8c1c9034
0x238a358808379702088667322f80ac48bad5e6c4,1782777672,107153420,-59859239994,19976209434,0xdde657f33a2b8284e9c94ad52a3b18570372ec7006047cda7026ac3a8c1c9034
0x238a358808379702088667322f80ac48bad5e6c4,1782777672,107153420,-39541486245526302466841,20983977452227398759,0x5f2802f78d1bcf7c2a1323184a92a1d556467a13882a92b2c7b20ed7754de45d
0x238a358808379702088667322f80ac48bad5e6c4,1782777672,107153420,78733758183748804731440,4536494208565173452923,0x5f2802f78d1bcf7c2a1323184a92a1d556467a13882a92b2c7b20ed7754de45d
0x238a358808379702088667322f80ac48bad5e6c4,1782777672,107153420,1123653997787181333612,199771743695255000000,0x290d7605249c280c7f94a78f863765b41b77eb87fee59085522b1fa6e0245d3c
0x238a358808379702088667322f80ac48bad5e6c4,1782777672,107153420,-2612698078787060927705,66479079255272622745,0x290d7605249c280c7f94a78f863765b41b77eb87fee59085522b1fa6e0245d3c
0x238a358808379702088667322f80ac48bad5e6c4,1782777672,107153420,-944427559178949469745624,1364712808250683935876,0xf6f52b88d6cf9922a766528d5fc237aa3ce3c922f3e324deb09cfbd38b23c3c5
0x238a358808379702088667322f80ac48bad5e6c4,1782777672,107153420,-39574968991403137989516,33482745876835522675,0x51f569aecdaf2d8793c21856665e0a451ae606242c46fa24818d25805ce30159
0x238a358808379702088667322f80ac48bad5e6c4,1782777672,107153420,-39611292915141422003325,36323923738284013809,0xf6f52b88d6cf9922a766528d5fc237aa3ce3c922f3e324deb09cfbd38b23c3c5
0x238a358808379702088667322f80ac48bad5e6c4,1782777672,107153420,-943169704904597101132724,1257854274352368612900,0x51f569aecdaf2d8793c21856665e0a451ae606242c46fa24818d25805ce30159
0x238a358808379702088667322f80ac48bad5e6c4,1782777672,107153420,-2636517744117175054602,23819665330114126897,0x18a471883f41b1b166300f99577e31e393fc18917785294445da0872920142b2
0x238a358808379702088667322f80ac48bad5e6c4,1782777672,107153420,-1285129564,43540894,0x18a471883f41b1b166300f99577e31e393fc18917785294445da0872920142b2
0x238a358808379702088667322f80ac48bad5e6c4,1782777672,107153420,69662622326206546997611,9071135857542257733829,0x869d15293a9157bae56b30e46a454602db1a86a8e3c99bf07054372795ac185f
0x238a358808379702088667322f80ac48bad5e6c4,1782777672,107153421,-39322068767418351804439,289224147723070198886,0x3d17cf0efd982fa29d2421437fc5add30a9686a8ef922926200ed6c13c9f33c3
0x238a358808379702088667322f80ac48bad5e6c4,1782777672,107153421,-39324938254077312901637,2869486658961097198,0x3960b6e0a6cd4fe0b9be61ef0277721f0525dd2253aaf7fb3c60d406cf87aa06
0x238a358808379702088667322f80ac48bad5e6c4,1782777672,107153421,-39071019261505443422109,253918992571869479528,0x7fd0c49e33d793e5bc866fe03757448d52e51ed201769be448d4938144b96366
0x238a358808379702088667322f80ac48bad5e6c4,1782777672,107153421,-37240040134930278831,18559423250616609740,0xecd14e9791d29fcf557d3eda21b547a0864e5a7d20cd2da16014001b7fd9abec
0x238a358808379702088667322f80ac48bad5e6c4,1782777672,107153421,-948849372266273183729,8123754313165364589,0x07a9cc7b0f121df8b2cd4de629cba88a666bf47b7158bf786bd183132511ca5c
0x238a358808379702088667322f80ac48bad5e6c4,1782777672,107153421,-39021019261505443422109,50000000000000000000,0x07a9cc7b0f121df8b2cd4de629cba88a666bf47b7158bf786bd183132511ca5c
0x238a358808379702088667322f80ac48bad5e6c4,1782777672,107153421,-921310437569323592910584,21859267335273508222140,0xad3b5d2f6893cc1eaea3b82fe84619f8b9d7fa4b6df2ff7564d2ff970a52d0c9
0x238a358808379702088667322f80ac48bad5e6c4,1782777672,107153421,-39444310352838165418782,423291091332721996673,0x41e585cfec44dc99281b399191020d19f8cbfd8d550619c93e60f15a9dab0a46
0x238a358808379702088667322f80ac48bad5e6c4,1782777672,107153421,26865603242703315367396,2325500000000000000000,0x41e585cfec44dc99281b399191020d19f8cbfd8d550619c93e60f15a9dab0a46
0x238a358808379702088667322f80ac48bad5e6c4,1782777672,107153421,26165603242703315367396,700000000000000000000,0xebe049a5f5ca92eb1ad0636b27d2a1aa6ef5972c9e196ed704accc06db9a9b75
0x238a358808379702088667322f80ac48bad5e6c4,1782777672,107153421,-39316839203329023549804,127471149509141868978,0xebe049a5f5ca92eb1ad0636b27d2a1aa6ef5972c9e196ed704accc06db9a9b75
0x238a358808379702088667322f80ac48bad5e6c4,1782777672,107153421,-39897983185805697780932,581143982476674231128,0xad3b5d2f6893cc1eaea3b82fe84619f8b9d7fa4b6df2ff7564d2ff970a52d0c9
0x238a358808379702088667322f80ac48bad5e6c4,1782777672,107153421,60836171912507436413728,8826450413699110583883,0x6c631936680d459c78ef8666f3ad7c8c20a5c20ea70a083b6ef03170866da995
0x238a358808379702088667322f80ac48bad5e6c4,1782777672,107153421,-39840582867614204398544,57400318191493382388,0x8cade8bf654e6d88c2269b2683b194f2679b03fe8e7fe24ab6f5921513c58041
0x238a358808379702088667322f80ac48bad5e6c4,1782777672,107153421,-88653434738,28794194744,0x8cade8bf654e6d88c2269b2683b194f2679b03fe8e7fe24ab6f5921513c58041
0x238a358808379702088667322f80ac48bad5e6c4,1782777672,107153421,-40134882742734113364094,294299875119908965550,0xb31a24f09b88f26a80fa9d42cb128f5835c6990e3682e9a5ba50b903a2463fa9
0x238a358808379702088667322f80ac48bad5e6c4,1782777672,107153421,1756079879458175754836,105431309861141183741,0x3d17cf0efd982fa29d2421437fc5add30a9686a8ef922926200ed6c13c9f33c3
0x238a358808379702088667322f80ac48bad5e6c4,1782777672,107153421,24770787708375418982815,1394815534327896384581,0x7fd0c49e33d793e5bc866fe03757448d52e51ed201769be448d4938144b96366
0x238a358808379702088667322f80ac48bad5e6c4,1782777672,107153421,-40094040193250713164094,40842549483400200000,0x6c631936680d459c78ef8666f3ad7c8c20a5c20ea70a083b6ef03170866da995
0x238a358808379702088667322f80ac48bad5e6c4,1782777672,107153422,-40193571739424598674664,99531546173885510570,0x5a4798329df0d9e64edf8708997a0973ab90d16ab38572d4e1f081567d1f5137
0x238a358808379702088667322f80ac48bad5e6c4,1782777672,107153422,-926966949421434458399757,5656511852110865489173,0xd80570cfae06e57be4d5035934aba32d917a43b97ec8a545ee153694d6653670
0x238a358808379702088667322f80ac48bad5e6c4,1782777672,107153422,-40392687141758494490826,199115402333895816162,0x54cd493224d1d2b362d76c0a67e6edbfc72853a733b45aba571416019aff55f6
0x238a358808379702088667322f80ac48bad5e6c4,1782777672,107153422,-19404711336,84398573777,0xeb37506343591878aa6732fba0ed1dfe0d01482f80ec74bbb72e50420a583c08
0x238a358808379702088667322f80ac48bad5e6c4,1782777672,107153422,-2236329703341959256373,991841981628329988203,0xeb37506343591878aa6732fba0ed1dfe0d01482f80ec74bbb72e50420a583c08
0x238a358808379702088667322f80ac48bad5e6c4,1782777672,107153422,-40447438365228042392110,54751223469547901284,0xeb37506343591878aa6732fba0ed1dfe0d01482f80ec74bbb72e50420a583c08
0x238a358808379702088667322f80ac48bad5e6c4,1782777672,107153422,-40397438365228042392110,50000000000000000000,0xd4038513a8fe8fd604493ec54f2233e968f35ed190ba731db059f0223ab0c75c
0x238a358808379702088667322f80ac48bad5e6c4,1782777672,107153422,-956967103364645579653,8117731098372395924,0xd4038513a8fe8fd604493ec54f2233e968f35ed190ba731db059f0223ab0c75c
0x238a358808379702088667322f80ac48bad5e6c4,1782777672,107153422,-40596456431568849970889,199018066340807578779,0xf79477f22a4a30d028f94b81bc10180cfa9d0c1777a04e7f4671377b97879b1c
0x238a358808379702088667322f80ac48bad5e6c4,1782777672,107153422,1705440894612152116364,50638984846023638472,0xf4fb595e7e8bf2ec5cef440f67aebf6f3675f1017e582946106c536dc3ba183e
0x238a358808379702088667322f80ac48bad5e6c4,1782777672,107153422,-40795636764636192659050,199180333067342688161,0xd0b547b32895b1061638c233b8d6b20e2fd8d1bf42a503c1906c8916ea9baa3d
0x238a358808379702088667322f80ac48bad5e6c4,1782777672,107153422,1678868050071352175044,26572844540799941320,0x33ba4665d290beb6fc42d6c658f4a8b84cd4d626c710721be0f1beaf71adeecc
0x238a358808379702088667322f80ac48bad5e6c4,1782777672,107153422,-40745636764636192659050,50000000000000000000,0xe4fa193af0f174d477d6c9306d2f5fac04499cffe78198db5db8aa6ce3e37479
0x238a358808379702088667322f80ac48bad5e6c4,1782777672,107153422,-965078817944452657036,8111714579807077383,0xe4fa193af0f174d477d6c9306d2f5fac04499cffe78198db5db8aa6ce3e37479
0x238a358808379702088667322f80ac48bad5e6c4,1782777672,107153422,-40606674697703042084252,138962066933150574798,0xf4fb595e7e8bf2ec5cef440f67aebf6f3675f1017e582946106c536dc3ba183e
0x238a358808379702088667322f80ac48bad5e6c4,1782777672,107153422,-40866534480392795758204,259859782689753673952,0x3ab4e709b13a0515fb055f8cfcf75e2a80c51fc840de753abfb515105a089176
0x238a358808379702088667322f80ac48bad5e6c4,1782777672,107153422,-40455860367421487564267,410674112971308193937,0x11b9f0cc0759cfa9332e377c9af06291230f749035f415607e6aab994a5109f1
0x238a358808379702088667322f80ac48bad5e6c4,1782777672,107153422,-942408466256206288629918,15441516834771830230161,0x11b9f0cc0759cfa9332e377c9af06291230f749035f415607e6aab994a5109f1
0x238a358808379702088667322f80ac48bad5e6c4,1782777672,107153422,44011192410249839535861,16824979502257596877867,0xf6225b597bfa53844e4b2dbd593387f1b3659820bfaa399cba9ed4723ae7b8de
0x238a358808379702088667322f80ac48bad5e6c4,1782777672,107153422,-40377984601836335614267,77875765585151950000,0xf6225b597bfa53844e4b2dbd593387f1b3659820bfaa399cba9ed4723ae7b8de
0x238a358808379702088667322f80ac48bad5e6c4,1782777672,107153422,-40378077962857335614267,93361021000000000,0xbdf67a0ac8cbc3541f419896d6906a38181d1f6a4bf423d4d75fa10e2f4ecfb5
0x238a358808379702088667322f80ac48bad5e6c4,1782777672,107153422,-40801612460430237109531,423534497572901495264,0x37d6bc342cd09c9790c7f9f10b83780f35c4636e7ca2e5fcb27413bdda26acbd
0x238a358808379702088667322f80ac48bad5e6c4,1782777672,107153422,27100227708375418982815,2329440000000000000000,0x37d6bc342cd09c9790c7f9f10b83780f35c4636e7ca2e5fcb27413bdda26acbd
0x238a358808379702088667322f80ac48bad5e6c4,1782777672,107153422,-40794198935088998198801,7413525341238910730,0x61f989658ffbcab1cf6856dd458b8087f8c062e5320f7fbe179d08fe64cbfd89
0x238a358808379702088667322f80ac48bad5e6c4,1782777672,107153422,-40656289402987685738011,137909532101312460790,0xeb37506343591878aa6732fba0ed1dfe0d01482f80ec74bbb72e50420a583c08
0x238a358808379702088667322f80ac48bad5e6c4,1782777672,107153422,42409828458330416568671,1601363951919422967190,0x61f989658ffbcab1cf6856dd458b8087f8c062e5320f7fbe179d08fe64cbfd89
0x238a358808379702088667322f80ac48bad5e6c4,1782777672,107153422,-40505961194836003164871,150328208151682573140,0xd80570cfae06e57be4d5035934aba32d917a43b97ec8a545ee153694d6653670
0x238a358808379702088667322f80ac48bad5e6c4,1782777672,107153422,-1016094232678102929209,2993411473112348449523,0xbdf67a0ac8cbc3541f419896d6906a38181d1f6a4bf423d4d75fa10e2f4ecfb5
0x238a358808379702088667322f80ac48bad5e6c4,1782777672,107153422,-40412600173836003164871,93361021000000000000,0xbdf67a0ac8cbc3541f419896d6906a38181d1f6a4bf423d4d75fa10e2f4ecfb5
0x238a358808379702088667322f80ac48bad5e6c4,1782777673,107153423,-40558170603231660521606,145570429395657356735,0xbfd18acae4ea58d229d4d21b3d88c50007d6a7fa68e72693685c3ee931ae77f7
0x238a358808379702088667322f80ac48bad5e6c4,1782777673,107153423,17786068100706771706530,9314159607668647276285,0xd8859c77ce7cfa72e9a91ec649e0728d91bddb771e85b71f8125a44620f9e3e4
0x238a358808379702088667322f80ac48bad5e6c4,1782777673,107153423,-2700794255937008866608,64276511819833812006,0x10968c8cd2cc8ffae54d4d58873e171239fc4782de331d14497694562b8a4980
0x238a358808379702088667322f80ac48bad5e6c4,1782777673,107153423,-40564729353104899746659,6558749873239225053,0x1e94d0bc11235d338559ae64611b33aa2f2307152e646a446651dc196d375093
0x238a358808379702088667322f80ac48bad5e6c4,1782777673,107153423,16362588878730035228668,1423479221976736477862,0x9b9190e02bac959c62a12f9cf0636091544b56a74d46645fda69850d79885770
0x238a358808379702088667322f80ac48bad5e6c4,1782777673,107153423,-40864961055090468310772,300231701985568564113,0x8f361208d9d6acad29b41a25afda1c468304bd7d61b98096fc89c87b8a5b343f
0x238a358808379702088667322f80ac48bad5e6c4,1782777673,107153423,-942145319127882529419568,263147128323759210350,0xb184267725b7ee5d740ba9508a1dc6d7cf995ce107da0aa3e9225d6c851d47c5
0x238a358808379702088667322f80ac48bad5e6c4,1782777673,107153423,-40479527893962549169292,385433161127919141480,0xd282f9fae085026e2d9cdbf6669e31b960fb2e5f0aec74509a83aa585980f112
0x238a358808379702088667322f80ac48bad5e6c4,1782777673,107153423,3024644011629380304949,1237000000000000000000,0x256885ba596e05e414ceeb479db32793068d16acea0dd7745bbb15a01fb52304
0x238a358808379702088667322f80ac48bad5e6c4,1782777673,107153423,-40679056111016071363236,199528217053522193944,0xc37addf3b5f2e6273373c310bacff8a082256c46270534a18527499a473af40c
0x238a358808379702088667322f80ac48bad5e6c4,1782777673,107153423,-41102717398325779701206,423661287309708337970,0xb8f69427bd03152c7d7d984c73cf17636726304b6f0adc0a92752219629f5d47
0x238a358808379702088667322f80ac48bad5e6c4,1782777673,107153423,-322691628185473038464,316689436530058186048,0x392cc0cfbd6931ac50acbe0ada8a0882b5014d93b081498dbe9d167cff484a9b
0x238a358808379702088667322f80ac48bad5e6c4,1782777673,107153423,-41070666383851083178779,32051014474696522427,0x392cc0cfbd6931ac50acbe0ada8a0882b5014d93b081498dbe9d167cff484a9b
0x238a358808379702088667322f80ac48bad5e6c4,1782777673,107153423,-7571628185473038464,315120000000000000000,0xffd6110ab9160a958e9cc9b4863fff92f9125b0f72eed43ba452b5b0d36053f9
0x238a358808379702088667322f80ac48bad5e6c4,1782777673,107153423,-25567762019935027448932,63135743546139600000,0x1e94d0bc11235d338559ae64611b33aa2f2307152e646a446651dc196d375093
0x238a358808379702088667322f80ac48bad5e6c4,1782777673,107153423,3521368639612865730540,496724627983485425591,0x10968c8cd2cc8ffae54d4d58873e171239fc4782de331d14497694562b8a4980
0x238a358808379702088667322f80ac48bad5e6c4,1782777673,107153423,-2860832651702269342796,160038395765260476188,0x256885ba596e05e414ceeb479db32793068d16acea0dd7745bbb15a01fb52304
0x238a358808379702088667322f80ac48bad5e6c4,1782777673,107153423,-41102552233932773922226,31885850081690743447,0xffd6110ab9160a958e9cc9b4863fff92f9125b0f72eed43ba452b5b0d36053f9
0x238a358808379702088667322f80ac48bad5e6c4,1782777673,107153423,-973184522691999822177,8105704747547165141,0x1effbc5fa45caeb9fc64dd81126797f07000fddbe5352d2eccfea22c20020fe2
0x238a358808379702088667322f80ac48bad5e6c4,1782777673,107153423,-39408905781916891383900,1693646452015882538326,0xd8859c77ce7cfa72e9a91ec649e0728d91bddb771e85b71f8125a44620f9e3e4
0x238a358808379702088667322f80ac48bad5e6c4,1782777673,107153423,14246512884153821763954,2116075994576213464714,0xd282f9fae085026e2d9cdbf6669e31b960fb2e5f0aec74509a83aa585980f112
0x238a358808379702088667322f80ac48bad5e6c4,1782777673,107153423,-39415906572262199781997,7000790345308398097,0xb184267725b7ee5d740ba9508a1dc6d7cf995ce107da0aa3e9225d6c851d47c5
0x238a358808379702088667322f80ac48bad5e6c4,1782777673,107153423,-39365906572262199781997,50000000000000000000,0x1effbc5fa45caeb9fc64dd81126797f07000fddbe5352d2eccfea22c20020fe2
0x238a358808379702088667322f80ac48bad5e6c4,1782777673,107153423,16572012884153821763954,2325500000000000000000,0xb8f69427bd03152c7d7d984c73cf17636726304b6f0adc0a92752219629f5d47
0x238a358808379702088667322f80ac48bad5e6c4,1782777673,107153423,5097249953866453121487,904272245145667907949,0xe59682c81c3e3367c782642436ca5a1eca79cfd9342f2f6a54d336e4910950fc
0x238a358808379702088667322f80ac48bad5e6c4,1782777673,107153423,-39723623652584119872003,357717080321920090006,0xe59682c81c3e3367c782642436ca5a1eca79cfd9342f2f6a54d336e4910950fc
0x238a358808379702088667322f80ac48bad5e6c4,1782777673,107153423,-1859543362359900968647,376786340982058287726,0x4b606d304e380265c45e221d09560062e1c91aa6714caf0f76dbd03c5db04a9a
0x238a358808379702088667322f80ac48bad5e6c4,1782777673,107153423,-39744412924352079053189,20789271767959181186,0x4b606d304e380265c45e221d09560062e1c91aa6714caf0f76dbd03c5db04a9a
0x238a358808379702088667322f80ac48bad5e6c4,1782777673,107153424,-2884644144293126202696,23811492590856859900,0x0e5944fbfa0f4d2cfd04e5b25139c0ad68051a85e041735b2b570f55f79784aa
0x238a358808379702088667322f80ac48bad5e6c4,1782777673,107153424,-1241588670,43540894,0x0e5944fbfa0f4d2cfd04e5b25139c0ad68051a85e041735b2b570f55f79784aa
0x238a358808379702088667322f80ac48bad5e6c4,1782777673,107153424,26701278230037463712197,15708550228292952856474,0xd9af00c62db80766ac6c08292a2f45ee463ca1165191df653728782fb3df18eb
0x238a358808379702088667322f80ac48bad5e6c4,1782777673,107153424,-39671676403611530453189,72736520740548600000,0xd9af00c62db80766ac6c08292a2f45ee463ca1165191df653728782fb3df18eb
0x238a358808379702088667322f80ac48bad5e6c4,1782777674,107153425,-39185988175817364962674,485688227794165490515,0x712ae30696039a1f9798e89c46540d5912e7dd9e126a5ed2ae4aa5bce1743975
0x238a358808379702088667322f80ac48bad5e6c4,1782777674,107153425,-981284224283688608801,8099701591688786624,0x0cdffb963ec5331885857fbfa267b31a6992e261dfbb6e45c46315e2fcb86122
0x238a358808379702088667322f80ac48bad5e6c4,1782777674,107153425,-3256589596973452745273,279231510233746000000,0x6e1827906692af4020e1563b20c7328748de00c74d9a63f8dc00139a813b0dc9
0x238a358808379702088667322f80ac48bad5e6c4,1782777674,107153425,-39222979956258656876818,36991780441291914144,0x6e1827906692af4020e1563b20c7328748de00c74d9a63f8dc00139a813b0dc9
0x238a358808379702088667322f80ac48bad5e6c4,1782777674,107153425,-2910164214546289923696,25520070253163721000,0x93ad77654b499f1e4356d97dfe009cffca7b4819a16a7921d3d884317708317a
0x238a358808379702088667322f80ac48bad5e6c4,1782777674,107153425,-1194906938,46681732,0x93ad77654b499f1e4356d97dfe009cffca7b4819a16a7921d3d884317708317a
0x238a358808379702088667322f80ac48bad5e6c4,1782777674,107153425,8654702640592637389967,7917310243561184373987,0x1de0815d7adf7b12db595d5dcde2f93858e85371d9ffdb88132644d548cdb267
0x238a358808379702088667322f80ac48bad5e6c4,1782777674,107153425,-37783456588273105624180,1439523367985551252638,0x1de0815d7adf7b12db595d5dcde2f93858e85371d9ffdb88132644d548cdb267
0x238a358808379702088667322f80ac48bad5e6c4,1782777674,107153425,-960386545963697065313964,18241226835814535894396,0x712ae30696039a1f9798e89c46540d5912e7dd9e126a5ed2ae4aa5bce1743975
0x238a358808379702088667322f80ac48bad5e6c4,1782777674,107153425,7144162133854341947083,1510540506738295442884,0x2fa2cf90eab651064afd314a19d2f79e0b09951dcf69b8a0e50830d4d326927d
0x238a358808379702088667322f80ac48bad5e6c4,1782777674,107153425,-37508534512678260304180,274922075594845320000,0x2fa2cf90eab651064afd314a19d2f79e0b09951dcf69b8a0e50830d4d326927d
0x238a358808379702088667322f80ac48bad5e6c4,1782777674,107153425,9469662133854341947083,2325500000000000000000,0x34bfeb1f6375c9cef1137f71a14b8ad9a69074203a822010e3d7bec8e3308b2e
0x238a358808379702088667322f80ac48bad5e6c4,1782777674,107153425,-37931646105656438835581,423111592978178531401,0x34bfeb1f6375c9cef1137f71a14b8ad9a69074203a822010e3d7bec8e3308b2e
0x238a358808379702088667322f80ac48bad5e6c4,1782777674,107153425,9746862133854341947083,277200000000000000000,0x7e5cb465a4a3d3cbbc8faa7c2fa92441f665adbc18f97f101febf425845fe648
0x238a358808379702088667322f80ac48bad5e6c4,1782777674,107153425,-37982061547103347619572,50415441446908783991,0x7e5cb465a4a3d3cbbc8faa7c2fa92441f665adbc18f97f101febf425845fe648
0x238a358808379702088667322f80ac48bad5e6c4,1782777674,107153425,-37854624426796652927140,127437120306694692432,0x46483ab65cd160cd7c31644bbbb077f8c89f400683cbc9e150ec3934a017442c
0x238a358808379702088667322f80ac48bad5e6c4,1782777674,107153425,9046862133854341947083,700000000000000000000,0x46483ab65cd160cd7c31644bbbb077f8c89f400683cbc9e150ec3934a017442c
0x238a358808379702088667322f80ac48bad5e6c4,1782777674,107153425,-37902115393261864329603,47490966465211402463,0xacea92179c4bd372a64298d28089b215e1429cd9fc2a9114be750548d2617b0a
0x238a358808379702088667322f80ac48bad5e6c4,1782777674,107153425,-998264529427845908163,861278832932055060484,0xacea92179c4bd372a64298d28089b215e1429cd9fc2a9114be750548d2617b0a
0x238a358808379702088667322f80ac48bad5e6c4,1782777674,107153425,-38201020625880095206197,298905232618230876594,0xa57eee7e218aab9b7c44ceda228c33e0c66c9043640db8b21d6550251b12f31c
0x238a358808379702088667322f80ac48bad5e6c4,1782777674,107153425,-38300934688449459485689,99914062569364279492,0x7ba7483c6cf642265131acfac357e0d9d77d1395c3297b25541207d6cfc145e8
0x238a358808379702088667322f80ac48bad5e6c4,1782777674,107153425,-38600035212681173811211,299100524231714325522,0xd65a161983b573745a950a6ae9333f91094cbf8133b248e1d196e935277a7ed2
0x238a358808379702088667322f80ac48bad5e6c4,1782777674,107153425,-38899282240654333663861,299247027973159852650,0xe77624c53f3ecf050a8f88f5d697cbf6fe427b016febf3521d535c79ba5f557e
0x238a358808379702088667322f80ac48bad5e6c4,1782777674,107153425,-38849282240654333663861,50000000000000000000,0x0cdffb963ec5331885857fbfa267b31a6992e261dfbb6e45c46315e2fcb86122
0x238a358808379702088667322f80ac48bad5e6c4,1782777674,107153426,-39110705905399025119404,261423664744691455543,0xe6df81d7978f6d4f24372ba0fb06fa0cb308e4ea68a0b0ea735cb3872e9151e4
0x238a358808379702088667322f80ac48bad5e6c4,1782777674,107153426,-2772483980985128286455,484105615988324458818,0x318433580fdb8785d3f5282ea401fe593d3de8dbf6e390419d8f9e13c9544c9f
0x238a358808379702088667322f80ac48bad5e6c4,1782777674,107153426,-11950801,16104969,0x8d5721064a5e69f7304a673ee1d2a5796e418014b9c21662a77bad5e90b6d3ce
0x238a358808379702088667322f80ac48bad5e6c4,1782777674,107153426,-989377929386035008509,8093705102346399708,0xac3e88ab70abfcd71f2eea9d15c857b86a708b11201aaac9a5a241239d4dc286
0x238a358808379702088667322f80ac48bad5e6c4,1782777674,107153426,-2088483980985128286455,684000000000000000000,0x89db3571496052324be27ce639300219156693782fc24580fe7e99a491d55488
0x238a358808379702088667322f80ac48bad5e6c4,1782777674,107153426,-39060705905399025119404,50000000000000000000,0xac3e88ab70abfcd71f2eea9d15c857b86a708b11201aaac9a5a241239d4dc286
0x238a358808379702088667322f80ac48bad5e6c4,1782777674,107153426,-3029656686037381814550,119492471491091890854,0xcc3e82c29b26da3adc5e03753d16d0a56ba92e7d7b7ef17821d55759e46f22f5
0x238a358808379702088667322f80ac48bad5e6c4,1782777674,107153426,-39101099032536335652304,40393127137310532900,0x12651e2cee2eed27724285a28038b3bac57ce5e212ea448331d752c90bd5dccd
0x238a358808379702088667322f80ac48bad5e6c4,1782777674,107153426,-39191699635087334241123,90600602550998588819,0x89db3571496052324be27ce639300219156693782fc24580fe7e99a491d55488
0x238a358808379702088667322f80ac48bad5e6c4,1782777674,107153426,-976100714,218806224,0xcc3e82c29b26da3adc5e03753d16d0a56ba92e7d7b7ef17821d55759e46f22f5
0x238a358808379702088667322f80ac48bad5e6c4,1782777674,107153426,-265302515777982618170,732962013649863289993,0x12651e2cee2eed27724285a28038b3bac57ce5e212ea448331d752c90bd5dccd
0x238a358808379702088667322f80ac48bad5e6c4,1782777674,107153426,-959800323269400123740110,586222694296941573854,0x61303fa81b12716b213b76ca03983bab42eb3c6085809ce5852d732af4b9f213
0x238a358808379702088667322f80ac48bad5e6c4,1782777674,107153426,-39330563017945734829676,138863382858400588553,0x3815c8b6ca2bee36a4d7134d35e556c00a624be610c9e16d0a564d439550bba6
0x238a358808379702088667322f80ac48bad5e6c4,1782777674,107153426,-39346178105658189538840,15615087712454709164,0x61303fa81b12716b213b76ca03983bab42eb3c6085809ce5852d732af4b9f213
0x238a358808379702088667322f80ac48bad5e6c4,1782777674,107153426,-958942867004002832532599,857456265397291207511,0x61303fa81b12716b213b76ca03983bab42eb3c6085809ce5852d732af4b9f213
0x238a358808379702088667322f80ac48bad5e6c4,1782777674,107153426,-39369016846977119181942,22838741318929643102,0x61303fa81b12716b213b76ca03983bab42eb3c6085809ce5852d732af4b9f213
0x238a358808379702088667322f80ac48bad5e6c4,1782777674,107153426,-39346178105658189538840,22838741318929643102,0x61303fa81b12716b213b76ca03983bab42eb3c6085809ce5852d732af4b9f213
0x238a358808379702088667322f80ac48bad5e6c4,1782777674,107153426,-957939541996199465440137,1003325007803367092462,0x61303fa81b12716b213b76ca03983bab42eb3c6085809ce5852d732af4b9f213
0x238a358808379702088667322f80ac48bad5e6c4,1782777674,107153426,-952728587344293340106779,5210954651906125333358,0x3815c8b6ca2bee36a4d7134d35e556c00a624be610c9e16d0a564d439550bba6
0x238a358808379702088667322f80ac48bad5e6c4,1782777674,107153426,-39311240099086417238840,34938006571772300000,0x8d5721064a5e69f7304a673ee1d2a5796e418014b9c21662a77bad5e90b6d3ce
0x238a358808379702088667322f80ac48bad5e6c4,1782777674,107153426,-39337962407217180344188,26722308130763105348,0x61303fa81b12716b213b76ca03983bab42eb3c6085809ce5852d732af4b9f213
0x238a358808379702088667322f80ac48bad5e6c4,1782777674,107153426,-952246726175246935270283,481861169046404836496,0x61303fa81b12716b213b76ca03983bab42eb3c6085809ce5852d732af4b9f213
0x238a358808379702088667322f80ac48bad5e6c4,1782777674,107153426,9278712133854341947083,231850000000000000000,0x9c180d5d96adef9bf27348787a6f818d625992535a831e5d5beb31b10a26f3fd
0x238a358808379702088667322f80ac48bad5e6c4,1782777674,107153426,-39380165986557238899027,42203579340058554839,0x9c180d5d96adef9bf27348787a6f818d625992535a831e5d5beb31b10a26f3fd
0x238a358808379702088667322f80ac48bad5e6c4,1782777674,107153426,-963786276933895983434980,11539550758649048164697,0x66ea89aac6917c142d27b5587ed317aee985ce8e2b5fea24cea549e6b7d72d68
0x238a358808379702088667322f80ac48bad5e6c4,1782777674,107153426,-39392999099798030421494,12833113240791522467,0x61303fa81b12716b213b76ca03983bab42eb3c6085809ce5852d732af4b9f213
0x238a358808379702088667322f80ac48bad5e6c4,1782777674,107153426,-39457110503247562106037,64111403449531684543,0x318433580fdb8785d3f5282ea401fe593d3de8dbf6e390419d8f9e13c9544c9f
0x238a358808379702088667322f80ac48bad5e6c4,1782777675,107153427,-197971522334848650464,197376725991454527666,0x411ae0aea3c38a3f2eafc61053939f477c71890f3beed3957ab271ac60a1634f
0x238a358808379702088667322f80ac48bad5e6c4,1782777675,107153427,807468530405728328080,639002154167871033505,0xe10bec63a1917789460168ba54e552c56f465f23fd0af0e1ba663f06a0ae62d1
0x238a358808379702088667322f80ac48bad5e6c4,1782777675,107153427,-39483950599505754614759,26840096258192508722,0x93e1bc141e78bf2198990d51b9c79c5ee3bafec99b1a7a4f36a6defffb1bb1d8
0x238a358808379702088667322f80ac48bad5e6c4,1782777675,107153427,-39530226552486352403563,46275952980597788804,0x411ae0aea3c38a3f2eafc61053939f477c71890f3beed3957ab271ac60a1634f
0x238a358808379702088667322f80ac48bad5e6c4,1782777675,107153427,-997465644655687760527,8087715269652752018,0x9ce508ae2d5d989d223839eee3517e9b903c3380b58e16d80d8fea7f4e4e84db
0x238a358808379702088667322f80ac48bad5e6c4,1782777675,107153427,-39480226552486352403563,50000000000000000000,0x9ce508ae2d5d989d223839eee3517e9b903c3380b58e16d80d8fea7f4e4e84db
0x238a358808379702088667322f80ac48bad5e6c4,1782777675,107153427,-963160997706844040090947,625279227051943344033,0xb5b418c3f3325f5c9f5c846e2475a6b667d6afc750d0f5586b45bcb58c649660
0x238a358808379702088667322f80ac48bad5e6c4,1782777675,107153427,-116437003827647516012,148865511950335102158,0x03e521a10395e93426eed82d485e6b7f40c778435cc4ff86f394d41185c11116
0x238a358808379702088667322f80ac48bad5e6c4,1782777675,107153427,-39488427928018525986572,8201375532173583009,0x03e521a10395e93426eed82d485e6b7f40c778435cc4ff86f394d41185c11116
0x238a358808379702088667322f80ac48bad5e6c4,1782777675,107153427,-962154729981172292476463,1006267725671747614484,0x93e1bc141e78bf2198990d51b9c79c5ee3bafec99b1a7a4f36a6defffb1bb1d8
0x238a358808379702088667322f80ac48bad5e6c4,1782777675,107153427,7928499884569642141854,1350212249284699805229,0x7cad3c33601976f40aaf5d3ec2e8e443f030d81962b3cb8718db6102db3a34fa
0x238a358808379702088667322f80ac48bad5e6c4,1782777675,107153427,-954228466528740557235744,7926263452431735240719,0x49a2ac6ad7cfdaa04a7c750e5d144102a6c28703bd005b5edb1b340332fc6f1a
0x238a358808379702088667322f80ac48bad5e6c4,1782777675,107153427,-39556889536813114047499,68461608794588060927,0x952e38a47ae2dfb0a3599af7c24d263a0b996ca95d032d5122c5828dbd7d64d0
0x238a358808379702088667322f80ac48bad5e6c4,1782777675,107153427,-951662444505019770885703,2566022023720786350041,0x952e38a47ae2dfb0a3599af7c24d263a0b996ca95d032d5122c5828dbd7d64d0
0x238a358808379702088667322f80ac48bad5e6c4,1782777675,107153427,-39596004361569467055503,39114824756353008004,0xf1ca905f368876f7f818a59f37a08a03d14f94b44c7301497b41cf218dec4f7c
0x238a358808379702088667322f80ac48bad5e6c4,1782777675,107153427,-950196170672633992369300,1466273832385778516403,0xf1ca905f368876f7f818a59f37a08a03d14f94b44c7301497b41cf218dec4f7c
0x238a358808379702088667322f80ac48bad5e6c4,1782777675,107153427,-39612683321657323680987,16678960087856625484,0xb5b418c3f3325f5c9f5c846e2475a6b667d6afc750d0f5586b45bcb58c649660
0x238a358808379702088667322f80ac48bad5e6c4,1782777675,107153427,-39824233042447731373363,211549720790407692376,0x49a2ac6ad7cfdaa04a7c750e5d144102a6c28703bd005b5edb1b340332fc6f1a
0x238a358808379702088667322f80ac48bad5e6c4,1782777675,107153427,-979241382629252721774850,29045211956618729405550,0xab35ca0d2799f40bf35ce926922677cdaf28a992b6b7e38b6a20a1e68486dd54
0x238a358808379702088667322f80ac48bad5e6c4,1782777675,107153428,-39792700635300634873363,31532407147096500000,0x8addbfc42e0f5524680319118df5ac70e3369b7e3769e0f8515dade84cfd1f0f
0x238a358808379702088667322f80ac48bad5e6c4,1782777675,107153428,-2438821362316712747968,9047892292283317040213,0xdfdfc4dd25f29091be2e2423baf210c37aab24d6e05a3928f449e3c26f52ab9c
0x238a358808379702088667322f80ac48bad5e6c4,1782777675,107153428,-978731349352497218601635,510033276755503173215,0xd3d0cd8eda230401f3723b0b8a3630ba7f264b6fb9ef245b7f285562afb88b4f
0x238a358808379702088667322f80ac48bad5e6c4,1782777675,107153428,276074710458946941728,474046232793795592192,0xba5d768b41422f9c9be97dcb2cd7d677e156c7dd2aa85388212a2cb85f5fd1d3
0x238a358808379702088667322f80ac48bad5e6c4,1782777675,107153428,383188708426662131612,424279821979066196468,0x65f3d1847e642bbee5716ef460c20ba71fb86feadfdfbb74d19f1aa143681179
0x238a358808379702088667322f80ac48bad5e6c4,1782777675,107153428,-991100637709599880173841,12369288357102661572206,0x83a9e69c2fe1c781c8e20bf0ca7193a4997d352cb20c28efd209fca6bc329271
0x238a358808379702088667322f80ac48bad5e6c4,1782777675,107153428,-39903762596665488197153,111061961364853323790,0xba5d768b41422f9c9be97dcb2cd7d677e156c7dd2aa85388212a2cb85f5fd1d3
0x238a358808379702088667322f80ac48bad5e6c4,1782777675,107153428,-1147941488621421843577,940542492363706442878,0xdfdfc4dd25f29091be2e2423baf210c37aab24d6e05a3928f449e3c26f52ab9c
0x238a358808379702088667322f80ac48bad5e6c4,1782777675,107153428,-39917377577909347004379,13614981243858807226,0xd3d0cd8eda230401f3723b0b8a3630ba7f264b6fb9ef245b7f285562afb88b4f
0x238a358808379702088667322f80ac48bad5e6c4,1782777675,107153428,-40041908225117742095806,124530647208395091427,0xdfdfc4dd25f29091be2e2423baf210c37aab24d6e05a3928f449e3c26f52ab9c
0x238a358808379702088667322f80ac48bad5e6c4,1782777675,107153428,-40092101047870476070639,50192822752733974833,0xc96e4570de719fb5735ce1ff0fedd5b66eb39e2c42499708b5ae1325a64a6094
0x238a358808379702088667322f80ac48bad5e6c4,1782777675,107153428,-989220200176236197985380,1880437533363682188461,0xc96e4570de719fb5735ce1ff0fedd5b66eb39e2c42499708b5ae1325a64a6094
0x238a358808379702088667322f80ac48bad5e6c4,1782777675,107153428,89127390754825459384,55962988997852708075,0xdfdfc4dd25f29091be2e2423baf210c37aab24d6e05a3928f449e3c26f52ab9c
0x238a358808379702088667322f80ac48bad5e6c4,1782777675,107153428,19893044762107090864639,6808233467930372847558,0x8addbfc42e0f5524680319118df5ac70e3369b7e3769e0f8515dade84cfd1f0f
0x238a358808379702088667322f80ac48bad5e6c4,1782777675,107153428,37818400105484915845,51308990649340543539,0xef0ff280226eb9a74cfd404b79a908d9d2f7581251783d5efe61e8d1bc269d57
0x238a358808379702088667322f80ac48bad5e6c4,1782777675,107153428,-40040775970190598781189,51325077679877289450,0xef0ff280226eb9a74cfd404b79a908d9d2f7581251783d5efe61e8d1bc269d57
0x238a358808379702088667322f80ac48bad5e6c4,1782777676,107153429,-2934696450692117420398,94960235345264394152,0x7af62eb6bb3db263d380578dcb448b98961931949eb641d493b4d9ac3c9640a1
0x238a358808379702088667322f80ac48bad5e6c4,1782777676,107153429,6313993468695649673343,669388407983121000000,0x075d4562b6f8443774a080a4b44ed591c7125bf49d7cbf4d045fa1e32bee3103
0x238a358808379702088667322f80ac48bad5e6c4,1782777676,107153429,-40135836635190144887513,95060664999546106324,0x7af62eb6bb3db263d380578dcb448b98961931949eb641d493b4d9ac3c9640a1
0x238a358808379702088667322f80ac48bad5e6c4,1782777676,107153429,-40085836635190144887513,50000000000000000000,0xbc94d14fff8dc176cab3590cae9457ccfb3187add5a8c5d3c86915d8d6213f64
0x238a358808379702088667322f80ac48bad5e6c4,1782777676,107153429,-40103534061309239061023,17697426119094173510,0x28bae3ab6c17c77d3422dd1e9519f1ca0351fa97b3a393fb6e0a67286226acc6
0x238a358808379702088667322f80ac48bad5e6c4,1782777676,107153429,-987983494151990774092024,1236706024245423893356,0x28bae3ab6c17c77d3422dd1e9519f1ca0351fa97b3a393fb6e0a67286226acc6
0x238a358808379702088667322f80ac48bad5e6c4,1782777676,107153429,-987320598480842468122372,662895671148305969652,0x28bae3ab6c17c77d3422dd1e9519f1ca0351fa97b3a393fb6e0a67286226acc6
0x238a358808379702088667322f80ac48bad5e6c4,1782777676,107153429,-40106387904107967923428,2853842798728862405,0x28bae3ab6c17c77d3422dd1e9519f1ca0351fa97b3a393fb6e0a67286226acc6
0x238a358808379702088667322f80ac48bad5e6c4,1782777676,107153429,-987213704418043756675475,106894062798711446897,0x28bae3ab6c17c77d3422dd1e9519f1ca0351fa97b3a393fb6e0a67286226acc6
0x238a358808379702088667322f80ac48bad5e6c4,1782777676,107153429,-1005547376739446600869,8081732083758840342,0x70b68da1162542d27bdf08f69e3ca2b20254970d46dcc12fdf2f00b0e9ec2bc0
0x238a358808379702088667322f80ac48bad5e6c4,1782777676,107153429,-40056387904107967923428,50000000000000000000,0x70b68da1162542d27bdf08f69e3ca2b20254970d46dcc12fdf2f00b0e9ec2bc0
0x238a358808379702088667322f80ac48bad5e6c4,1782777676,107153429,-39950103189603361472234,106284714504606451194,0x851045f79f86cdf744138f1a39aa78f3f8fd5bd80f97a5363714ff7f8ca0adca
0x238a358808379702088667322f80ac48bad5e6c4,1782777676,107153429,-177495732542502093020,453570443001449034748,0x851045f79f86cdf744138f1a39aa78f3f8fd5bd80f97a5363714ff7f8ca0adca
0x238a358808379702088667322f80ac48bad5e6c4,1782777676,107153429,-39983123902204034325922,33020712600672853688,0x28bae3ab6c17c77d3422dd1e9519f1ca0351fa97b3a393fb6e0a67286226acc6
0x238a358808379702088667322f80ac48bad5e6c4,1782777676,107153429,-986434359065829774822484,779345352213981852991,0x28bae3ab6c17c77d3422dd1e9519f1ca0351fa97b3a393fb6e0a67286226acc6
0x238a358808379702088667322f80ac48bad5e6c4,1782777676,107153429,-40003931392276244046303,20807490072209720381,0x28bae3ab6c17c77d3422dd1e9519f1ca0351fa97b3a393fb6e0a67286226acc6
0x238a358808379702088667322f80ac48bad5e6c4,1782777676,107153429,-41201299688966158530669,1197368296689914484366,0xc6532cbc25ecd8a27c90627ab5121710c89a3cb3eca6c9b3693fb507892e7c0a
0x238a358808379702088667322f80ac48bad5e6c4,1782777676,107153429,-979462567484390430165983,6971791581439344656501,0xa877b787b0a490716e87ab178ccb0822b3dbdb6ab4cbbec7736ed303760c45f2
0x238a358808379702088667322f80ac48bad5e6c4,1782777676,107153429,-41387377635041191738374,186077946075033207705,0xa877b787b0a490716e87ab178ccb0822b3dbdb6ab4cbbec7736ed303760c45f2
0x238a358808379702088667322f80ac48bad5e6c4,1782777676,107153429,-985599387484390430766626,6136820000000000600643,0x03cc53a56ab9d4b670117bf36ca210937c6f606a7f4920e22ee58f91d515c3fb
0x238a358808379702088667322f80ac48bad5e6c4,1782777676,107153429,-25568349135480258801246,587115545231352314,0x70a119f62a0e03b9279b59ee6d46c3b460056c8eda3d8a98d02e0c7135e804b5
0x238a358808379702088667322f80ac48bad5e6c4,1782777676,107153429,-41423005149924206110055,35627514883014371681,0xb114ec046477a21420e7445cb7ee9cc3887debe92eabe093010491d96e8d01de
0x238a358808379702088667322f80ac48bad5e6c4,1782777676,107153429,-1013623132274280471011,8075755534833870142,0xbc94d14fff8dc176cab3590cae9457ccfb3187add5a8c5d3c86915d8d6213f64
0x238a358808379702088667322f80ac48bad5e6c4,1782777676,107153429,-41422944149924206110055,61000000000000000,0x70a119f62a0e03b9279b59ee6d46c3b460056c8eda3d8a98d02e0c7135e804b5
0x238a358808379702088667322f80ac48bad5e6c4,1782777676,107153429,-41423005149924206110055,61000000000000000,0x70a119f62a0e03b9279b59ee6d46c3b460056c8eda3d8a98d02e0c7135e804b5
0x238a358808379702088667322f80ac48bad5e6c4,1782777676,107153429,-2910812443785322920398,23884006906794500000,0x2143d951f60ab4ccfcf0c7225b44b709e382962daf9e3b81461fbcafcb1f087b
0x238a358808379702088667322f80ac48bad5e6c4,1782777676,107153429,-41677444348053018286762,254439198128812176707,0x9a8381a6bc9c18212da166a4387a76626f2420d4237fd103ea6b8fe8444cfe1d
0x238a358808379702088667322f80ac48bad5e6c4,1782777676,107153429,9326664640092032393198,1398164755522390251344,0x9a8381a6bc9c18212da166a4387a76626f2420d4237fd103ea6b8fe8444cfe1d
0x238a358808379702088667322f80ac48bad5e6c4,1782777676,107153429,-41677383348053018286762,61000000000000000,0x70a119f62a0e03b9279b59ee6d46c3b460056c8eda3d8a98d02e0c7135e804b5
0x238a358808379702088667322f80ac48bad5e6c4,1782777676,107153429,8243699913763860102064,11649344848343230762575,0x8cc4785c25784a649e319bfc727831b66994b0a145b2921f7e0d6fcfdf34ff5a
0x238a358808379702088667322f80ac48bad5e6c4,1782777676,107153429,-41623418456355506786762,53964891697511500000,0x8cc4785c25784a649e319bfc727831b66994b0a145b2921f7e0d6fcfdf34ff5a
0x238a358808379702088667322f80ac48bad5e6c4,1782777676,107153429,807913306140361930652,424724597713699799040,0xe4b12337097cd6861e28c3d158c4d1177395dcdbda2221cf367cf2ac1466409e
0x238a358808379702088667322f80ac48bad5e6c4,1782777676,107153429,-41701885412007928041908,78466955652421255146,0x075d4562b6f8443774a080a4b44ed591c7125bf49d7cbf4d045fa1e32bee3103
0x238a358808379702088667322f80ac48bad5e6c4,1782777676,107153429,-1019856922,43756208,0x2143d951f60ab4ccfcf0c7225b44b709e382962daf9e3b81461fbcafcb1f087b
0x238a358808379702088667322f80ac48bad5e6c4,1782777676,107153430,-41778796029746367029897,76910617738438987989,0xb9bd7d2f36c3c0e5594d7a955b85a846e4932b8e064879b49f799722629e1a09
0x238a358808379702088667322f80ac48bad5e6c4,1782777676,107153430,-41403326481750585699897,375469547995781330000,0xc8a169212a622d620d94f1d0553384042e167fba96c8efd43ff305ebe2b6de30
0x238a358808379702088667322f80ac48bad5e6c4,1782777676,107153430,4618236883804842898353,1533608282213994463232,0xb9bd7d2f36c3c0e5594d7a955b85a846e4932b8e064879b49f799722629e1a09
0x238a358808379702088667322f80ac48bad5e6c4,1782777676,107153430,7259994584277218120077,2066670055814814273121,0xc8a169212a622d620d94f1d0553384042e167fba96c8efd43ff305ebe2b6de30
0x238a358808379702088667322f80ac48bad5e6c4,1782777676,107153430,-985597846869498507290052,1540614891923476574,0x8189dba3d04981e4683cb1aafb14f1a719d454d00c3fabecdba45d0f46891232
0x238a358808379702088667322f80ac48bad5e6c4,1782777676,107153430,-41394691901281629149897,8634580468956550000,0xdef30195447db3119262c8d10b5b71dff75f0ab7f3f32cf015e1b77b315f0485
0x238a358808379702088667322f80ac48bad5e6c4,1782777676,107153430,3918917319904840736474,3341077264372377383603,0x588b1f8c8b0d1c2e75d995c8a416a5f4211ac0bff8547952f4e718633499a519
0x238a358808379702088667322f80ac48bad5e6c4,1782777676,107153430,-40787201423209498953960,607490478072130195937,0x588b1f8c8b0d1c2e75d995c8a416a5f4211ac0bff8547952f4e718633499a519
0x238a358808379702088667322f80ac48bad5e6c4,1782777676,107153430,-41106304488716884097103,319103065507385143143,0x30d29d90d2e05cbbda2f32b2ea6a17b3ea9f581780c33d62cec291e79f74f2e8
0x238a358808379702088667322f80ac48bad5e6c4,1782777676,107153430,1795300745933761472964,116432695862409297920,0x30d29d90d2e05cbbda2f32b2ea6a17b3ea9f581780c33d62cec291e79f74f2e8
0x238a358808379702088667322f80ac48bad5e6c4,1782777676,107153430,-273134283381892913959,156697279554245397947,0xdef30195447db3119262c8d10b5b71dff75f0ab7f3f32cf015e1b77b315f0485
0x238a358808379702088667322f80ac48bad5e6c4,1782777676,107153430,-41146065109249536422103,39760620532652325000,0x2025fc8ae86bdb237ee1306dea7df87aca7d71e55f1e5b3d59d7acc247183a27
0x238a358808379702088667322f80ac48bad5e6c4,1782777676,107153430,-41146106218550815133876,41109301278711773,0x8189dba3d04981e4683cb1aafb14f1a719d454d00c3fabecdba45d0f46891232
0x238a358808379702088667322f80ac48bad5e6c4,1782777676,107153430,-41044186079117484488530,101920139433330645346,0x5239fa806fe1a030ec4ac2dc59651e41a55e21e0dc67f4f5c7203eb2d58dc665
0x238a358808379702088667322f80ac48bad5e6c4,1782777676,107153430,-13749649651041531368524,21993349564805391470588,0x5239fa806fe1a030ec4ac2dc59651e41a55e21e0dc67f4f5c7203eb2d58dc665
0x238a358808379702088667322f80ac48bad5e6c4,1782777676,107153430,-41031885433266032082770,12300645851452405760,0x3e5bf1fd82c082e2024454e9165361bfc13510076e9a58cac057d32e99e2db99
0x238a358808379702088667322f80ac48bad5e6c4,1782777676,107153430,-41097067701449428097050,65182268183396014280,0x7ef66b7a3b20f9d3f47fd45b55be0e43e5da4268ced486a111cfc1862b20a1dd
0x238a358808379702088667322f80ac48bad5e6c4,1782777676,107153430,-655528450201813911836,492413038419607931741,0x7ef66b7a3b20f9d3f47fd45b55be0e43e5da4268ced486a111cfc1862b20a1dd
0x238a358808379702088667322f80ac48bad5e6c4,1782777676,107153430,-1843271677883983013897,1364631535508610860496,0x90ac1129cfe9c06f1ba4265bb8d2389c6f45ae738d621047cbc9198fd2d83ca2
0x238a358808379702088667322f80ac48bad5e6c4,1782777676,107153430,-41076060101102218814372,21007600347209282678,0xa51d70cda3ace7b44ad0a45931cbb4b63a8a7d213a657eef12e109b81fea213d
0x238a358808379702088667322f80ac48bad5e6c4,1782777676,107153430,-28966460520018374245,66784860625503290090,0x5f4541e403686af513caa424bac9addf5e3a65c5206c84877e55f25c4f4ce512
0x238a358808379702088667322f80ac48bad5e6c4,1782777676,107153430,-41009253752163243220656,66806348938975593716,0x5f4541e403686af513caa424bac9addf5e3a65c5206c84877e55f25c4f4ce512
0x238a358808379702088667322f80ac48bad5e6c4,1782777676,107153430,-87691884033010293707,58725423512991919462,0x6774e609404d399f2ad4ae4f5adcb12331c84331935df9128fde6d4e6d670b83
0x238a358808379702088667322f80ac48bad5e6c4,1782777676,107153430,-40950508493019638497679,58745259143604722977,0x6774e609404d399f2ad4ae4f5adcb12331c84331935df9128fde6d4e6d670b83
0x238a358808379702088667322f80ac48bad5e6c4,1782777676,107153430,-18281573256011816426946,4531923604970285058422,0xa51d70cda3ace7b44ad0a45931cbb4b63a8a7d213a657eef12e109b81fea213d
0x238a358808379702088667322f80ac48bad5e6c4,1782777676,107153430,-40841402017132919497679,109106475886719000000,0x90ac1129cfe9c06f1ba4265bb8d2389c6f45ae738d621047cbc9198fd2d83ca2
0x238a358808379702088667322f80ac48bad5e6c4,1782777676,107153430,5197767094937733121487,100517141071280000000,0x2025fc8ae86bdb237ee1306dea7df87aca7d71e55f1e5b3d59d7acc247183a27
0x238a358808379702088667322f80ac48bad5e6c4,1782777677,107153431,3270521124525609476813,3043472344170040196530,0xbdcaedb2a5c4c2437136241f92863c2b8f6477c02b60765e1709ce484754cf37
0x238a358808379702088667322f80ac48bad5e6c4,1782777677,107153431,3060790637058010660764,209730487467598816049,0xd8095aa2ce0314aa8d07c3aaeda8de0835fd3336d6f342c54e3a537f2c9558d9
0x238a358808379702088667322f80ac48bad5e6c4,1782777677,107153431,-40804653666284743997679,36748350848175500000,0x80bf958054f8885a6adec2a550ee6216c8117ebe34285b209b74e832c984eedf
0x238a358808379702088667322f80ac48bad5e6c4,1782777677,107153431,3885417911755194193267,732818972049648705086,0x80bf958054f8885a6adec2a550ee6216c8117ebe34285b209b74e832c984eedf
0x238a358808379702088667322f80ac48bad5e6c4,1782777677,107153431,-40280849503167707494016,523804163117036503663,0xfb170efcd4081cd679f9bc28c9680ac02d1883885ff57145722f5444708c193b
0x238a358808379702088667322f80ac48bad5e6c4,1782777677,107153431,-40380739369678587698771,99889866510880204755,0x0c8679af6e8635b01202a11e930d0a15645bc0f360af820616c05840dd42db2e
0x238a358808379702088667322f80ac48bad5e6c4,1782777677,107153431,-40023818492964985742196,356920876713601956575,0xbdcaedb2a5c4c2437136241f92863c2b8f6477c02b60765e1709ce484754cf37
0x238a358808379702088667322f80ac48bad5e6c4,1782777677,107153431,1604246378577259830365,191054367356501642599,0xfb170efcd4081cd679f9bc28c9680ac02d1883885ff57145722f5444708c193b
0x238a358808379702088667322f80ac48bad5e6c4,1782777677,107153432,-40204750036840400261307,180931543875414519111,0xd6d8650cd632bfd78d20bba4cb06843ab3f28e5c653a78d26776499c89f71d31
0x238a358808379702088667322f80ac48bad5e6c4,1782777677,107153432,-764062317566596019133,210607397858923546074,0x10b356973b33ffc60fab5b46aaadbac578f40c6788c2b4ad71060f8151e86f61
0x238a358808379702088667322f80ac48bad5e6c4,1782777677,107153432,-993460992611677217482864,7863145742178710192812,0xea9c35d3034efb83407637d36a3043ef1b4410d523565159de155286418fbbfa
0x238a358808379702088667322f80ac48bad5e6c4,1782777677,107153432,-25534618171628998401246,33730963851260400000,0xb5cbc2cf397e6691c64607d9e06a7782cdd424dc973109b39587c5cdc8e23927
0x238a358808379702088667322f80ac48bad5e6c4,1782777677,107153432,-40154750036840400261307,50000000000000000000,0xf4b2439f615a62b394692f19e454294ed75f656b690f06a55330c45ab4e8689f
0x238a358808379702088667322f80ac48bad5e6c4,1782777677,107153432,-1021692917887345686181,8069785613065215170,0xf4b2439f615a62b394692f19e454294ed75f656b690f06a55330c45ab4e8689f
0x238a358808379702088667322f80ac48bad5e6c4,1782777677,107153432,-40158253906017207809387,3503869176807548080,0xb5cbc2cf397e6691c64607d9e06a7782cdd424dc973109b39587c5cdc8e23927
0x238a358808379702088667322f80ac48bad5e6c4,1782777678,107153433,-40084926005931497502059,73327900085710307328,0x9f29fba6a6a773cdd127578dd4c7a3f1acd2ed06fa17647533d54a87d95204aa
0x238a358808379702088667322f80ac48bad5e6c4,1782777678,107153433,-40106598966775505573574,21672960844008071515,0xba347fa6ac4599b655029ab38a3e5fea38736e8cde6521cd4e7b48829436241f
0x238a358808379702088667322f80ac48bad5e6c4,1782777678,107153433,-39979303618907304808143,127295347868200765431,0xdd8ccb42e0f926875745678100bcdf1d65ffabe6ca72c947336136b82648af22
0x238a358808379702088667322f80ac48bad5e6c4,1782777678,107153433,3218917319904840736474,700000000000000000000,0xdd8ccb42e0f926875745678100bcdf1d65ffabe6ca72c947336136b82648af22
0x238a358808379702088667322f80ac48bad5e6c4,1782777678,107153433,2435789615818125300423,625001021239885360341,0x9f29fba6a6a773cdd127578dd4c7a3f1acd2ed06fa17647533d54a87d95204aa
0x238a358808379702088667322f80ac48bad5e6c4,1782777678,107153433,-40013665129290911308858,34361510383606500715,0x6505dd2b0ed69cb85d029e535e2810d52a002e02074f9b02086fb851d5456c46
0x238a358808379702088667322f80ac48bad5e6c4,1782777678,107153434,-2966715330682391887071,55902886897068966673,0xd91deaf3eecc352b8ac9ef87633991fbf171e08e8eb26fd818effe1cb36b3b48
0x238a358808379702088667322f80ac48bad5e6c4,1782777678,107153434,-796592060467623035355,3232381676285748335778,0x0d56afebe5f9303d13c82f9b097ec3bd29a657e634e03c3bb7a7965ed77c8ae0
0x238a358808379702088667322f80ac48bad5e6c4,1782777678,107153434,-39634274447909766665220,379390681381144643638,0x0d56afebe5f9303d13c82f9b097ec3bd29a657e634e03c3bb7a7965ed77c8ae0
0x238a358808379702088667322f80ac48bad5e6c4,1782777678,107153434,-39635412861514188824100,1138413604422158880,0x7c5bbce1dcf3168bdb8d01baf12b39bbae29cd431ffa1821c416381c99e904c7
0x238a358808379702088667322f80ac48bad5e6c4,1782777678,107153434,-39522945672552268994100,112467188961919830000,0x278cca08866feb454dfd120910d7ddaa159280a177855b3b0f59da27a516d70f
0x238a358808379702088667322f80ac48bad5e6c4,1782777678,107153434,18473627673188734000000,18473627673188734000000,0xc900a41ef455a5936167764b9832b351259326e484823ba21b5a5a298f0a5dc8
0x238a358808379702088667322f80ac48bad5e6c4,1782777678,107153434,-29707198391977623163,57984685641032670544,0xcd049ec3fa5dfa849d84489334605d341d09472689f2aa9358ad86f036e5ef3e
0x238a358808379702088667322f80ac48bad5e6c4,1782777678,107153434,-29031820415178012822786,10750247159166196395840,0x45df5ee1337b9c6be7ce9629c216ce35a883ecf708417329dbbd836f41e97fca
0x238a358808379702088667322f80ac48bad5e6c4,1782777678,107153434,-39668548842716024401417,145603170163755407317,0x81ebfcfae1810fd738f7f029e9e774d1d5840ff846323dc94ddb4e37c5c7cd9e
0x238a358808379702088667322f80ac48bad5e6c4,1782777678,107153434,-39726552771246033586606,58003928530009185189,0xcd049ec3fa5dfa849d84489334605d341d09472689f2aa9358ad86f036e5ef3e
0x238a358808379702088667322f80ac48bad5e6c4,1782777678,107153434,14423899552963839200759,4049728120224894799241,0xda7b2d11f990cef61acd5f952fb7e95938994a16ee007da1e58f5be68469e5ca
0x238a358808379702088667322f80ac48bad5e6c4,1782777678,107153434,-39691813970945038559662,34738800300995026944,0xda7b2d11f990cef61acd5f952fb7e95938994a16ee007da1e58f5be68469e5ca
0x238a358808379702088667322f80ac48bad5e6c4,1782777678,107153434,1371465103423796310158,13052434449540042890601,0x278cca08866feb454dfd120910d7ddaa159280a177855b3b0f59da27a516d70f
0x238a358808379702088667322f80ac48bad5e6c4,1782777678,107153434,-39850767403275980656094,158953432330942096432,0xc900a41ef455a5936167764b9832b351259326e484823ba21b5a5a298f0a5dc8
0x238a358808379702088667322f80ac48bad5e6c4,1782777678,107153434,-993418348643324327090833,42643968352890392031,0x7c5bbce1dcf3168bdb8d01baf12b39bbae29cd431ffa1821c416381c99e904c7
0x238a358808379702088667322f80ac48bad5e6c4,1782777678,107153434,-917397229,102459693,0xd91deaf3eecc352b8ac9ef87633991fbf171e08e8eb26fd818effe1cb36b3b48
0x238a358808379702088667322f80ac48bad5e6c4,1782777678,107153434,-39800931731190253756094,49835672085726900000,0x45df5ee1337b9c6be7ce9629c216ce35a883ecf708417329dbbd836f41e97fca
0x238a358808379702088667322f80ac48bad5e6c4,1782777678,107153434,-39679274980127344436094,121656751062909320000,0xc753bbb8684f7d997d5b9e3f36906d76551e49b43b5c38f6db9b1e04619b7e22
0x238a358808379702088667322f80ac48bad5e6c4,1782777678,107153434,-1832635512379644903034,1036043451912021867679,0xc753bbb8684f7d997d5b9e3f36906d76551e49b43b5c38f6db9b1e04619b7e22
0x238a358808379702088667322f80ac48bad5e6c4,1782777678,107153435,-39823495869721866367157,144220889594521931063,0x8267da909640d0b6ef47896dbae04614fca2e226e707191baf4440ed2184a321
0x238a358808379702088667322f80ac48bad5e6c4,1782777678,107153435,-39899383497861318075734,75887628139451708577,0xafbd089c6cf6c9186c07b4c0c00f535ea3be5f94bd8cf32be0115421fd35b783
0x238a358808379702088667322f80ac48bad5e6c4,1782777678,107153435,1718784348204712328641,1500132971700128407833,0x521a4fb2c124f938410b7adaa9ffba38f87b9c5d5038e77dc591b8d89770c764
0x238a358808379702088667322f80ac48bad5e6c4,1782777678,107153435,-39276106879057315068169,623276618804003007565,0x868f12f37d87c44ae9213f16cbe8405ad4f0b2fe5ab82063c3562a29d9ad840d
0x238a358808379702088667322f80ac48bad5e6c4,1782777678,107153435,1377115165032011220740,227131213545248609625,0x868f12f37d87c44ae9213f16cbe8405ad4f0b2fe5ab82063c3562a29d9ad840d
0x238a358808379702088667322f80ac48bad5e6c4,1782777678,107153435,5389679008444915256322,191911913507182134835,0xafbd089c6cf6c9186c07b4c0c00f535ea3be5f94bd8cf32be0115421fd35b783
0x238a358808379702088667322f80ac48bad5e6c4,1782777678,107153435,-8429491402400612604471,8429491402400612604471,0x9b439bc37e6015c808183f64491af91486965e3bae5c8b61c80b4374f1c5ad08
0x238a358808379702088667322f80ac48bad5e6c4,1782777678,107153435,-9780475198981339080713,1350983796580726476242,0x9b439bc37e6015c808183f64491af91486965e3bae5c8b61c80b4374f1c5ad08
0x238a358808379702088667322f80ac48bad5e6c4,1782777678,107153435,5754332769656477722429,364653761211562466107,0x8267da909640d0b6ef47896dbae04614fca2e226e707191baf4440ed2184a321
0x238a358808379702088667322f80ac48bad5e6c4,1782777678,107153435,-990022990243816564827488,3395358399507762263345,0x16f6331e22d779eeac443c4ff9a2f04656df198b72a5b953e618e2bdeeef2a02
0x238a358808379702088667322f80ac48bad5e6c4,1782777678,107153435,-39267011477491482290147,9095401565832778022,0x9b439bc37e6015c808183f64491af91486965e3bae5c8b61c80b4374f1c5ad08
0x238a358808379702088667322f80ac48bad5e6c4,1782777678,107153435,-39265554140471977832397,1457337019504457750,0x9b439bc37e6015c808183f64491af91486965e3bae5c8b61c80b4374f1c5ad08
0x238a358808379702088667322f80ac48bad5e6c4,1782777678,107153435,-1001254161617417370040350,11231171373600805212862,0x1d158bc076a07d41efe4f23b0151f7dfb388114a4613f03631c187388d25c0e6
0x238a358808379702088667322f80ac48bad5e6c4,1782777678,107153435,-38965554140471977832397,300000000000000000000,0x1d158bc076a07d41efe4f23b0151f7dfb388114a4613f03631c187388d25c0e6
0x238a358808379702088667322f80ac48bad5e6c4,1782777678,107153435,-39165044123360321715100,199489982888343882703,0xb30d2c5d2ea8faf7712484912b6600c012c6ec5198d901f6ae5321f63bbf98b3
0x238a358808379702088667322f80ac48bad5e6c4,1782777678,107153435,-1001245805245082610293052,8356372334759747298,0x65c1136ac05387b873c2d1398076b1f00a1b9a80fec7f94a925871e9a646735e
0x238a358808379702088667322f80ac48bad5e6c4,1782777678,107153435,-39165267323484607007493,223200124285292393,0x65c1136ac05387b873c2d1398076b1f00a1b9a80fec7f94a925871e9a646735e
0x238a358808379702088667322f80ac48bad5e6c4,1782777678,107153435,-39464991898644636460003,299724575160029452510,0x42600c1d5ab06e834acec3424531566618ad2c9c12111c3fd3248a1d8c223ce2
0x238a358808379702088667322f80ac48bad5e6c4,1782777678,107153435,-39555693155255681718881,90701256611045258878,0x16f6331e22d779eeac443c4ff9a2f04656df198b72a5b953e618e2bdeeef2a02
0x238a358808379702088667322f80ac48bad5e6c4,1782777679,107153436,1427224941304726033526,50109776272714812786,0x10fa25e704201fdb3e2dc64bbdfd263408669294fcc298f488a03d02f21eba62
0x238a358808379702088667322f80ac48bad5e6c4,1782777679,107153436,-39677726887438258110119,122033732182576391238,0x4e03e28c1adca18d22ccb9fae207a36aa5b8fa4d72bb51ff1179e047fbf669d8
0x238a358808379702088667322f80ac48bad5e6c4,1782777679,107153436,-39938806344860512035800,261079457422253925681,0x0e11433aa710b0c0ecf63ecb035f43ef49bf444cea576678bc0593baf4576ac6
0x238a358808379702088667322f80ac48bad5e6c4,1782777679,107153436,-1000206283742776720707730,1039521502305889585322,0xf7c3db92d7696444cd2deeef2b7619cdead87f32248546810e75cb29b0581efe
0x238a358808379702088667322f80ac48bad5e6c4,1782777679,107153436,-859867039,57530190,0xab8787a0dae85bdb528bbe2f974160754303ff92f01348895d4fcf596709d519
0x238a358808379702088667322f80ac48bad5e6c4,1782777679,107153436,-2998084539216688774195,31369208534296887124,0xab8787a0dae85bdb528bbe2f974160754303ff92f01348895d4fcf596709d519
0x238a358808379702088667322f80ac48bad5e6c4,1782777679,107153436,-40017823304056810733822,79016959196298698022,0x3a889a802541ef1053978ed36641134fc622affc0e62e85b593346a1baa45bdf
0x238a358808379702088667322f80ac48bad5e6c4,1782777679,107153436,-997249427075653580707730,2956856667123140000000,0x3a889a802541ef1053978ed36641134fc622affc0e62e85b593346a1baa45bdf
0x238a358808379702088667322f80ac48bad5e6c4,1782777679,107153436,-40045606579608353569526,27783275551542835704,0xf7c3db92d7696444cd2deeef2b7619cdead87f32248546810e75cb29b0581efe
0x238a358808379702088667322f80ac48bad5e6c4,1782777679,107153436,-996400356601946738753786,849070473706841953944,0x443b5952203c998380f47fbe51905ea2747a16de80f48dcc1b855a729fdaee04
0x238a358808379702088667322f80ac48bad5e6c4,1782777679,107153436,-40068301153384139024458,22694573775785454932,0x443b5952203c998380f47fbe51905ea2747a16de80f48dcc1b855a729fdaee04
0x238a358808379702088667322f80ac48bad5e6c4,1782777679,107153436,-991835570806987633299184,4564785794959105454602,0x4e03e28c1adca18d22ccb9fae207a36aa5b8fa4d72bb51ff1179e047fbf669d8
0x238a358808379702088667322f80ac48bad5e6c4,1782777679,107153436,-1006886007941382375537684,15050437134394742238500,0x07f426a7131f787048b610164e334b762b809ae60b06cb0a5adc4f1c1e49fbd2
0x238a358808379702088667322f80ac48bad5e6c4,1782777679,107153436,-40205834010788628778578,137532857404489754120,0x10fa25e704201fdb3e2dc64bbdfd263408669294fcc298f488a03d02f21eba62
0x238a358808379702088667322f80ac48bad5e6c4,1782777679,107153436,-40078559304253864045324,127274706534764733254,0x141645e984e1f0b863ec862f1f3a1a7321a9923893780aa252ea78b03532b9cd
0x238a358808379702088667322f80ac48bad5e6c4,1782777679,107153436,-40578396812010107126798,499837507756243081474,0x291abe60a7ac805023d83517b5cdb059e5c3a57c1d57d99390d1493830f780b2
0x238a358808379702088667322f80ac48bad5e6c4,1782777679,107153436,1018784348204712328641,700000000000000000000,0x141645e984e1f0b863ec862f1f3a1a7321a9923893780aa252ea78b03532b9cd
0x238a358808379702088667322f80ac48bad5e6c4,1782777679,107153437,-40957617600900847560564,379220788890740433766,0x4ed57a5b7abc10f00cc9172157e2e79939d477c04b6e50d3a5312c5b1d4bc040
0x238a358808379702088667322f80ac48bad5e6c4,1782777679,107153437,-1005435542606737427787318,1450465334644947750366,0x0fd51a40f382d3a7f5796245e6e73d9a6370fb671aecb2ba3ec79b28cbd553af
0x238a358808379702088667322f80ac48bad5e6c4,1782777679,107153437,-40996334948312079439135,38717347411231878571,0x0fd51a40f382d3a7f5796245e6e73d9a6370fb671aecb2ba3ec79b28cbd553af
0x238a358808379702088667322f80ac48bad5e6c4,1782777679,107153437,-991236492318210165714392,14199050288527262072926,0x4ed57a5b7abc10f00cc9172157e2e79939d477c04b6e50d3a5312c5b1d4bc040
0x238a358808379702088667322f80ac48bad5e6c4,1782777679,107153437,-41028029355174501579347,31694406862422140212,0x6a901243ea5a97bf9a1561e4c504123907f403bed5acfcddac6757329cdbabbf
0x238a358808379702088667322f80ac48bad5e6c4,1782777679,107153437,-1029756740196004063376,8063822308658377195,0xb010132c236f6725a9dd9a81d893385efcb1932618a6382fd2546c9dea5e6edf
0x238a358808379702088667322f80ac48bad5e6c4,1782777679,107153437,-2999810835468084100551,1726296251395326356,0xfee616fbb0b243287791969d12c73503311936edc048c842bf9b75f20886cf99
0x238a358808379702088667322f80ac48bad5e6c4,1782777679,107153437,-856697956,3169083,0xfee616fbb0b243287791969d12c73503311936edc048c842bf9b75f20886cf99
0x238a358808379702088667322f80ac48bad5e6c4,1782777679,107153437,-3051206188301214831829,51395352833130731278,0xb5ecf7e854218b14db7d77e9ccff26d97891b47255217bd814c524253bf31884
0x238a358808379702088667322f80ac48bad5e6c4,1782777679,107153437,-762384098,94313858,0xb5ecf7e854218b14db7d77e9ccff26d97891b47255217bd814c524253bf31884
0x238a358808379702088667322f80ac48bad5e6c4,1782777679,107153437,-41023161687970619332179,4867667203882247168,0x83f37cbc7bd5700f01bb783615bb7ffe43d1f852e4c1f8849689e2f6b4774fb3
0x238a358808379702088667322f80ac48bad5e6c4,1782777679,107153437,-14290240863800883814746,4509765664819544734033,0x83f37cbc7bd5700f01bb783615bb7ffe43d1f852e4c1f8849689e2f6b4774fb3
0x238a358808379702088667322f80ac48bad5e6c4,1782777679,107153437,-40683052982926283382179,340108705044335950000,0x2b0c08c8db03d233760ff39f4567e2adebf8cd9290f89f7cb2c377cfdfb10943
0x238a358808379702088667322f80ac48bad5e6c4,1782777679,107153437,-851868398261578403217,1870652746466290731858,0x2b0c08c8db03d233760ff39f4567e2adebf8cd9290f89f7cb2c377cfdfb10943
0x238a358808379702088667322f80ac48bad5e6c4,1782777679,107153437,-40633052982926283382179,50000000000000000000,0xb010132c236f6725a9dd9a81d893385efcb1932618a6382fd2546c9dea5e6edf
0x238a358808379702088667322f80ac48bad5e6c4,1782777680,107153438,-3029969466209313798659,21236722091901033170,0x1da5e1d12a34265ead1f0024c87dffb7d2a0619773a14dbbee022025606e68ee
0x238a358808379702088667322f80ac48bad5e6c4,1782777680,107153438,-2743668789571275796430,30095610647662590467,0xb9ee037979a8280f9d1918cfae4dbc073c687bed1ea3defd9d8d531024b0e8db
0x238a358808379702088667322f80ac48bad5e6c4,1782777680,107153438,3440011657385685288557,445406254369508904710,0x27e99d6a345cd211bc603e8b572e6d98cc25c86dfde5eff18e786d2621cf6fdb
0x238a358808379702088667322f80ac48bad5e6c4,1782777680,107153438,-1037808655708846621823,8051915512842558447,0x89c98ac54961d71d1cd121ea03472ae53e9773d2d435896e98db0c1076d261cd
0x238a358808379702088667322f80ac48bad5e6c4,1782777680,107153438,-40583052982926283382179,50000000000000000000,0x89c98ac54961d71d1cd121ea03472ae53e9773d2d435896e98db0c1076d261cd
0x238a358808379702088667322f80ac48bad5e6c4,1782777680,107153438,-1045866521320683567650,8057865611836945827,0x292832ff1f751f4cad6ef8af80bdc6f39a38dd2986faa62992651a4feee3b45a
0x238a358808379702088667322f80ac48bad5e6c4,1782777680,107153438,-40533052982926283382179,50000000000000000000,0x292832ff1f751f4cad6ef8af80bdc6f39a38dd2986faa62992651a4feee3b45a
0x238a358808379702088667322f80ac48bad5e6c4,1782777680,107153438,-1189630948800893559481,916496665419000645522,0x0a8e90e7feced5661a199e5bab2c9363f2c0fec3975b4372ea9fcfdeccd0e781
0x238a358808379702088667322f80ac48bad5e6c4,1782777680,107153438,-801356619,38972521,0x1da5e1d12a34265ead1f0024c87dffb7d2a0619773a14dbbee022025606e68ee
0x238a358808379702088667322f80ac48bad5e6c4,1782777680,107153438,-40454789621258556782179,78263361667726600000,0x1741a8b743bd79136991dc8f5334e78e0d40c7bb6cceb6478f8a4cbd51a173ff
0x238a358808379702088667322f80ac48bad5e6c4,1782777680,107153438,-40404268491725908002259,50521129532648779920,0x0a8e90e7feced5661a199e5bab2c9363f2c0fec3975b4372ea9fcfdeccd0e781
0x238a358808379702088667322f80ac48bad5e6c4,1782777680,107153438,-40753445573883072093736,349177082157164091477,0xede60e5fde12529b48521f8784cabc6eb0ad81c0b5fcb2f2e020fadc3ca36d9b
0x238a358808379702088667322f80ac48bad5e6c4,1782777680,107153438,-994167736946092643205021,2931244627882477490629,0x1741a8b743bd79136991dc8f5334e78e0d40c7bb6cceb6478f8a4cbd51a173ff
0x238a358808379702088667322f80ac48bad5e6c4,1782777680,107153438,-2351363563182134124017,1499495164920555720800,0x247c09ae60ae9b64c6beba1c6da29696e083583050a7b144407c6c4117a1af4d
0x238a358808379702088667322f80ac48bad5e6c4,1782777680,107153438,-40731101149824090293736,22344424058981800000,0x27e99d6a345cd211bc603e8b572e6d98cc25c86dfde5eff18e786d2621cf6fdb
0x238a358808379702088667322f80ac48bad5e6c4,1782777680,107153438,-40739462715982408494723,8361566158318200987,0xb9ee037979a8280f9d1918cfae4dbc073c687bed1ea3defd9d8d531024b0e8db
0x238a358808379702088667322f80ac48bad5e6c4,1782777680,107153438,-40688921585251859504809,50541130730548989914,0x50a7fe1a56dcc040b4b93047bbad5834668ed798d45f44967182e0ce7fbf643b
0x238a358808379702088667322f80ac48bad5e6c4,1782777680,107153438,2433032734225590717932,1006978923160094570625,0x50a7fe1a56dcc040b4b93047bbad5834668ed798d45f44967182e0ce7fbf643b
0x238a358808379702088667322f80ac48bad5e6c4,1782777680,107153438,-40842713730929746708192,153792145677887203383,0xb106e46d8cbcb3fe2eae624ba2f26ab54a3aba40c21eb81d8dab4b3e6e27c3b7
0x238a358808379702088667322f80ac48bad5e6c4,1782777680,107153438,6143330405824007722429,388997636167530000000,0xb106e46d8cbcb3fe2eae624ba2f26ab54a3aba40c21eb81d8dab4b3e6e27c3b7
0x238a358808379702088667322f80ac48bad5e6c4,1782777680,107153439,-40715432999021375208452,127280731908371499740,0x96ba35b7c59387c16a048349775f2a3f54f4ca13ce5837f6318c30894de378b3
0x238a358808379702088667322f80ac48bad5e6c4,1782777680,107153439,-40834183378327930044426,118750379306554835974,0x9a5ace31c41b7b65a959dfe599bc7eb28e7065963ffbd1b4c7d0293c979bc839
0x238a358808379702088667322f80ac48bad5e6c4,1782777680,107153439,-41095052377308357705626,260868998980427661200,0x0a7a4d05b5b0afe68f0edb31275f468a4bcbc4fd7b31262afca28b50b1d815ed
0x238a358808379702088667322f80ac48bad5e6c4,1782777680,107153439,-41284258250764611576961,189205873456253871335,0x3881c6a53998874f49e7306665319f755d4cd37cf62d606ee7a0549d88b81cce
0x238a358808379702088667322f80ac48bad5e6c4,1782777680,107153439,-41234258250764611576961,50000000000000000000,0x65b225b10c756b21d913cb69a0d46572727caab0094bf7781b473b12516cc02e
0x238a358808379702088667322f80ac48bad5e6c4,1782777680,107153439,-3051363563182134124017,700000000000000000000,0x96ba35b7c59387c16a048349775f2a3f54f4ca13ce5837f6318c30894de378b3
0x238a358808379702088667322f80ac48bad5e6c4,1782777680,107153439,-1053912493322618427894,8045972001934860244,0x65b225b10c756b21d913cb69a0d46572727caab0094bf7781b473b12516cc02e
0x238a358808379702088667322f80ac48bad5e6c4,1782777680,107153439,-41198102445507964476961,36155805256647100000,0x8c8fc67520a150406606c6bf7f1ff0fd98c8ae4abcb8a8b71f0292bec23f3bad
0x238a358808379702088667322f80ac48bad5e6c4,1782777680,107153439,-2295369990021061538397,452098312137078524500,0x8c8fc67520a150406606c6bf7f1ff0fd98c8ae4abcb8a8b71f0292bec23f3bad
0x238a358808379702088667322f80ac48bad5e6c4,1782777680,107153439,-41162488832958882789044,35613612549081687917,0xbf4a08288d31cb3bc4469ad75b17ea50eeca6cdb05b8e3da5fc6e805ccd672b5
0x238a358808379702088667322f80ac48bad5e6c4,1782777680,107153439,1723877617976592868363,709155116248997849569,0xbf4a08288d31cb3bc4469ad75b17ea50eeca6cdb05b8e3da5fc6e805ccd672b5
0x238a358808379702088667322f80ac48bad5e6c4,1782777681,107153440,-41528477476775857363463,365988643816974574419,0xb92ff53f373acabd3c718b47d8632bc1c405d4b561f9e5b35240c50811e450ec
0x238a358808379702088667322f80ac48bad5e6c4,1782777681,107153440,-22761596,10810795,0xa9fcae22f53a86d2b54f5df8ac777c1e2567b8b7fd949d0646c7856e181fe469
0x238a358808379702088667322f80ac48bad5e6c4,1782777681,107153440,-41573867034447554367541,45389557671697004078,0x4fdebe6d2c1bf43b9c11f45c142748968114ab05d3aeae4c07459c083b39357f
0x238a358808379702088667322f80ac48bad5e6c4,1782777681,107153440,-2580274121360525707669,163394668210750088761,0x4fdebe6d2c1bf43b9c11f45c142748968114ab05d3aeae4c07459c083b39357f
0x238a358808379702088667322f80ac48bad5e6c4,1782777681,107153440,-64976959458673069330240,7082075025229816900194,0x21d48d46ecaefe6bbe9c54b4980aa7b750077c0ed121b4e06e4652baf9569ebd
0x238a358808379702088667322f80ac48bad5e6c4,1782777681,107153440,-10664448812399188742579,8225627450082475994611,0x179425090e64586d67d5dff40c63e35f04b09cdc7aa22ae3727fff4ac6b497bf
0x238a358808379702088667322f80ac48bad5e6c4,1782777681,107153440,21179712119042776837,50886910511020400000,0x179425090e64586d67d5dff40c63e35f04b09cdc7aa22ae3727fff4ac6b497bf
0x238a358808379702088667322f80ac48bad5e6c4,1782777681,107153440,-41550400812668096867541,23466221779457500000,0xa9fcae22f53a86d2b54f5df8ac777c1e2567b8b7fd949d0646c7856e181fe469
0x238a358808379702088667322f80ac48bad5e6c4,1782777681,107153440,-25306724367755736401246,227893803873262000000,0x5c1ece71a6a4716b4e66293a0abe844d207192834d0ed30070cb00f3e5bbb953
0x238a358808379702088667322f80ac48bad5e6c4,1782777681,107153440,-41574073236778954555144,23672424110857687603,0x5c1ece71a6a4716b4e66293a0abe844d207192834d0ed30070cb00f3e5bbb953
0x238a358808379702088667322f80ac48bad5e6c4,1782777681,107153440,13636218505076921100153,1084856077990490000000,0x4e05f8fe5080c90efd9d276de64df9bfe10ddb82dfd09a31c6ad23db402f1dba
0x238a358808379702088667322f80ac48bad5e6c4,1782777681,107153441,-991464165140772653205021,2703571805319990000000,0xddc5ca236ed51f18c2fac53a0c461e389d9bbebad4edbc4685ddf44a459bf51f
0x238a358808379702088667322f80ac48bad5e6c4,1782777681,107153441,-41646244077552839076593,72170840773884521449,0xddc5ca236ed51f18c2fac53a0c461e389d9bbebad4edbc4685ddf44a459bf51f
0x238a358808379702088667322f80ac48bad5e6c4,1782777681,107153441,-24826067058244840479326,480657309510895921920,0xd4a2b26517e096e7499d27c6be7e06b9b9ea595df2eb200e567b9e4a97da0a0c
0x238a358808379702088667322f80ac48bad5e6c4,1782777681,107153441,-41596244077552839076593,50000000000000000000,0xa5df1f9238f161f6190b224db2d65c7f52b17d756c157b80d96dea6bf9174507
0x238a358808379702088667322f80ac48bad5e6c4,1782777681,107153441,-41646169485282288017121,49925407729448940528,0xd4a2b26517e096e7499d27c6be7e06b9b9ea595df2eb200e567b9e4a97da0a0c
0x238a358808379702088667322f80ac48bad5e6c4,1782777681,107153441,-1061952528392009892246,8040035069391464352,0xa5df1f9238f161f6190b224db2d65c7f52b17d756c157b80d96dea6bf9174507
0x238a358808379702088667322f80ac48bad5e6c4,1782777681,107153441,-41596169485282288017121,50000000000000000000,0x886341a413c3c77bfce4576f9006e5360680e30c069ec19a27a9f84c05d6dfc3
0x238a358808379702088667322f80ac48bad5e6c4,1782777681,107153441,-1069986633097517804332,8034104705507912086,0x886341a413c3c77bfce4576f9006e5360680e30c069ec19a27a9f84c05d6dfc3
0x238a358808379702088667322f80ac48bad5e6c4,1782777681,107153441,-41443359206996620017121,152810278285668000000,0x4b60c83002b5ff9424d30e81099c6427af8fca6caf2d9ff3bfa060dd8732443e
0x238a358808379702088667322f80ac48bad5e6c4,1782777681,107153441,-41463129617388431146436,19770410391811129315,0xc6711b329ed46ad186596fdf44720b15e563bd4bcfdff25bd1fe8621364ea1d7
0x238a358808379702088667322f80ac48bad5e6c4,1782777681,107153441,-18229843249562195739806,8660975827318532637428,0x4b60c83002b5ff9424d30e81099c6427af8fca6caf2d9ff3bfa060dd8732443e
0x238a358808379702088667322f80ac48bad5e6c4,1782777682,107153442,-1078014813998115437622,8028180900597633290,0xa09b1480fd055c92717183ab99a7f6651f55f7d8a8f48d01c56f79845118042e
0x238a358808379702088667322f80ac48bad5e6c4,1782777682,107153442,-41413129617388431146436,50000000000000000000,0xa09b1480fd055c92717183ab99a7f6651f55f7d8a8f48d01c56f79845118042e
0x238a358808379702088667322f80ac48bad5e6c4,1782777682,107153442,-2999960384567514798659,30009081641799000000,0x201f29b9b4cfb32daa7649d115105fba476457e538bdb86034bd7a5cc923df51
0x238a358808379702088667322f80ac48bad5e6c4,1782777682,107153442,-41509398143742822104520,96268526354390958084,0x62859a87d8bf9e497e21212902bc922ba7f673b880ed1256d238ea51b3dd9013
0x238a358808379702088667322f80ac48bad5e6c4,1782777682,107153442,-23899138589577625479326,926928468667215000000,0x62859a87d8bf9e497e21212902bc922ba7f673b880ed1256d238ea51b3dd9013
0x238a358808379702088667322f80ac48bad5e6c4,1782777682,107153442,-41456840069672597504520,52558074070224600000,0x23509cd4e1730eaa30526e36b1c33e48e6f15bdab67d374fcff7fa765b7da145
0x238a358808379702088667322f80ac48bad5e6c4,1782777682,107153442,-1052500601398560182547,396972151196746270711,0x23509cd4e1730eaa30526e36b1c33e48e6f15bdab67d374fcff7fa765b7da145
0x238a358808379702088667322f80ac48bad5e6c4,1782777682,107153442,-41439009297313175230520,17830772359422274000,0x8bfe1148a7d41653903f1e700712c59c203c4d149fc41d9221ae5b1d43906e20
0x238a358808379702088667322f80ac48bad5e6c4,1782777682,107153442,-3149473758846363838977,98110195664229714960,0x8bfe1148a7d41653903f1e700712c59c203c4d149fc41d9221ae5b1d43906e20
0x238a358808379702088667322f80ac48bad5e6c4,1782777682,107153442,-1703929827313858254049,410681002363780702385,0x201f29b9b4cfb32daa7649d115105fba476457e538bdb86034bd7a5cc923df51
0x238a358808379702088667322f80ac48bad5e6c4,1782777682,107153443,-41443007282521399619188,3997985208224388668,0x53ed11cd45d416d8a62b447a928991d049303b728df93d3dbc0c67cf6729203b
0x238a358808379702088667322f80ac48bad5e6c4,1782777682,107153443,-41393007282521399619188,50000000000000000000,0xc95d7287b577fdb2c3adaf6ce854bee18871f59a08036e7d66914fc2b7e73e34
0x238a358808379702088667322f80ac48bad5e6c4,1782777682,107153443,6978841783286894753970,835511377462887031541,0x96ca843f6b2e1e835600bd91e483ef2e9c824cce2abf00829c039485f14f4240
0x238a358808379702088667322f80ac48bad5e6c4,1782777682,107153443,-41473478691336946657798,80471408815547038610,0xb10e16e3579f7b8854d74c6c83bb6cc53ef3d0eadc0985b45280999cec42580d
0x238a358808379702088667322f80ac48bad5e6c4,1782777682,107153443,-42173600289564883330459,700121598227936672661,0x0d6ef5b6cdb9e6c18fbaa7a9c2924a5c269e675cd6059e295645c26451237988
0x238a358808379702088667322f80ac48bad5e6c4,1782777682,107153443,-42046308774965995950544,127291514598887379915,0x933b7f88440418c007024f9df1a45b753d1f3dbca66edaa0f2ab12a9fb660131
0x238a358808379702088667322f80ac48bad5e6c4,1782777682,107153443,7133411806241001669540,154570022954106915570,0x22223bc7e0e4335cb78aad06b1f02f90ebb1026937e02ffe9f1dc09f28d924d9
0x238a358808379702088667322f80ac48bad5e6c4,1782777682,107153443,2534470699842937417906,810593081866344549543,0xcaf64ec22cec4e36d059853556781f5d779331a8e6b08f588bcd20f287047ef9
0x238a358808379702088667322f80ac48bad5e6c4,1782777682,107153443,-42087007134937961798152,40698359971965847608,0xcaf64ec22cec4e36d059853556781f5d779331a8e6b08f588bcd20f287047ef9
0x238a358808379702088667322f80ac48bad5e6c4,1782777682,107153443,-42148073278734473235921,61066143796511437769,0x22223bc7e0e4335cb78aad06b1f02f90ebb1026937e02ffe9f1dc09f28d924d9
0x238a358808379702088667322f80ac48bad5e6c4,1782777682,107153443,-4418379632676210140717,2123009642655148602320,0x724e69a5413e095c6078efc4335c292efaa7da4a8c3008617328cf808a778e55
0x238a358808379702088667322f80ac48bad5e6c4,1782777682,107153443,-42478265667975096357802,330192389240623121881,0x96ca843f6b2e1e835600bd91e483ef2e9c824cce2abf00829c039485f14f4240
0x238a358808379702088667322f80ac48bad5e6c4,1782777682,107153443,-1086037077643107344403,8022263644991906781,0xc95d7287b577fdb2c3adaf6ce854bee18871f59a08036e7d66914fc2b7e73e34
0x238a358808379702088667322f80ac48bad5e6c4,1782777682,107153443,-42449473872421177046118,28791795553919311684,0xf6518c79370708209990703082f42e250726cf23647a62816dbc45903aa4240b
0x238a358808379702088667322f80ac48bad5e6c4,1782777682,107153443,-4778143207771955245338,359763575095745104621,0xf6518c79370708209990703082f42e250726cf23647a62816dbc45903aa4240b
0x238a358808379702088667322f80ac48bad5e6c4,1782777682,107153443,-3849473758846363838977,700000000000000000000,0x933b7f88440418c007024f9df1a45b753d1f3dbca66edaa0f2ab12a9fb660131
0x238a358808379702088667322f80ac48bad5e6c4,1782777682,107153443,-23124210340755735324195,774928248821890155131,0xb10e16e3579f7b8854d74c6c83bb6cc53ef3d0eadc0985b45280999cec42580d
0x238a358808379702088667322f80ac48bad5e6c4,1782777682,107153443,-42279628735926307989849,169845136494869056269,0x724e69a5413e095c6078efc4335c292efaa7da4a8c3008617328cf808a778e55
0x238a358808379702088667322f80ac48bad5e6c4,1782777682,107153443,-5349431465246524219906,1499957706400160380929,0xd183491d2c87be1097ea677ad9ad33d4e29093a335280418b1d2c56a294ada21
0x238a358808379702088667322f80ac48bad5e6c4,1782777682,107153443,-42231546337076175329286,48082398850132660563,0xba7774244dd911b02b69f2be920dd8d04ca7389194cea635e748d6658051e5d7
0x238a358808379702088667322f80ac48bad5e6c4,1782777682,107153443,-5378869123290266375156,600725915518311129818,0xba7774244dd911b02b69f2be920dd8d04ca7389194cea635e748d6658051e5d7
0x238a358808379702088667322f80ac48bad5e6c4,1782777682,107153444,-22349282091933324324195,774928248822411000000,0x3a3b9a744c43e349a75e6ecf0b9098d39041c04cdd98ec14dee714216589e3c4
0x238a358808379702088667322f80ac48bad5e6c4,1782777682,107153444,-42636384084619114977330,404837747542939648044,0x8b060d6ee55c86a5fefa98e119715699bc2b30ec273ff8656115d20e6df7092c
0x238a358808379702088667322f80ac48bad5e6c4,1782777682,107153444,-42716845709082412366954,80461624463297389624,0x3a3b9a744c43e349a75e6ecf0b9098d39041c04cdd98ec14dee714216589e3c4
0x238a358808379702088667322f80ac48bad5e6c4,1782777682,107153444,-42611378416625389649002,105467292457022717952,0xb00d40f472ef65fd9d50f12c60c67dcffd6c5bbf19ac05b79b778ac903470de7
0x238a358808379702088667322f80ac48bad5e6c4,1782777682,107153444,-2991738010467248620504,411463889106722912835,0x082af6c3497f1e1752bdb945eccc67d77da2a0e54000c79a747b3c28fad6a379
0x238a358808379702088667322f80ac48bad5e6c4,1782777682,107153444,-42561378416625389649002,50000000000000000000,0xf18bd66aaf8ec07b43c24db698a417ed61b53003e0016b1dcbdc3f709fee1c41
0x238a358808379702088667322f80ac48bad5e6c4,1782777682,107153444,-1094053430572147165298,8016352929039820895,0xf18bd66aaf8ec07b43c24db698a417ed61b53003e0016b1dcbdc3f709fee1c41
0x238a358808379702088667322f80ac48bad5e6c4,1782777682,107153444,-3101013477292086626842,1911382528491193067361,0xb00d40f472ef65fd9d50f12c60c67dcffd6c5bbf19ac05b79b778ac903470de7
0x238a358808379702088667322f80ac48bad5e6c4,1782777682,107153444,-976261778099931105037437,15202387040841548167584,0x8b060d6ee55c86a5fefa98e119715699bc2b30ec273ff8656115d20e6df7092c
0x238a358808379702088667322f80ac48bad5e6c4,1782777682,107153444,-42600226694749643088350,38848278124253439348,0xe7304e4f40431508db014e3179383ac3424f900c6efe52b43c594b93d9458490
0x238a358808379702088667322f80ac48bad5e6c4,1782777682,107153444,-759025477838292182547,293475123560268000000,0xe7304e4f40431508db014e3179383ac3424f900c6efe52b43c594b93d9458490
0x238a358808379702088667322f80ac48bad5e6c4,1782777682,107153444,2017097760932728439585,1204319672366527418015,0xbbab34ed9615f67865bb6036b9770e3f86d582353f212dffa52b333d6ac23206
0x238a358808379702088667322f80ac48bad5e6c4,1782777682,107153444,-42780824255648849456863,180597560899206368513,0x4681da0dfcd7f3e3791ae31268674ac3fb0e8ac25a399e861e71949eaaa4eb79
0x238a358808379702088667322f80ac48bad5e6c4,1782777682,107153444,-42945009635382303808303,164185379733454351440,0xc28b6517bf4db91e0b2ab68227433b9bf5cc43cf5d2a0af97166ed740f9ceced
0x238a358808379702088667322f80ac48bad5e6c4,1782777682,107153444,-969165403118015976199763,7096374981915128837674,0x6a36811f86b56f20e3623b1363d1ac72b0483c3a3d2d8c4edd9a87e17f0de084
0x238a358808379702088667322f80ac48bad5e6c4,1782777682,107153444,-43133759818685034444784,188750183302730636481,0x6a36811f86b56f20e3623b1363d1ac72b0483c3a3d2d8c4edd9a87e17f0de084
0x238a358808379702088667322f80ac48bad5e6c4,1782777683,107153445,-43277811784032844748667,144051965347810303883,0xe12f1bd06270c5ca2fb7d27a2fc4f91f2a5263451ffa16a5c3f60c3642f85d21
0x238a358808379702088667322f80ac48bad5e6c4,1782777683,107153445,-2475754517675082560380,625258959617004066462,0x199c347010c1b0fca50d2f6c0e2b242f295af082bb7283ebc1001cbd3f605fd0
0x238a358808379702088667322f80ac48bad5e6c4,1782777683,107153445,-43328213031477567772278,50401247444723023611,0x7cc6fd140d14e9e8e0ac1dab07f3663dd2aa4ca5eb4877a6bfdf009e041abbeb
0x238a358808379702088667322f80ac48bad5e6c4,1782777683,107153445,36442971,36442971,0x88c802ae30c5f9b41338f8160444544736f3fffa1a59cce92c0110a86d66fa7d
0x238a358808379702088667322f80ac48bad5e6c4,1782777683,107153445,-3101307093844447158151,101346709276932359492,0x4112df2b3f4b892a85f07ac84a3cec066df4fb37b85d217b11d16a25d3542179
0x238a358808379702088667322f80ac48bad5e6c4,1782777683,107153445,-779534989,21821630,0x53f548b5e6c061a1dd26c80a611e71300d288b4475701179439fe1d0e6ead232
0x238a358808379702088667322f80ac48bad5e6c4,1782777683,107153445,-2473220402284495479240,518517608182753141264,0xe12f1bd06270c5ca2fb7d27a2fc4f91f2a5263451ffa16a5c3f60c3642f85d21
0x238a358808379702088667322f80ac48bad5e6c4,1782777683,107153445,-1102063879315255399434,8010448743108234136,0xda27b09573d1e4e89b8e07263587b72823b62fe325586e4949992f9df613f319
0x238a358808379702088667322f80ac48bad5e6c4,1782777683,107153445,-593404330,186130659,0x4112df2b3f4b892a85f07ac84a3cec066df4fb37b85d217b11d16a25d3542179
0x238a358808379702088667322f80ac48bad5e6c4,1782777683,107153445,-43368555149791237533653,40342118313669761375,0x33f9ac37289e5d6e497ff53f0145c5034f8b574efc20a5ba2075b8abecead93b
0x238a358808379702088667322f80ac48bad5e6c4,1782777683,107153445,-43403064660257488441339,34509510466250907686,0x199c347010c1b0fca50d2f6c0e2b242f295af082bb7283ebc1001cbd3f605fd0
0x238a358808379702088667322f80ac48bad5e6c4,1782777683,107153445,-17043512021361033230405,1186331228201162509401,0xa744edf7cb6b9b83acad85c12922367de0e6f248f5bc3233a651cdcce92c2651
0x238a358808379702088667322f80ac48bad5e6c4,1782777683,107153445,-43423989831518477995907,20925171260989554568,0xa744edf7cb6b9b83acad85c12922367de0e6f248f5bc3233a651cdcce92c2651
0x238a358808379702088667322f80ac48bad5e6c4,1782777683,107153445,-21863818209327201569660,485463882606122754535,0x7cc6fd140d14e9e8e0ac1dab07f3663dd2aa4ca5eb4877a6bfdf009e041abbeb
0x238a358808379702088667322f80ac48bad5e6c4,1782777683,107153445,-43509986829312884504158,85996997794406508251,0x199c347010c1b0fca50d2f6c0e2b242f295af082bb7283ebc1001cbd3f605fd0
0x238a358808379702088667322f80ac48bad5e6c4,1782777683,107153445,-14756061652599953266292,2287450368761079964113,0x33f9ac37289e5d6e497ff53f0145c5034f8b574efc20a5ba2075b8abecead93b
0x238a358808379702088667322f80ac48bad5e6c4,1782777683,107153445,-9881647281717122943207,4874414370882830323085,0x199c347010c1b0fca50d2f6c0e2b242f295af082bb7283ebc1001cbd3f605fd0
0x238a358808379702088667322f80ac48bad5e6c4,1782777683,107153445,-43520880360505674075265,10893531192789571107,0xac6fdda18f3566e975c12889192d7fe8da7e0f77aa7a777fb2de996806d72ea3
0x238a358808379702088667322f80ac48bad5e6c4,1782777683,107153445,-43509986829312884504158,10893531192789571107,0xac6fdda18f3566e975c12889192d7fe8da7e0f77aa7a777fb2de996806d72ea3
0x238a358808379702088667322f80ac48bad5e6c4,1782777683,107153445,-43512157158615020972355,2170329302136468197,0x88c802ae30c5f9b41338f8160444544736f3fffa1a59cce92c0110a86d66fa7d
0x238a358808379702088667322f80ac48bad5e6c4,1782777683,107153445,-675407534,82003204,0xac6fdda18f3566e975c12889192d7fe8da7e0f77aa7a777fb2de996806d72ea3
0x238a358808379702088667322f80ac48bad5e6c4,1782777683,107153445,-3056666419769427398149,44640674075019760002,0xac6fdda18f3566e975c12889192d7fe8da7e0f77aa7a777fb2de996806d72ea3
0x238a358808379702088667322f80ac48bad5e6c4,1782777683,107153445,-43501263627422231401248,10893531192789571107,0xac6fdda18f3566e975c12889192d7fe8da7e0f77aa7a777fb2de996806d72ea3
0x238a358808379702088667322f80ac48bad5e6c4,1782777683,107153445,-969574976664182837158503,409573546166860958740,0xac6fdda18f3566e975c12889192d7fe8da7e0f77aa7a777fb2de996806d72ea3
0x238a358808379702088667322f80ac48bad5e6c4,1782777683,107153445,-43451263627422231401248,50000000000000000000,0xda27b09573d1e4e89b8e07263587b72823b62fe325586e4949992f9df613f319
0x238a358808379702088667322f80ac48bad5e6c4,1782777683,107153445,-3068546075345965716151,11879655576538318002,0x53f548b5e6c061a1dd26c80a611e71300d288b4475701179439fe1d0e6ead232
0x238a358808379702088667322f80ac48bad5e6c4,1782777683,107153446,1326535449126854526062,202881451339673192450,0xfb590203c42e31d99975d4e8a3e31806a9d4e0ba4e2c417c291c103416d81971
0x238a358808379702088667322f80ac48bad5e6c4,1782777683,107153446,-3136043362614303192121,67497287268337475970,0xfb590203c42e31d99975d4e8a3e31806a9d4e0ba4e2c417c291c103416d81971
0x238a358808379702088667322f80ac48bad5e6c4,1782777683,107153446,-211165886814235378091209809,211165886814235378091209809,0x86563584f2c762b58b9e81e730bd41812a559b978eb6106c99c6af9bd1ebf669
0x238a358808379702088667322f80ac48bad5e6c4,1782777683,107153446,-43541815922878127999051,90552295455896597803,0x4ebe2373df1d3d852d5710efa9fe09ad59c06714d43e3d7ac8146f780152a110
0x238a358808379702088667322f80ac48bad5e6c4,1782777683,107153446,-43491815922878127999051,50000000000000000000,0xb1a927e7012965ebca0b0a658b6dcbfd197ea53acafac5a5a24209305a9a1831
0x238a358808379702088667322f80ac48bad5e6c4,1782777683,107153446,1507386202610438526062,180850753483584000000,0x6a56a9e5de86a8ffc5274652aed1d77d824a4ca6597a4d91555329aef6648188
0x238a358808379702088667322f80ac48bad5e6c4,1782777683,107153446,-3196218625185640898181,60175262571337706060,0x6a56a9e5de86a8ffc5274652aed1d77d824a4ca6597a4d91555329aef6648188
0x238a358808379702088667322f80ac48bad5e6c4,1782777683,107153446,3061824235704400417906,527353535861463000000,0x40c037bd24ee5c079166ad7ab48cc030d07df001a2749a991970316f4a969d2c
0x238a358808379702088667322f80ac48bad5e6c4,1782777683,107153446,-43518281465933575354982,26465543055447355931,0x40c037bd24ee5c079166ad7ab48cc030d07df001a2749a991970316f4a969d2c
0x238a358808379702088667322f80ac48bad5e6c4,1782777683,107153446,-43446096861662238845973,72184604271336509009,0x67d987140bb4fc9afd44e01aba19e26f1f31f80b75c65034c336685395b3df6c
0x238a358808379702088667322f80ac48bad5e6c4,1782777683,107153446,-972288671886867645828886,2713695222684808670383,0x67d987140bb4fc9afd44e01aba19e26f1f31f80b75c65034c336685395b3df6c
0x238a358808379702088667322f80ac48bad5e6c4,1782777683,107153446,-5744789765437546807933,365920642147280432777,0x9c4af153cf815adac95f13026812ca3c7b05487294c8a36caf55502705222f71
0x238a358808379702088667322f80ac48bad5e6c4,1782777683,107153446,-43416796511322695197700,29300350339543648273,0x9c4af153cf815adac95f13026812ca3c7b05487294c8a36caf55502705222f71
0x238a358808379702088667322f80ac48bad5e6c4,1782777683,107153446,-1110068430392837135361,8004551077581735927,0xb1a927e7012965ebca0b0a658b6dcbfd197ea53acafac5a5a24209305a9a1831
0x238a358808379702088667322f80ac48bad5e6c4,1782777684,107153447,-43460206522012336295810,43410010689641098110,0xd7b74a8531528315dbca1d2c25ee413b3ff6bd9a3be66c3fd1e0dd84ee5a193e
0x238a358808379702088667322f80ac48bad5e6c4,1782777684,107153447,-21445664148996237569660,418154060330964000000,0xd7b74a8531528315dbca1d2c25ee413b3ff6bd9a3be66c3fd1e0dd84ee5a193e
0x238a358808379702088667322f80ac48bad5e6c4,1782777684,107153447,-6049431465246524219906,700000000000000000000,0x44800d3072da0c5abff10f802e227ca145efdafb042409ee1b34654334fc90a3
0x238a358808379702088667322f80ac48bad5e6c4,1782777684,107153447,-1118067090315699742823,7998659922862607462,0x561a26444b48bb5a17d4acac86b99438caffd0c1f366d5cc681725ad06ca305d
0x238a358808379702088667322f80ac48bad5e6c4,1782777684,107153447,-43332869283321997264312,127337238690339031498,0x44800d3072da0c5abff10f802e227ca145efdafb042409ee1b34654334fc90a3
0x238a358808379702088667322f80ac48bad5e6c4,1782777684,107153447,-7549432748664683213636,1500001283418158993730,0xac95cdd2711c1e3a191a5aa5fd90b94c2f8ed831025f2082bdf11211195f1d99
0x238a358808379702088667322f80ac48bad5e6c4,1782777684,107153447,-43282869283321997264312,50000000000000000000,0x561a26444b48bb5a17d4acac86b99438caffd0c1f366d5cc681725ad06ca305d
0x238a358808379702088667322f80ac48bad5e6c4,1782777684,107153448,-5721521147591456137685,23268617846090670248,0x94007d78f78a663d10553b9947d0bd1dd4dfd84b993b571642388ca5074208a8
0x238a358808379702088667322f80ac48bad5e6c4,1782777684,107153448,-43284732190703170525027,1862907381173260715,0x94007d78f78a663d10553b9947d0bd1dd4dfd84b993b571642388ca5074208a8
0x238a358808379702088667322f80ac48bad5e6c4,1782777684,107153448,-43597732052828289683115,312999862125119158088,0x8634c82164c4219bbcf631ac13fae3b7e1a7193291a3aa883a376f5c4560b541
0x238a358808379702088667322f80ac48bad5e6c4,1782777684,107153448,7925917323576249229136,792505517335247559596,0x8634c82164c4219bbcf631ac13fae3b7e1a7193291a3aa883a376f5c4560b541
0x238a358808379702088667322f80ac48bad5e6c4,1782777684,107153448,3363892381993684417906,302068146289284000000,0x2e67d838471d34598a6997be54f6ecf137f0f2ad32587802c9439c9baa607c7b
0x238a358808379702088667322f80ac48bad5e6c4,1782777684,107153448,-30325200706707758302369,16034959842906874487623,0x17462aa1f57b1ce261819ec387c93a2a4bfc8920ea292df3b94baaedee3ea97d
0x238a358808379702088667322f80ac48bad5e6c4,1782777684,107153448,-43580490905812565239115,17241147015724444000,0x17462aa1f57b1ce261819ec387c93a2a4bfc8920ea292df3b94baaedee3ea97d
0x238a358808379702088667322f80ac48bad5e6c4,1782777684,107153448,-43681616067638618769192,101125161826053530077,0x447b8b308691a30ecc9e0ad7a43f9e512f6cb1363df839ba08ecd549faed6c67
0x238a358808379702088667322f80ac48bad5e6c4,1782777684,107153448,-20471453012703191569660,974211136293046000000,0x447b8b308691a30ecc9e0ad7a43f9e512f6cb1363df839ba08ecd549faed6c67
0x238a358808379702088667322f80ac48bad5e6c4,1782777684,107153448,7944435856787783429136,18518533211534200000,0xf33c5ed36705629b39d649ebff4c535dc172aafadd802972c283adaebccae16f
0x238a358808379702088667322f80ac48bad5e6c4,1782777684,107153448,-43688928034704012061153,7311967065393291961,0xf33c5ed36705629b39d649ebff4c535dc172aafadd802972c283adaebccae16f
0x238a358808379702088667322f80ac48bad5e6c4,1782777684,107153448,-43704083280124017162903,15155245420005101750,0x2e67d838471d34598a6997be54f6ecf137f0f2ad32587802c9439c9baa607c7b
0x238a358808379702088667322f80ac48bad5e6c4,1782777685,107153449,-424012303160497969187,76479502054479344884,0x1b534202ef34fe9bf943fc64d63bffe45f778591df04505a6a146a1153062267
0x238a358808379702088667322f80ac48bad5e6c4,1782777685,107153449,-43804102752991418366579,100019472867401203676,0xce088d208e1c40da1eca6e8f8e8e8367464fb1fc6093c498ac7407c5273f41e2
0x238a358808379702088667322f80ac48bad5e6c4,1782777685,107153449,-43431658309187422495275,372444443803995871304,0xd232a76a3f78e40dd164504597786d217c5336654a371266b380c898caceb371
0x238a358808379702088667322f80ac48bad5e6c4,1782777685,107153449,-910892279532749435125,486879976372251465938,0xd232a76a3f78e40dd164504597786d217c5336654a371266b380c898caceb371
0x238a358808379702088667322f80ac48bad5e6c4,1782777685,107153449,-878215334806229505223,32676944726519929902,0x993a007a5bbf473a472d0bde818fecbcc0dcec2457366eefa60240c5fbd78caf
0x238a358808379702088667322f80ac48bad5e6c4,1782777685,107153449,-6073581480014153878252,352060332422697740567,0x9a05a8257e7e12dcd60980a5c8f6e73926b097afda5e40ca1dcd526cbeb4fa8f
0x238a358808379702088667322f80ac48bad5e6c4,1782777685,107153449,-43403465153217260395275,28193155970162100000,0x9a05a8257e7e12dcd60980a5c8f6e73926b097afda5e40ca1dcd526cbeb4fa8f
0x238a358808379702088667322f80ac48bad5e6c4,1782777685,107153449,-43428487311892170586860,25022158674910191585,0x993a007a5bbf473a472d0bde818fecbcc0dcec2457366eefa60240c5fbd78caf
0x238a358808379702088667322f80ac48bad5e6c4,1782777685,107153449,-20241280270791197569660,230172741911994000000,0x5038393b47edde86278efc29c694f3487bd5855df79b6cb92dd98ec35e64a88b
0x238a358808379702088667322f80ac48bad5e6c4,1782777685,107153449,-43452377468766819490113,23890156874648903253,0x5038393b47edde86278efc29c694f3487bd5855df79b6cb92dd98ec35e64a88b
0x238a358808379702088667322f80ac48bad5e6c4,1782777685,107153449,-1201578281079770940003,323362946273541434780,0x36a3678c03c3ca0e50d0a80566201adbb19b86ac37023f6df8aba083c79f0f61
0x238a358808379702088667322f80ac48bad5e6c4,1782777685,107153449,9534490557741804347171,1590054700954020918035,0x3dbcdd8f716681c0924c774ecebf5ccfb02bdd6b029300d102801b265f4c5492
0x238a358808379702088667322f80ac48bad5e6c4,1782777685,107153449,-44079876806751913819333,627499337985094329220,0x3dbcdd8f716681c0924c774ecebf5ccfb02bdd6b029300d102801b265f4c5492
0x238a358808379702088667322f80ac48bad5e6c4,1782777685,107153449,-44021351334352566019336,58525472399347799997,0x1b534202ef34fe9bf943fc64d63bffe45f778591df04505a6a146a1153062267
0x238a358808379702088667322f80ac48bad5e6c4,1782777685,107153449,-43788867101560574059336,232484232791991960000,0x078f74f93abe41f25c4b212ac7885266fdfe18c8f60bd6b07ce940feae3330ce
0x238a358808379702088667322f80ac48bad5e6c4,1782777685,107153449,-1505306694045699624953,303728412965928684950,0x078f74f93abe41f25c4b212ac7885266fdfe18c8f60bd6b07ce940feae3330ce
0x238a358808379702088667322f80ac48bad5e6c4,1782777685,107153450,-43816666920754615581168,27799819194041521832,0x01c12b0adbb9183dfd6b4dc841ffd881dc656050e170b800f6973903ddb18358
0x238a358808379702088667322f80ac48bad5e6c4,1782777685,107153450,-43689323991751902269090,127342929002713312078,0xa5d2943ba2c5875550c3932fd0c6cff3285ff03f08ba36ff9a79137a40d99b49
0x238a358808379702088667322f80ac48bad5e6c4,1782777685,107153450,-32115711826254176948713,1790511119546418646344,0x88a07747bd1ffc3faf64436c00b9bed3982d5d0e1b8892bd02da7a85ddcfe9ed
0x238a358808379702088667322f80ac48bad5e6c4,1782777685,107153450,-43687397901556475418786,1926090195426850304,0x88a07747bd1ffc3faf64436c00b9bed3982d5d0e1b8892bd02da7a85ddcfe9ed
0x238a358808379702088667322f80ac48bad5e6c4,1782777685,107153450,-43637397901556475418786,50000000000000000000,0xd774e5e6a80cb5f0b8cf2f55a61d9d09a17e4a1fdfcd6ade0941cc4a1b480507
0x238a358808379702088667322f80ac48bad5e6c4,1782777685,107153450,-961385704201925763586501,10902967684941882242385,0x03f64f429793332619534c241780b301279a9ff55b7ccddb6bf578178f1d9b7d
0x238a358808379702088667322f80ac48bad5e6c4,1782777685,107153450,-1126048115743536552535,7981025427836809712,0xd774e5e6a80cb5f0b8cf2f55a61d9d09a17e4a1fdfcd6ade0941cc4a1b480507
0x238a358808379702088667322f80ac48bad5e6c4,1782777685,107153450,-959932203305495910887237,1453500896429852699264,0x3af095897308b8140b3154b1d4adb9ac28a61954461aceb5914994436d0eda11
0x238a358808379702088667322f80ac48bad5e6c4,1782777685,107153450,-43676026195067233390741,38628293510757971955,0x3af095897308b8140b3154b1d4adb9ac28a61954461aceb5914994436d0eda11
0x238a358808379702088667322f80ac48bad5e6c4,1782777685,107153450,-43965907200961346131794,289881005894112741053,0x03f64f429793332619534c241780b301279a9ff55b7ccddb6bf578178f1d9b7d
0x238a358808379702088667322f80ac48bad5e6c4,1782777685,107153450,-8249432748664683213636,700000000000000000000,0xa5d2943ba2c5875550c3932fd0c6cff3285ff03f08ba36ff9a79137a40d99b49
0x238a358808379702088667322f80ac48bad5e6c4,1782777685,107153450,3918146248139853417906,554253866146169000000,0x01c12b0adbb9183dfd6b4dc841ffd881dc656050e170b800f6973903ddb18358
0x238a358808379702088667322f80ac48bad5e6c4,1782777685,107153450,-1134035012851080361734,7986897107543809199,0x3b656ec5e97586ce74820b60d87367efa88efae9f001f757765996c1bd423e1f
0x238a358808379702088667322f80ac48bad5e6c4,1782777685,107153450,-43915907200961346131794,50000000000000000000,0x3b656ec5e97586ce74820b60d87367efa88efae9f001f757765996c1bd423e1f
0x238a358808379702088667322f80ac48bad5e6c4,1782777685,107153450,-1142027788120451144389,7992775269370782655,0xb2537a74e05495510871903258cfdd0e32a67c6cba8cf9fc37dc8cb512cdc5f2
0x238a358808379702088667322f80ac48bad5e6c4,1782777685,107153450,-43865907200961346131794,50000000000000000000,0xb2537a74e05495510871903258cfdd0e32a67c6cba8cf9fc37dc8cb512cdc5f2
0x238a358808379702088667322f80ac48bad5e6c4,1782777685,107153450,-43865224251665038370922,682949296307760872,0x1babf2bc4039eb6587fefbf34f53162287998fe5eab770a8f4bbbcd12d7c09f8
0x238a358808379702088667322f80ac48bad5e6c4,1782777685,107153450,-43969393682064916996458,104169430399878625536,0x62aa31b1efa13aab15727a761ca705afefb653d15ccf632a6702744f8f047d9f
0x238a358808379702088667322f80ac48bad5e6c4,1782777685,107153450,-19237549562857337569660,1003730707933860000000,0x62aa31b1efa13aab15727a761ca705afefb653d15ccf632a6702744f8f047d9f
0x238a358808379702088667322f80ac48bad5e6c4,1782777686,107153451,-962093321706365407163921,2161118400869496276684,0xd8748989e140fb2cbbf6885b6ece42c7af1edf7e88bcbc2cfa520166b51b5f19
0x238a358808379702088667322f80ac48bad5e6c4,1782777686,107153451,-43986122827538177329954,16729145473260333496,0xe1e153ece215404114598c29b0d15aebbbcc0e01742bea085f83f797c06b6db9
0x238a358808379702088667322f80ac48bad5e6c4,1782777686,107153451,-43985973700790143046139,149126748034283815,0x62080de777308929694fff14f33e5e8e507b5f40b7b1a68ffdcfd39784754467
0x238a358808379702088667322f80ac48bad5e6c4,1782777686,107153451,9534112557462837260685,378000278967086486,0x62080de777308929694fff14f33e5e8e507b5f40b7b1a68ffdcfd39784754467
0x238a358808379702088667322f80ac48bad5e6c4,1782777686,107153451,-43935973700790143046139,50000000000000000000,0xa3a1b81e3aa3b76b338831161d5ff61dc94293103bf47a80bd54f218d461a279
0x238a358808379702088667322f80ac48bad5e6c4,1782777686,107153451,-1150002948341173587384,7975160220722442995,0xa3a1b81e3aa3b76b338831161d5ff61dc94293103bf47a80bd54f218d461a279
0x238a358808379702088667322f80ac48bad5e6c4,1782777686,107153451,-957693446111286478270388,4399875595078928893533,0x7fc327ab82e78674b85f7b6bf5d1a3b5c64a92deaaac775ae206479bcde5e8fd
0x238a358808379702088667322f80ac48bad5e6c4,1782777686,107153451,-44052787655029254133286,116813954239111087147,0x7fc327ab82e78674b85f7b6bf5d1a3b5c64a92deaaac775ae206479bcde5e8fd
0x238a358808379702088667322f80ac48bad5e6c4,1782777686,107153451,-959735486329166231420749,2042040217879753150361,0xf8bb7797f9a07fea44c208e7464a9d7d9ae21298342d7f7fd66bc8e267b3ba09
0x238a358808379702088667322f80ac48bad5e6c4,1782777686,107153451,-43998560996180561073476,54226658848693059810,0xf8bb7797f9a07fea44c208e7464a9d7d9ae21298342d7f7fd66bc8e267b3ba09
0x238a358808379702088667322f80ac48bad5e6c4,1782777686,107153451,-960638759291621211199574,903272962454979778825,0xf8bb7797f9a07fea44c208e7464a9d7d9ae21298342d7f7fd66bc8e267b3ba09
0x238a358808379702088667322f80ac48bad5e6c4,1782777686,107153451,-19201023762463701869660,36525800393635700000,0xf5c5b74e8c1b97a0b3e60af777693cb0db36d350861aefb6ac14eb2f17c0058c
0x238a358808379702088667322f80ac48bad5e6c4,1782777686,107153451,-44002351416614784885153,3790420434223811677,0xf5c5b74e8c1b97a0b3e60af777693cb0db36d350861aefb6ac14eb2f17c0058c
0x238a358808379702088667322f80ac48bad5e6c4,1782777686,107153451,-44020218509825263376929,17867093210478491776,0xe66a8d561cae24dea0f5cb52e57144a9d48e425f4fc1325540b58730ae1e4703
0x238a358808379702088667322f80ac48bad5e6c4,1782777686,107153451,-14613117587929877616618,205554280620146987886,0xe1e153ece215404114598c29b0d15aebbbcc0e01742bea085f83f797c06b6db9
0x238a358808379702088667322f80ac48bad5e6c4,1782777686,107153451,-44032626087467810474435,12407577642547097506,0xe66a8d561cae24dea0f5cb52e57144a9d48e425f4fc1325540b58730ae1e4703
0x238a358808379702088667322f80ac48bad5e6c4,1782777686,107153451,297311774043495808,297311774043495808,0x62080de777308929694fff14f33e5e8e507b5f40b7b1a68ffdcfd39784754467
0x238a358808379702088667322f80ac48bad5e6c4,1782777686,107153451,0,297311774043495808,0x62080de777308929694fff14f33e5e8e507b5f40b7b1a68ffdcfd39784754467
0x238a358808379702088667322f80ac48bad5e6c4,1782777686,107153451,-44008637117865097287696,23988969602713186739,0xf8bb7797f9a07fea44c208e7464a9d7d9ae21298342d7f7fd66bc8e267b3ba09
0x238a358808379702088667322f80ac48bad5e6c4,1782777686,107153451,-43958637117865097287696,50000000000000000000,0x3087e146b3d7ad3ef7aae56c2fc626e2820032062ecbeaed2759bed0cd5fe198
0x238a358808379702088667322f80ac48bad5e6c4,1782777686,107153451,-1157972249817864452766,7969301476690865382,0xb4749ac329f1264ea8289fed3c51f9ca1dcf4e0836f6d9372396520a78713d9b
0x238a358808379702088667322f80ac48bad5e6c4,1782777686,107153451,-1165935699004114144957,7963449186249692191,0x3087e146b3d7ad3ef7aae56c2fc626e2820032062ecbeaed2759bed0cd5fe198
0x238a358808379702088667322f80ac48bad5e6c4,1782777686,107153451,-43908637117865097287696,50000000000000000000,0xb4749ac329f1264ea8289fed3c51f9ca1dcf4e0836f6d9372396520a78713d9b
0x238a358808379702088667322f80ac48bad5e6c4,1782777686,107153451,-946041949410413328342558,14596809881207882857016,0x43b8e3ba538ddf44ea01d48b28e77e010c016e86b5c554fc7485a5127fb4b363
0x238a358808379702088667322f80ac48bad5e6c4,1782777686,107153451,-44296348196236627488887,387711078371530201191,0x43b8e3ba538ddf44ea01d48b28e77e010c016e86b5c554fc7485a5127fb4b363
0x238a358808379702088667322f80ac48bad5e6c4,1782777686,107153451,-93137121095540,93137121095540,0x62080de777308929694fff14f33e5e8e507b5f40b7b1a68ffdcfd39784754467
0x238a358808379702088667322f80ac48bad5e6c4,1782777686,107153451,-44238964908948129191482,57383287288498297405,0xd8748989e140fb2cbbf6885b6ece42c7af1edf7e88bcbc2cfa520166b51b5f19
0x238a358808379702088667322f80ac48bad5e6c4,1782777686,107153451,9534490557741804347171,378000278967086486,0x62080de777308929694fff14f33e5e8e507b5f40b7b1a68ffdcfd39784754467
0x238a358808379702088667322f80ac48bad5e6c4,1782777686,107153452,-946413632181530789583302,371682771117461240744,0x6244b44510f138562179ce35242490d2290267a03ed46802b2bf90fdded6ee52
0x238a358808379702088667322f80ac48bad5e6c4,1782777686,107153452,-44200584793106992791482,38380115841136400000,0x330e5d4648024558a1637ea351bea32ec532e9f401eafca03b1ee21103165be1
0x238a358808379702088667322f80ac48bad5e6c4,1782777686,107153452,-6552795258827831326711,479213778813677448459,0x330e5d4648024558a1637ea351bea32ec532e9f401eafca03b1ee21103165be1
0x238a358808379702088667322f80ac48bad5e6c4,1782777686,107153452,-44397134485097532734683,196549691990539943201,0x507f4ebd9fa7147883dd14e6cc829b8cbc0b0725c28f157129580056394804a5
0x238a358808379702088667322f80ac48bad5e6c4,1782777686,107153452,-44577721543980868783746,180587058883336049063,0x2516f9a53dd1c3134741af9b3abbc31661363f914f922df4d09b87c1a20c0a12
0x238a358808379702088667322f80ac48bad5e6c4,1782777686,107153452,-44567851543980868783746,9870000000000000000,0x6244b44510f138562179ce35242490d2290267a03ed46802b2bf90fdded6ee52
0x238a358808379702088667322f80ac48bad5e6c4,1782777686,107153452,158096263587281752688,1990731775966926655722,0xa973f958605a7a1162a90251dc13cac0c04dd6aef879f86dc084a883fe2785e7
0x238a358808379702088667322f80ac48bad5e6c4,1782777686,107153452,-44801542316502810454695,233690772521941670949,0xa973f958605a7a1162a90251dc13cac0c04dd6aef879f86dc084a883fe2785e7
0x238a358808379702088667322f80ac48bad5e6c4,1782777687,107153453,-938896346826423128280408,7517285355107661302894,0x4726c6bc250a7598cd02bdfeefee4c7244992addfe989d6e74b268d22f0a4600
0x238a358808379702088667322f80ac48bad5e6c4,1782777687,107153453,-45001074508931845750352,199532192429035295657,0x4726c6bc250a7598cd02bdfeefee4c7244992addfe989d6e74b268d22f0a4600
0x238a358808379702088667322f80ac48bad5e6c4,1782777687,107153453,-720596118,45188584,0x982e19f25acde7d013ab204dbf2274751b4f2433405f573c0991367b5958fa50
0x238a358808379702088667322f80ac48bad5e6c4,1782777687,107153453,-3171610908985571634263,24607716200069263918,0x982e19f25acde7d013ab204dbf2274751b4f2433405f573c0991367b5958fa50
0x238a358808379702088667322f80ac48bad5e6c4,1782777687,107153453,-44918247462341963141863,82827046589882608489,0x90922a38c2969c429dafb93c1d5e989953a6e764c52c37ebe33ab09141f0a4da
0x238a358808379702088667322f80ac48bad5e6c4,1782777687,107153453,-942016672714291378599761,3120325887868250319353,0x90922a38c2969c429dafb93c1d5e989953a6e764c52c37ebe33ab09141f0a4da
0x238a358808379702088667322f80ac48bad5e6c4,1782777687,107153454,-44962468144958964818539,44220682617001676676,0xdf6d4672b3b842412b4a3dffd54508005e168837af35dbf5eac9c822ec61804b
0x238a358808379702088667322f80ac48bad5e6c4,1782777687,107153454,-13465479881260307616618,1147637706669570000000,0x3177ce21a6d5e0d9d8dfde3dbc58f1345ec79d761e104694bd369e0107578d5e
0x238a358808379702088667322f80ac48bad5e6c4,1782777687,107153454,-45055862786133554571103,93394641174589752564,0x3177ce21a6d5e0d9d8dfde3dbc58f1345ec79d761e104694bd369e0107578d5e
0x238a358808379702088667322f80ac48bad5e6c4,1782777687,107153454,-45316510544250405756316,260647758116851185213,0x33fc09193333e4e9360ab9dfdea2c61a6d5b3d4928d457e6b8405e953ac9a651
0x238a358808379702088667322f80ac48bad5e6c4,1782777687,107153454,-940350509734853747695026,1666162979437630904735,0xdf6d4672b3b842412b4a3dffd54508005e168837af35dbf5eac9c822ec61804b
0x238a358808379702088667322f80ac48bad5e6c4,1782777687,107153455,-45338616299587877311043,22105755337471554727,0xec4703c834c65f8e2cab1b40ef3db7c71c8e726dc9d2ff92613ba68ca5056434
0x238a358808379702088667322f80ac48bad5e6c4,1782777687,107153455,-45211379655629289005812,127236643958588305231,0xbabf4abfab3d04e2afb374e6e2560770986068d23727c2f09b99023294358977
0x238a358808379702088667322f80ac48bad5e6c4,1782777687,107153455,-45168915592237997989860,42464063391291015952,0xfd38ce04491c39f36cea3f92dc3231891e64a360dea43bbbd272392fe3c8b78f
0x238a358808379702088667322f80ac48bad5e6c4,1782777687,107153455,-2626085252972362868556,152864850687867389316,0xfd38ce04491c39f36cea3f92dc3231891e64a360dea43bbbd272392fe3c8b78f
0x238a358808379702088667322f80ac48bad5e6c4,1782777687,107153455,-8949432748664683213636,700000000000000000000,0xbabf4abfab3d04e2afb374e6e2560770986068d23727c2f09b99023294358977
0x238a358808379702088667322f80ac48bad5e6c4,1782777687,107153455,4359022934819920417906,440876686680067000000,0xec4703c834c65f8e2cab1b40ef3db7c71c8e726dc9d2ff92613ba68ca5056434
0x238a358808379702088667322f80ac48bad5e6c4,1782777687,107153455,-10432138642723058457334,3033341238537249159284,0x7a41e5c2ff3c36f7c1be1893e7a9d866160dec287ea4dc6cc98fadf192dbe82d
0x238a358808379702088667322f80ac48bad5e6c4,1782777687,107153455,-45415715774777379084077,246800182539381094217,0x7a41e5c2ff3c36f7c1be1893e7a9d866160dec287ea4dc6cc98fadf192dbe82d
0x238a358808379702088667322f80ac48bad5e6c4,1782777688,107153456,-772005410,51409292,0x617121bbd662fc73051c71704a5f98d4142490645b7e784980a25adbd2b8a0a0
0x238a358808379702088667322f80ac48bad5e6c4,1782777688,107153456,-3138530310118333938836,33080598867237695427,0x1d6f7e88e0f34b9c6f5da90c6710cc0d94613c938706640a5148195f5b60ab49
0x238a358808379702088667322f80ac48bad5e6c4,1782777688,107153456,-3110524433664216538836,28005876454117400000,0x617121bbd662fc73051c71704a5f98d4142490645b7e784980a25adbd2b8a0a0
0x238a358808379702088667322f80ac48bad5e6c4,1782777688,107153456,-45365715774777379084077,50000000000000000000,0xe47ccbcb46f8b3fd64da4cd534a0baa0568038fc673848362ac7643c434b4c6b
0x238a358808379702088667322f80ac48bad5e6c4,1782777688,107153456,-1173893302344038104235,7957603339923959278,0xe47ccbcb46f8b3fd64da4cd534a0baa0568038fc673848362ac7643c434b4c6b
0x238a358808379702088667322f80ac48bad5e6c4,1782777688,107153456,1450933352495531006051,23708411190804972525,0x0bf91f47e6eef870650de7dc7b2d1666d53aabcbb198deab015f2dcd39b281a5
0x238a358808379702088667322f80ac48bad5e6c4,1782777688,107153456,-45430755465340464927155,65039690563085843078,0x0bf91f47e6eef870650de7dc7b2d1666d53aabcbb198deab015f2dcd39b281a5
0x238a358808379702088667322f80ac48bad5e6c4,1782777688,107153456,-832703402,60697992,0x1d6f7e88e0f34b9c6f5da90c6710cc0d94613c938706640a5148195f5b60ab49
0x238a358808379702088667322f80ac48bad5e6c4,1782777688,107153457,-10449121694275588062927,1499688945610904849291,0xefe719d3ae63e168d0e37cfd03fc281395a778e5c7c2c9c85da26b2ed20dff86
0x238a358808379702088667322f80ac48bad5e6c4,1782777688,107153457,-796394978021802309614,954491241609084062302,0x406cb88c7528ada38ba06a1c1471d829fffafdad66b410278b3df889642acd28
0x238a358808379702088667322f80ac48bad5e6c4,1782777688,107153457,-64701401608844124136521,275557849828945193719,0x95405a5a696591cff0e831e369cdb98aee063e2dd9437382770f745bc4f91795
0x238a358808379702088667322f80ac48bad5e6c4,1782777688,107153457,-45504713513147313588153,73958047806848660998,0xc44251fbdd53974b84a3eaca94d09168075ca27328146319e5b29341b408c8c7
0x238a358808379702088667322f80ac48bad5e6c4,1782777688,107153457,-45392656354011171531116,112057159136142057037,0x406cb88c7528ada38ba06a1c1471d829fffafdad66b410278b3df889642acd28
0x238a358808379702088667322f80ac48bad5e6c4,1782777688,107153457,-57151554711225383712703,7549846897618740423818,0x6736a806ad5cd84aadc3be1200e1cf43bc5152da775fea60fbf269ef5dfd6f74
0x238a358808379702088667322f80ac48bad5e6c4,1782777688,107153457,-54858656564316489772059,2292898146908893940644,0xc44251fbdd53974b84a3eaca94d09168075ca27328146319e5b29341b408c8c7
0x238a358808379702088667322f80ac48bad5e6c4,1782777688,107153457,-45636126718876206474907,243470364865034943791,0x6736a806ad5cd84aadc3be1200e1cf43bc5152da775fea60fbf269ef5dfd6f74
0x238a358808379702088667322f80ac48bad5e6c4,1782777688,107153457,-45645014442691223316600,8887723815016841693,0x95405a5a696591cff0e831e369cdb98aee063e2dd9437382770f745bc4f91795
0x238a358808379702088667322f80ac48bad5e6c4,1782777689,107153458,-45905863350258838642869,260848907567615326269,0xc705c5e7e754c4b69cbc88bf6f8d4ac577aaea1ba80583336313e572ff2c4112
0x238a358808379702088667322f80ac48bad5e6c4,1782777689,107153458,-45805596565019011642869,100266785239827000000,0x90c9e188ef0892749a0c2d7e427b5dda1e3c8189ee6e458f6d5c217579aa7810
0x238a358808379702088667322f80ac48bad5e6c4,1782777689,107153458,-46032000583491822249983,226404018472810607114,0x0dad304d4a9a0a41dab6dc0af552ff70c6b506d0bf923887057b27d83447a90e
0x238a358808379702088667322f80ac48bad5e6c4,1782777689,107153458,-46099718134777106627380,67717551285284377397,0x74a827a74d8a47f8c07d2c618c4eb256c8a2e0d0947a55a86c5e14799b1c83dc
0x238a358808379702088667322f80ac48bad5e6c4,1782777689,107153458,-46133849703640198586101,34131568863091958721,0xf221fe72c530dc087bfb865e6de4c564ab92c8406d14adc917ce7a0e7d5cb8ed
0x238a358808379702088667322f80ac48bad5e6c4,1782777689,107153458,-3086640426757422038836,23884006906794500000,0xe8567c98c57aade2b209059a84e4b3ed46398c91fc8f0e30e12bfd2acd39f836
0x238a358808379702088667322f80ac48bad5e6c4,1782777689,107153458,2962969795026155648677,12844617076743278591884,0x0dad304d4a9a0a41dab6dc0af552ff70c6b506d0bf923887057b27d83447a90e
0x238a358808379702088667322f80ac48bad5e6c4,1782777689,107153458,-501159862949029182547,257865614889263000000,0xf221fe72c530dc087bfb865e6de4c564ab92c8406d14adc917ce7a0e7d5cb8ed
0x238a358808379702088667322f80ac48bad5e6c4,1782777689,107153458,595760370804778651525,212152935335583279127,0x337c464670fff8f08c0953798dab1584857c25bfdd959f99a0ccab5bc7236692
0x238a358808379702088667322f80ac48bad5e6c4,1782777689,107153458,-876508999,43805597,0xe8567c98c57aade2b209059a84e4b3ed46398c91fc8f0e30e12bfd2acd39f836
0x238a358808379702088667322f80ac48bad5e6c4,1782777689,107153458,-949988362088618137121542,9637852353764389426516,0x123b3376f11cd8cbef6f54a2664c35385dbaed082fcbdaaee0139b8108882078
0x238a358808379702088667322f80ac48bad5e6c4,1782777689,107153458,-45877936089792857346101,255913613847341240000,0x123b3376f11cd8cbef6f54a2664c35385dbaed082fcbdaaee0139b8108882078
0x238a358808379702088667322f80ac48bad5e6c4,1782777689,107153458,4789174458908420234294,7511797030985049025293,0x90c9e188ef0892749a0c2d7e427b5dda1e3c8189ee6e458f6d5c217579aa7810
0x238a358808379702088667322f80ac48bad5e6c4,1782777689,107153459,-45763954815792857354293,113981273999999991808,0x34fcc2e6475151741ec9ee1d4f5b23a279ec9a141fbccec888b9f774662687df
0x238a358808379702088667322f80ac48bad5e6c4,1782777689,107153459,-3065444583331759638836,21195843425662400000,0x8bb2d3a23ca2e36232fac737e4a81399e8d1e3face7cf46b3dad449bbc2978c2
0x238a358808379702088667322f80ac48bad5e6c4,1782777689,107153459,-915371599,38862600,0x8bb2d3a23ca2e36232fac737e4a81399e8d1e3face7cf46b3dad449bbc2978c2
0x238a358808379702088667322f80ac48bad5e6c4,1782777689,107153459,-45636689208364090005093,127265607428767349200,0x89ada816e19ee199c229771dd2fa9dfe9a06d0a9ed0a8646dd1b7d58a13f2e14
0x238a358808379702088667322f80ac48bad5e6c4,1782777689,107153459,-11149121694275588062927,700000000000000000000,0x89ada816e19ee199c229771dd2fa9dfe9a06d0a9ed0a8646dd1b7d58a13f2e14
0x238a358808379702088667322f80ac48bad5e6c4,1782777689,107153459,-954278904238830608192061,4290542150212471070519,0x34fcc2e6475151741ec9ee1d4f5b23a279ec9a141fbccec888b9f774662687df
0x238a358808379702088667322f80ac48bad5e6c4,1782777690,107153460,-46162861645105173066243,526172436741083061150,0xed3a19b0431c73747c5fdef315f6f549d07f9c90cf8bdb0aca066fa44b9d1424
0x238a358808379702088667322f80ac48bad5e6c4,1782777690,107153460,-953440307701595572763048,838596537235035429013,0xfa8eee5c429f7a478cad9fc901bf6819520dd8622e448aeae162a3573deab728
0x238a358808379702088667322f80ac48bad5e6c4,1782777690,107153460,-46112861645105173066243,50000000000000000000,0xc79eb41c633699ccb26e8c22510df5b8a3f5f71d616136474d0ac2bdafd60ef4
0x238a358808379702088667322f80ac48bad5e6c4,1782777690,107153460,-1181845066272294188920,7951763928256084685,0xc79eb41c633699ccb26e8c22510df5b8a3f5f71d616136474d0ac2bdafd60ef4
0x238a358808379702088667322f80ac48bad5e6c4,1782777690,107153460,-933619340343557467074850,19820967358038105688198,0xed3a19b0431c73747c5fdef315f6f549d07f9c90cf8bdb0aca066fa44b9d1424
0x238a358808379702088667322f80ac48bad5e6c4,1782777690,107153460,-935912300259398569773649,2292959915841102698799,0x19afc7dfb29b9863bf415d5a108a51d3fd025e8bfd70d0672508cdba81f5fb8c
0x238a358808379702088667322f80ac48bad5e6c4,1782777690,107153460,-46052016808761282665142,60844836343890401101,0x19afc7dfb29b9863bf415d5a108a51d3fd025e8bfd70d0672508cdba81f5fb8c
0x238a358808379702088667322f80ac48bad5e6c4,1782777690,107153460,-937002051255355822204317,1089750995957252430668,0x2faba52cb49c579f2812e0cdbadeb75678709b0307d30d03365171a1b43905ca
0x238a358808379702088667322f80ac48bad5e6c4,1782777690,107153460,-46023098024807223022997,28918783954059642145,0x2faba52cb49c579f2812e0cdbadeb75678709b0307d30d03365171a1b43905ca
0x238a358808379702088667322f80ac48bad5e6c4,1782777690,107153460,-46045347310262268475886,22249285455045452889,0xfa8eee5c429f7a478cad9fc901bf6819520dd8622e448aeae162a3573deab728
